id,nuts2,nuts2_method
AT_1,AT31,inside
AT_10,AT12,inside
AT_100,AT22,inside
AT_101,AT22,inside
AT_102,AT31,inside
AT_103,AT21,inside
AT_104,AT22,inside
AT_105,AT32,inside
AT_106,AT12,inside
AT_107,AT21,inside
AT_108,AT22,inside
AT_109,AT22,inside
AT_11,AT31,inside
AT_110,AT22,inside
AT_111,AT22,inside
AT_112,AT12,inside
AT_113,AT12,inside
AT_114,AT12,inside
AT_115,AT22,inside
AT_116,AT31,inside
AT_117,AT22,inside
AT_118,AT12,inside
AT_119,AT31,inside
AT_12,AT22,inside
AT_120,AT32,inside
AT_121,AT22,inside
AT_122,AT13,inside
AT_123,AT34,inside
AT_124,AT12,inside
AT_125,AT22,inside
AT_126,AT22,inside
AT_127,AT12,inside
AT_128,AT12,inside
AT_129,AT12,inside
AT_13,AT22,inside
AT_130,AT12,inside
AT_131,AT12,inside
AT_132,AT12,inside
AT_133,AT12,inside
AT_134,AT12,inside
AT_135,AT12,inside
AT_136,AT12,inside
AT_137,AT12,inside
AT_138,AT12,inside
AT_139,AT22,inside
AT_14,AT31,inside
AT_140,AT22,inside
AT_141,AT31,inside
AT_142,AT12,inside
AT_143,AT12,inside
AT_144,AT22,inside
AT_145,AT34,inside
AT_146,AT31,inside
AT_147,AT31,inside
AT_148,AT31,inside
AT_149,AT31,inside
AT_15,AT31,inside
AT_150,AT13,inside
AT_151,AT13,inside
AT_152,AT31,inside
AT_153,AT11,inside
AT_154,AT33,inside
AT_155,AT22,inside
AT_156,AT33,inside
AT_157,AT32,inside
AT_158,AT22,inside
AT_159,AT31,inside
AT_16,AT31,inside
AT_160,AT21,inside
AT_161,AT31,inside
AT_162,AT12,inside
AT_163,AT12,inside
AT_164,AT12,inside
AT_165,AT22,inside
AT_166,AT12,inside
AT_167,AT34,inside
AT_168,AT31,inside
AT_169,AT12,inside
AT_17,AT31,inside
AT_170,AT22,inside
AT_171,AT31,inside
AT_172,AT22,inside
AT_173,AT33,inside
AT_174,AT22,inside
AT_175,AT22,inside
AT_176,AT22,inside
AT_177,AT32,inside
AT_178,AT34,inside
AT_18,AT13,inside
AT_180,AT12,inside
AT_181,AT22,inside
AT_182,AT22,inside
AT_183,AT22,inside
AT_184,HU22,inside
AT_185,AT12,inside
AT_186,AT31,inside
AT_187,AT34,inside
AT_188,AT33,inside
AT_189,AT12,inside
AT_19,AT13,inside
AT_190,AT33,inside
AT_191,AT11,inside
AT_192,AT21,inside
AT_193,AT21,inside
AT_194,AT32,inside
AT_195,AT22,inside
AT_196,AT12,inside
AT_197,AT31,inside
AT_198,AT31,inside
AT_199,AT22,inside
AT_2,AT22,inside
AT_20,AT13,inside
AT_200,AT22,inside
AT_201500,AT33,inside
AT_201648,AT12,inside
AT_201690,AT22,inside
AT_201691,AT22,inside
AT_201866,AT31,inside
AT_201868,AT31,inside
AT_201999,AT22,inside
AT_202,AT13,inside
AT_202677,AT33,inside
AT_202703,AT22,inside
AT_202778,AT22,inside
AT_203,AT32,inside
AT_204,AT12,inside
AT_205,AT12,inside
AT_205363,AT31,inside
AT_205426,AT12,inside
AT_205430,AT12,inside
AT_205431,AT13,inside
AT_205432,AT31,inside
AT_205433,AT12,inside
AT_205434,AT12,inside
AT_205435,AT21,inside
AT_205581,AT22,inside
AT_205582,AT22,inside
AT_205668,AT22,inside
AT_205701,AT22,inside
AT_205911,AT22,inside
AT_206,AT12,inside
AT_206124,AT32,inside
AT_206142,AT32,inside
AT_206144,AT12,inside
AT_206145,AT12,inside
AT_206146,AT31,inside
AT_206147,AT31,inside
AT_206157,AT31,inside
AT_206542,AT33,inside
AT_206825,AT13,inside
AT_207,AT12,inside
AT_207647,AT31,inside
AT_207681,AT33,inside
AT_208,AT31,inside
AT_209,AT22,inside
AT_21,AT13,inside
AT_210,AT22,inside
AT_210485,AT22,inside
AT_211,AT22,inside
AT_212,AT22,inside
AT_213,AT31,inside
AT_214,AT31,inside
AT_214400,AT13,inside
AT_215,AT31,inside
AT_216,AT13,inside
AT_217,AT22,inside
AT_219,AT13,inside
AT_22,AT31,inside
AT_220647,AT32,inside
AT_221,AT21,inside
AT_221968,AT22,inside
AT_222,AT12,inside
AT_223,AT22,inside
AT_225,AT22,inside
AT_225940,AT33,inside
AT_226897,AT12,inside
AT_227,AT22,inside
AT_227341,AT12,inside
AT_227381,AT21,inside
AT_228,AT33,inside
AT_23,AT12,inside
AT_231,AT31,inside
AT_232,AT12,inside
AT_233,AT22,inside
AT_234,AT12,inside
AT_235,AT22,inside
AT_236,AT31,inside
AT_24,AT12,inside
AT_25,AT31,inside
AT_26,AT12,inside
AT_27,AT13,inside
AT_28,AT13,inside
AT_29,AT31,inside
AT_3,AT31,inside
AT_30,AT12,inside
AT_31,AT31,inside
AT_32,AT32,inside
AT_33,AT32,inside
AT_34,AT32,inside
AT_35,AT32,inside
AT_36,AT32,inside
AT_37,AT34,inside
AT_38,AT21,inside
AT_39,AT21,inside
AT_4,AT12,inside
AT_40,AT31,inside
AT_41,AT31,inside
AT_42,AT12,inside
AT_43,AT31,inside
AT_44,AT31,inside
AT_45,AT31,inside
AT_46,AT31,inside
AT_47,AT12,inside
AT_48,AT12,inside
AT_49,AT12,inside
AT_5,AT12,inside
AT_50,AT31,inside
AT_51,AT12,inside
AT_52,AT31,inside
AT_53,AT12,inside
AT_54,AT31,inside
AT_55,AT21,inside
AT_56,AT22,inside
AT_57,AT22,inside
AT_58,AT22,inside
AT_59,AT31,inside
AT_6,AT33,inside
AT_60,AT22,inside
AT_61,AT22,inside
AT_62,AT12,inside
AT_63,AT12,inside
AT_64,AT33,inside
AT_65,AT22,inside
AT_66,AT11,inside
AT_67,AT22,inside
AT_68,AT12,inside
AT_69,AT32,inside
AT_7,AT31,inside
AT_70,AT34,inside
AT_71,AT31,inside
AT_72,AT33,inside
AT_73,AT21,inside
AT_74,AT22,inside
AT_75,AT22,inside
AT_76,AT31,inside
AT_77,AT22,inside
AT_78,AT31,inside
AT_79,AT31,inside
AT_8,AT12,inside
AT_80,AT31,inside
AT_81,AT31,inside
AT_82,AT33,inside
AT_83,AT31,inside
AT_84,AT13,inside
AT_85,AT13,inside
AT_86,AT13,inside
AT_87,AT31,inside
AT_88,AT31,inside
AT_89,AT33,inside
AT_9,AT12,inside
AT_90,AT33,inside
AT_91,AT31,inside
AT_92,AT12,inside
AT_93,AT22,inside
AT_94,AT12,inside
AT_95,AT12,inside
AT_96,AT21,inside
AT_97,AT22,inside
AT_98,AT22,inside
AT_99,AT22,inside
BE_1,BE10,inside
BE_10,BE33,inside
BE_100,BE21,inside
BE_101,BE21,inside
BE_102,BE21,inside
BE_103,BE32,inside
BE_104,BE32,inside
BE_105,BE33,inside
BE_106,BE33,inside
BE_107,BE33,inside
BE_108,BE33,inside
BE_109,BE33,inside
BE_11,BE23,inside
BE_110,BE33,inside
BE_111,BE33,inside
BE_112,BE33,inside
BE_113,BE33,inside
BE_114,BE33,inside
BE_115,BE33,inside
BE_116,BE33,inside
BE_117,BE33,inside
BE_118,BE33,inside
BE_119,BE33,inside
BE_12,BE23,inside
BE_120,BE21,inside
BE_121,BE21,inside
BE_122,BE21,inside
BE_123,BE21,inside
BE_124,BE21,inside
BE_125,BE32,inside
BE_126,BE21,inside
BE_127,BE21,inside
BE_128,BE21,inside
BE_129,BE21,inside
BE_13,BE23,inside
BE_130,BE21,inside
BE_131,BE21,inside
BE_132,BE23,inside
BE_133,BE25,inside
BE_134,BE25,inside
BE_135,BE32,inside
BE_136,BE23,inside
BE_137,BE25,inside
BE_138,BE25,inside
BE_139,BE25,inside
BE_14,BE23,inside
BE_140,BE25,inside
BE_141,BE25,inside
BE_142,BE21,inside
BE_143,BE23,inside
BE_144,BE25,inside
BE_145,BE22,inside
BE_146,BE33,inside
BE_147,BE23,inside
BE_148,BE21,inside
BE_149,BE33,inside
BE_15,BE23,inside
BE_150,BE10,inside
BE_151,BE31,inside
BE_152,BE21,inside
BE_153,BE23,inside
BE_154,BE21,inside
BE_155,BE24,inside
BE_156,BE23,inside
BE_157,BE21,inside
BE_158,BE10,inside
BE_159,BE32,inside
BE_16,BE25,inside
BE_160,BE24,inside
BE_161,BE32,inside
BE_162,BE23,inside
BE_163,BE22,inside
BE_164,BE33,inside
BE_165,BE21,inside
BE_166,BE35,inside
BE_167,BE32,inside
BE_168,BE22,inside
BE_169,BE23,inside
BE_17,BE21,inside
BE_170,BE22,inside
BE_171,BE23,inside
BE_172,BE24,inside
BE_173,BE22,inside
BE_174,BE32,inside
BE_175,BE21,inside
BE_176,BE21,inside
BE_177,BE21,inside
BE_178,BE32,inside
BE_179,BE23,inside
BE_18,BE35,inside
BE_180,BE32,inside
BE_181,BE32,inside
BE_182,BE35,inside
BE_183,BE33,inside
BE_184,BE32,inside
BE_185,BE21,inside
BE_186,BE32,inside
BE_187,BE23,inside
BE_188,BE33,inside
BE_189,BE32,inside
BE_19,BE23,inside
BE_190,BE23,inside
BE_191,BE23,inside
BE_192,BE22,inside
BE_193,BE33,inside
BE_194,BE32,inside
BE_195,BE33,inside
BE_196,BE32,inside
BE_197,BE33,inside
BE_198,BE25,inside
BE_199,BE23,inside
BE_2,BE10,inside
BE_20,BE31,inside
BE_200,BE23,inside
BE_201,BE22,inside
BE_201513,BE23,inside
BE_202,BE22,inside
BE_202970,BE25,inside
BE_203,BE23,inside
BE_203011,BE25,inside
BE_203795,BE33,inside
BE_203830,BE21,inside
BE_203832,BE21,inside
BE_203833,BE21,inside
BE_203837,BE21,inside
BE_203882,BE23,inside
BE_203884,BE21,inside
BE_203896,BE21,inside
BE_203897,BE21,inside
BE_203912,BE23,inside
BE_203913,BE23,inside
BE_203915,BE21,inside
BE_203916,BE21,inside
BE_204,BE33,inside
BE_204032,BE24,inside
BE_204096,BE21,inside
BE_204097,BE21,inside
BE_204109,BE21,inside
BE_204158,BE21,inside
BE_204193,BE21,inside
BE_204195,BE21,inside
BE_204481,BE21,inside
BE_204482,BE21,inside
BE_205,BE35,inside
BE_205438,BE22,inside
BE_205440,BE21,inside
BE_205441,BE21,inside
BE_205484,BE22,inside
BE_205496,BE25,inside
BE_205501,BE23,inside
BE_205502,BE25,inside
BE_205505,BE25,inside
BE_205511,BE21,inside
BE_205518,BE33,inside
BE_205519,BE23,inside
BE_205520,BE23,inside
BE_205536,BE21,inside
BE_205537,BE21,inside
BE_205617,BE23,inside
BE_205667,BE21,inside
BE_205687,BE33,inside
BE_205717,BE33,inside
BE_205718,BE32,inside
BE_205719,BE34,inside
BE_205720,BE32,inside
BE_205721,BE32,inside
BE_205722,BE32,inside
BE_205723,BE32,inside
BE_205734,BE22,inside
BE_205735,BE21,inside
BE_205736,BE22,inside
BE_205737,BE21,inside
BE_205738,BE24,inside
BE_205739,BE23,inside
BE_205740,BE25,inside
BE_205741,BE21,inside
BE_205742,BE21,inside
BE_205743,BE21,inside
BE_205757,BE22,inside
BE_205758,BE21,inside
BE_205759,BE21,inside
BE_205760,BE21,inside
BE_205761,BE21,inside
BE_205762,BE22,inside
BE_205763,BE23,inside
BE_205772,BE21,inside
BE_205779,BE22,inside
BE_205799,BE21,inside
BE_205932,BE32,inside
BE_205993,BE24,inside
BE_205998,BE23,inside
BE_206,BE33,inside
BE_206066,BE22,inside
BE_206091,BE24,inside
BE_206139,BE21,inside
BE_206202,BE32,inside
BE_206955,BE21,inside
BE_206957,BE23,inside
BE_206988,BE21,inside
BE_206989,BE24,inside
BE_206990,BE23,inside
BE_207,BE32,inside
BE_207682,BE33,inside
BE_207683,BE23,inside
BE_207686,BE33,inside
BE_207691,BE23,inside
BE_208,BE25,inside
BE_209,BE21,inside
BE_209004,BE32,inside
BE_209018,BE34,inside
BE_209023,BE34,inside
BE_21,BE31,inside
BE_210,BE32,inside
BE_210011,BE23,inside
BE_210012,BE24,inside
BE_210133,BE32,inside
BE_210582,BE33,inside
BE_210659,BE25,inside
BE_210661,BE25,inside
BE_210663,BE23,inside
BE_210664,BE25,inside
BE_210726,BE22,inside
BE_211,BE21,inside
BE_211998,BE32,inside
BE_212,BE21,inside
BE_213,BE22,inside
BE_214,BE21,inside
BE_214340,BE21,inside
BE_214360,BE23,inside
BE_214380,BE25,inside
BE_215,BE21,inside
BE_215020,BE23,inside
BE_215021,BE23,inside
BE_215022,BE23,inside
BE_215060,BE23,inside
BE_215200,BE21,inside
BE_215220,BE21,inside
BE_215240,BE21,inside
BE_215241,BE21,inside
BE_215820,BE21,inside
BE_215980,BE23,inside
BE_216,BE35,inside
BE_217,BE33,inside
BE_218,BE35,inside
BE_218200,BE25,inside
BE_218300,BE21,inside
BE_219,BE33,inside
BE_22,BE31,inside
BE_220,BE25,inside
BE_220832,BE23,inside
BE_221,BE23,inside
BE_221284,BE32,inside
BE_221286,BE32,inside
BE_222,BE21,inside
BE_222421,BE33,inside
BE_223,BE21,inside
BE_224,BE24,inside
BE_225,BE33,inside
BE_226,BE32,inside
BE_226692,BE25,inside
BE_226693,BE25,inside
BE_226694,BE21,inside
BE_227,BE25,inside
BE_228,BE21,inside
BE_228066,BE33,inside
BE_229,BE34,inside
BE_23,BE25,inside
BE_230,BE22,inside
BE_231,BE32,inside
BE_232,BE32,inside
BE_232201,BE21,inside
BE_232962,BE21,inside
BE_233,BE33,inside
BE_233200,BE23,inside
BE_233687,BE23,inside
BE_234,BE35,inside
BE_235,BE33,inside
BE_236,BE24,inside
BE_237,BE22,inside
BE_238,BE32,inside
BE_239,BE25,inside
BE_24,BE24,inside
BE_240,BE33,inside
BE_241,BE25,inside
BE_242,BE32,inside
BE_243,BE32,inside
BE_244,BE22,inside
BE_245,BE22,inside
BE_246,BE25,inside
BE_247,BE25,inside
BE_248,BE31,inside
BE_249,BE33,inside
BE_25,BE32,inside
BE_250,BE25,inside
BE_251,BE25,inside
BE_252,BE23,inside
BE_253,BE22,inside
BE_254,BE32,inside
BE_255,BE33,inside
BE_256,BE34,inside
BE_257,BE23,inside
BE_258,BE25,inside
BE_259,BE33,inside
BE_26,BE32,inside
BE_260,BE23,inside
BE_261,BE23,inside
BE_262,BE23,inside
BE_263,BE25,inside
BE_264,BE32,inside
BE_265,BE25,inside
BE_266,BE22,inside
BE_267,BE10,inside
BE_268,BE32,inside
BE_269,BE33,inside
BE_27,BE33,inside
BE_270,BE34,inside
BE_271,BE21,inside
BE_272,BE23,inside
BE_273,BE25,inside
BE_274,BE33,inside
BE_275,BE32,inside
BE_276,BE21,inside
BE_277,BE23,inside
BE_278,BE25,inside
BE_279,BE31,inside
BE_28,BE24,inside
BE_280,BE34,inside
BE_281,BE22,inside
BE_282,BE21,inside
BE_283,BE32,inside
BE_284,BE32,inside
BE_285,BE32,inside
BE_286,BE32,inside
BE_287,BE32,inside
BE_288,BE32,inside
BE_289,BE21,inside
BE_29,BE24,inside
BE_290,BE25,inside
BE_291,BE24,inside
BE_292,BE21,inside
BE_293,BE25,inside
BE_294,BE33,inside
BE_295,BE33,inside
BE_296,BE32,inside
BE_297,BE23,inside
BE_298,BE23,inside
BE_299,BE25,inside
BE_3,BE31,inside
BE_30,BE32,inside
BE_300,BE25,inside
BE_301,BE33,inside
BE_302,BE33,inside
BE_303,BE33,inside
BE_304,BE31,inside
BE_305,BE21,inside
BE_306,BE25,inside
BE_307,BE21,inside
BE_308,BE21,inside
BE_309,BE23,inside
BE_31,BE32,inside
BE_310,FRE1,inside
BE_311,BE21,inside
BE_312,BE24,inside
BE_313,BE23,inside
BE_314,BE23,inside
BE_315,BE25,inside
BE_316,BE22,inside
BE_317,BE33,inside
BE_318,BE21,inside
BE_319,BE23,inside
BE_32,BE32,inside
BE_320,BE21,inside
BE_322,BE10,inside
BE_323,BE34,inside
BE_326,BE24,inside
BE_327,BE25,inside
BE_33,BE32,inside
BE_34,BE32,inside
BE_35,BE22,inside
BE_36,BE22,inside
BE_37,BE22,inside
BE_38,BE22,inside
BE_39,BE21,inside
BE_40,BE21,inside
BE_41,BE21,inside
BE_42,BE22,inside
BE_428,BE21,inside
BE_429,BE25,inside
BE_43,BE32,inside
BE_430,BE21,inside
BE_44,BE23,inside
BE_45,BE34,inside
BE_46,BE21,inside
BE_47,BE21,inside
BE_48,BE35,inside
BE_49,BE23,inside
BE_50,BE33,inside
BE_51,BE21,inside
BE_52,BE24,inside
BE_528,BE21,inside
BE_53,BE25,inside
BE_54,BE21,inside
BE_55,BE33,inside
BE_56,BE33,inside
BE_57,BE21,inside
BE_58,BE32,inside
BE_59,BE31,inside
BE_6,BE10,inside
BE_60,BE22,inside
BE_61,BE23,inside
BE_62,BE35,inside
BE_628,BE25,inside
BE_629,BE33,inside
BE_63,BE22,inside
BE_630,BE23,inside
BE_631,BE25,inside
BE_632,BE25,inside
BE_633,BE10,inside
BE_64,BE10,inside
BE_65,BE10,inside
BE_66,BE10,inside
BE_67,BE24,inside
BE_68,BE23,inside
BE_69,BE10,inside
BE_7,BE10,inside
BE_70,BE25,inside
BE_71,BE23,inside
BE_72,BE22,inside
BE_728,BE21,inside
BE_729,BE24,inside
BE_73,BE21,inside
BE_730,BE21,inside
BE_731,BE25,inside
BE_732,BE22,inside
BE_733,BE23,inside
BE_734,BE24,inside
BE_735,BE25,inside
BE_736,BE24,inside
BE_737,BE21,inside
BE_738,BE24,inside
BE_739,BE25,inside
BE_74,BE23,inside
BE_740,BE23,inside
BE_741,BE21,inside
BE_742,BE10,inside
BE_743,BE34,inside
BE_744,BE23,inside
BE_745,BE25,inside
BE_746,BE21,inside
BE_747,BE21,inside
BE_748,BE21,inside
BE_749,BE23,inside
BE_75,BE23,inside
BE_750,BE23,inside
BE_751,BE21,inside
BE_752,BE25,inside
BE_753,BE23,inside
BE_754,BE21,inside
BE_755,BE10,inside
BE_756,BE25,inside
BE_757,BE32,inside
BE_758,BE34,inside
BE_759,BE34,inside
BE_76,BE24,inside
BE_760,BE23,inside
BE_761,BE21,inside
BE_77,BE23,inside
BE_78,BE23,inside
BE_79,BE21,inside
BE_8,BE10,inside
BE_80,BE25,inside
BE_81,BE25,inside
BE_82,BE25,inside
BE_83,BE23,inside
BE_84,BE32,inside
BE_85,BE32,inside
BE_86,BE33,inside
BE_87,BE33,inside
BE_88,BE32,inside
BE_89,BE34,inside
BE_9,BE10,inside
BE_90,BE32,inside
BE_91,BE31,inside
BE_92,BE21,inside
BE_93,BE35,inside
BE_94,BE23,inside
BE_95,BE10,inside
BE_96,BE23,inside
BE_97,BE24,inside
BE_98,BE21,inside
BE_99,BE21,inside
BG_1,BG34,inside
BG_10,BG31,inside
BG_100,BG42,inside
BG_101,BG34,inside
BG_102,BG34,inside
BG_103,BG34,inside
BG_104,BG34,inside
BG_105,BG33,inside
BG_106,BG32,inside
BG_107,BG41,inside
BG_108,BG31,inside
BG_109,BG34,inside
BG_11,BG41,inside
BG_110,BG41,inside
BG_111,BG31,inside
BG_112,BG34,inside
BG_113,BG33,inside
BG_114,BG41,inside
BG_115,BG42,inside
BG_116,BG34,inside
BG_117,BG42,inside
BG_118,BG34,inside
BG_119,BG32,inside
BG_12,BG31,inside
BG_120,BG42,inside
BG_121,BG42,inside
BG_122,BG32,inside
BG_123,BG34,inside
BG_124,BG32,inside
BG_125,BG34,inside
BG_126,BG42,inside
BG_127,BG42,inside
BG_128,BG42,inside
BG_129,BG34,inside
BG_13,BG31,inside
BG_130,BG42,inside
BG_131,BG42,inside
BG_132,BG34,inside
BG_133,BG41,inside
BG_134,BG31,inside
BG_135,BG32,inside
BG_136,BG31,inside
BG_137,BG31,inside
BG_138,BG32,inside
BG_14,BG31,inside
BG_140,BG41,inside
BG_141,BG33,inside
BG_142,BG42,inside
BG_143,BG32,inside
BG_144,BG41,inside
BG_145,BG33,inside
BG_146,BG42,inside
BG_147,BG41,inside
BG_148,BG33,inside
BG_149,BG34,inside
BG_15,BG34,inside
BG_150,BG32,inside
BG_151,BG34,inside
BG_152,BG34,inside
BG_153,BG41,inside
BG_16,BG33,inside
BG_17,BG33,inside
BG_18,BG33,inside
BG_19,BG41,inside
BG_2,BG34,inside
BG_20,BG31,inside
BG_201534,BG32,inside
BG_202072,BG34,inside
BG_202192,BG42,inside
BG_202233,BG34,inside
BG_202492,BG33,nearest_5km
BG_202758,BG32,inside
BG_202843,BG32,inside
BG_203535,BG41,inside
BG_203776,BG33,inside
BG_203779,BG42,inside
BG_203780,BG42,inside
BG_205061,BG33,inside
BG_205828,BG33,inside
BG_206125,BG34,inside
BG_206272,BG34,inside
BG_206950,BG42,inside
BG_21,BG32,inside
BG_210496,BG33,inside
BG_210588,BG33,inside
BG_216401,BG41,inside
BG_216420,BG41,inside
BG_218020,BG31,inside
BG_22,BG32,inside
BG_220040,BG33,inside
BG_221254,BG42,inside
BG_223447,BG31,inside
BG_23,BG42,inside
BG_24,BG42,inside
BG_25,BG42,inside
BG_26,BG32,inside
BG_27,BG31,inside
BG_28,BG31,inside
BG_29,BG31,inside
BG_3,BG31,inside
BG_30,BG31,inside
BG_31,BG42,inside
BG_32,BG34,inside
BG_33,BG33,inside
BG_34,BG41,inside
BG_35,BG41,inside
BG_36,BG32,inside
BG_37,BG34,inside
BG_38,BG41,inside
BG_39,BG31,inside
BG_4,BG41,inside
BG_40,BG31,inside
BG_41,BG32,inside
BG_42,BG42,inside
BG_43,BG42,inside
BG_44,BG31,inside
BG_45,BG33,inside
BG_46,BG31,inside
BG_47,BG42,inside
BG_48,BG31,inside
BG_49,BG31,inside
BG_5,BG33,inside
BG_50,BG42,inside
BG_51,BG34,inside
BG_52,BG32,inside
BG_53,BG42,inside
BG_54,BG41,inside
BG_55,BG32,inside
BG_56,BG42,inside
BG_57,BG33,inside
BG_58,BG31,inside
BG_59,BG42,inside
BG_6,BG33,inside
BG_60,BG41,inside
BG_61,BG32,inside
BG_62,BG41,inside
BG_63,BG41,inside
BG_64,BG42,inside
BG_65,BG41,inside
BG_66,BG34,inside
BG_67,BG42,inside
BG_68,BG42,inside
BG_69,BG31,inside
BG_7,BG32,inside
BG_70,BG42,inside
BG_71,BG33,inside
BG_72,BG41,inside
BG_73,BG33,inside
BG_74,BG31,inside
BG_75,BG31,inside
BG_76,BG34,inside
BG_77,BG41,inside
BG_78,BG41,inside
BG_79,BG41,inside
BG_8,BG34,inside
BG_80,BG41,inside
BG_81,BG41,inside
BG_82,BG41,inside
BG_83,BG41,inside
BG_84,BG41,inside
BG_85,BG41,inside
BG_86,BG41,inside
BG_87,BG34,inside
BG_88,BG33,inside
BG_89,BG34,inside
BG_9,BG41,inside
BG_90,BG31,inside
BG_91,BG41,inside
BG_92,BG33,inside
BG_93,BG33,inside
BG_94,BG33,inside
BG_95,BG33,inside
BG_96,BG33,inside
BG_97,BG42,inside
BG_98,BG33,inside
BG_99,BG32,inside
CY_203546,CY00,inside
CY_210000000000001,CY00,inside
CY_210000000000002,CY00,inside
CY_210000000000003,CY00,inside
CY_210000000000004,CY00,inside
CY_210000000000005,CY00,inside
CY_210000000000006,CY00,inside
CY_210000000000007,CY00,inside
CY_210000000000008,CY00,inside
CY_210000000000009,CY00,inside
CY_210000000000010,CY00,inside
CY_210000000000011,CY00,inside
CY_210000000000012,CY00,inside
CY_210000000000013,CY00,inside
CY_212200,CY00,inside
CZ_1,CZ02,inside
CZ_10,CZ08,inside
CZ_100,CZ04,inside
CZ_101,CZ04,inside
CZ_102,CZ03,inside
CZ_103,CZ06,inside
CZ_104,CZ05,inside
CZ_105,CZ02,inside
CZ_106,CZ04,inside
CZ_107,CZ04,inside
CZ_108,CZ06,inside
CZ_109,CZ04,inside
CZ_11,CZ02,inside
CZ_110,CZ05,inside
CZ_111,CZ04,inside
CZ_112,CZ04,inside
CZ_113,CZ04,inside
CZ_114,CZ08,inside
CZ_115,CZ02,inside
CZ_116,CZ07,inside
CZ_117,CZ04,inside
CZ_118,CZ08,inside
CZ_119,CZ01,inside
CZ_12,CZ07,inside
CZ_120,CZ05,inside
CZ_121,CZ01,inside
CZ_122,CZ02,inside
CZ_123,CZ02,inside
CZ_124,CZ04,inside
CZ_125,CZ05,inside
CZ_126,CZ04,inside
CZ_127,CZ04,inside
CZ_128,CZ04,inside
CZ_129,CZ04,inside
CZ_13,CZ05,inside
CZ_130,CZ01,inside
CZ_131,CZ01,inside
CZ_132,CZ07,inside
CZ_133,CZ07,inside
CZ_134,CZ07,inside
CZ_135,CZ04,inside
CZ_136,CZ06,inside
CZ_137,CZ06,inside
CZ_138,CZ01,inside
CZ_139,CZ05,inside
CZ_14,CZ06,inside
CZ_140,CZ05,inside
CZ_141,CZ06,inside
CZ_142,CZ06,inside
CZ_143,CZ06,inside
CZ_144,CZ04,inside
CZ_145,CZ05,inside
CZ_146,CZ03,inside
CZ_147,CZ06,inside
CZ_148,CZ02,inside
CZ_149,CZ07,inside
CZ_15,CZ03,inside
CZ_150,CZ04,inside
CZ_151,CZ04,inside
CZ_152,CZ07,inside
CZ_153,CZ05,inside
CZ_154,CZ01,inside
CZ_155,CZ05,inside
CZ_156,CZ05,inside
CZ_157,CZ05,inside
CZ_158,CZ08,inside
CZ_159,CZ07,inside
CZ_16,CZ05,inside
CZ_160,CZ07,inside
CZ_161,CZ07,inside
CZ_162,CZ08,inside
CZ_163,CZ03,inside
CZ_164,CZ02,inside
CZ_165,CZ05,inside
CZ_166,CZ06,inside
CZ_167,CZ02,inside
CZ_168,CZ06,inside
CZ_169,CZ03,inside
CZ_17,CZ08,inside
CZ_170,CZ03,inside
CZ_171,CZ03,inside
CZ_172,CZ08,inside
CZ_173,CZ07,inside
CZ_174,CZ07,inside
CZ_175,CZ04,inside
CZ_176,CZ04,inside
CZ_177,CZ07,inside
CZ_178,CZ01,inside
CZ_179,CZ02,inside
CZ_18,CZ05,inside
CZ_180,CZ01,inside
CZ_181,CZ06,inside
CZ_182,DED2,inside
CZ_183,CZ05,inside
CZ_184,CZ07,inside
CZ_185,CZ02,inside
CZ_186,CZ03,inside
CZ_187,CZ06,inside
CZ_188,CZ01,inside
CZ_189,CZ05,inside
CZ_19,CZ03,inside
CZ_190,CZ02,inside
CZ_191,CZ02,inside
CZ_192,CZ02,inside
CZ_193,CZ04,inside
CZ_194,CZ07,inside
CZ_195,CZ07,inside
CZ_196,CZ07,inside
CZ_197,CZ05,inside
CZ_198,CZ01,inside
CZ_199,CZ04,inside
CZ_2,CZ05,inside
CZ_20,CZ05,inside
CZ_200,CZ08,inside
CZ_201,CZ06,inside
CZ_201279,CZ04,inside
CZ_201588,CZ08,inside
CZ_201865,CZ08,inside
CZ_201951,CZ07,inside
CZ_201994,CZ02,inside
CZ_202,CZ06,inside
CZ_202027,CZ04,inside
CZ_202028,CZ06,inside
CZ_202156,CZ07,inside
CZ_202610,CZ04,inside
CZ_202753,CZ02,inside
CZ_202754,CZ02,inside
CZ_202755,CZ02,inside
CZ_203,CZ08,inside
CZ_203591,CZ08,inside
CZ_203599,CZ08,inside
CZ_204,CZ05,inside
CZ_204801,CZ02,inside
CZ_205,CZ06,inside
CZ_205323,CZ07,inside
CZ_205490,CZ08,inside
CZ_205510,CZ02,inside
CZ_205946,CZ04,inside
CZ_206,CZ05,inside
CZ_206782,CZ04,inside
CZ_206784,CZ08,inside
CZ_206785,CZ02,inside
CZ_207,CZ03,inside
CZ_207422,CZ06,inside
CZ_207543,CZ03,inside
CZ_208,CZ06,inside
CZ_208023,CZ04,inside
CZ_209,CZ08,inside
CZ_21,CZ08,inside
CZ_210,CZ08,inside
CZ_210084,CZ04,inside
CZ_211,CZ08,inside
CZ_212,CZ07,inside
CZ_212941,CZ08,inside
CZ_213,CZ07,inside
CZ_213780,CZ02,inside
CZ_214,CZ07,inside
CZ_215,CZ08,inside
CZ_216,CZ08,inside
CZ_216561,CZ04,inside
CZ_217,CZ08,inside
CZ_218,CZ08,inside
CZ_218681,CZ02,inside
CZ_219,CZ07,inside
CZ_22,CZ05,inside
CZ_220,CZ07,inside
CZ_221,CZ08,inside
CZ_222,CZ08,inside
CZ_223,CZ08,inside
CZ_224,CZ08,inside
CZ_224022,CZ02,inside
CZ_225,CZ02,inside
CZ_226,CZ05,inside
CZ_226380,CZ04,inside
CZ_227,CZ07,inside
CZ_228,CZ07,inside
CZ_229,CZ07,inside
CZ_229020,CZ04,inside
CZ_229761,CZ02,inside
CZ_229921,CZ04,inside
CZ_23,CZ04,inside
CZ_230,CZ07,inside
CZ_230141,CZ05,inside
CZ_231,CZ06,inside
CZ_231860,CZ04,inside
CZ_231866,CZ05,inside
CZ_232,CZ06,inside
CZ_232662,CZ08,inside
CZ_233,CZ04,inside
CZ_234,CZ04,inside
CZ_235,CZ08,inside
CZ_236,CZ06,inside
CZ_237,CZ04,inside
CZ_238,CZ04,inside
CZ_239,CZ06,inside
CZ_24,CZ08,inside
CZ_240,CZ08,inside
CZ_241,CZ01,inside
CZ_242,CZ06,inside
CZ_243,CZ02,inside
CZ_244,CZ04,inside
CZ_245,CZ03,inside
CZ_246,CZ02,inside
CZ_247,CZ05,inside
CZ_248,CZ06,inside
CZ_249,CZ03,inside
CZ_25,CZ08,inside
CZ_250,CZ03,inside
CZ_251,CZ03,inside
CZ_252,CZ08,inside
CZ_253,CZ04,inside
CZ_254,CZ05,inside
CZ_255,CZ07,inside
CZ_256,CZ05,inside
CZ_257,CZ05,inside
CZ_258,CZ05,inside
CZ_259,CZ03,inside
CZ_26,CZ06,inside
CZ_260,CZ04,inside
CZ_261,CZ03,inside
CZ_262,CZ04,inside
CZ_263,CZ04,inside
CZ_264,CZ03,inside
CZ_265,CZ05,inside
CZ_266,CZ05,inside
CZ_267,CZ02,inside
CZ_268,CZ03,inside
CZ_269,CZ03,inside
CZ_27,CZ03,inside
CZ_270,CZ07,inside
CZ_271,CZ06,inside
CZ_272,CZ05,inside
CZ_273,CZ04,inside
CZ_274,CZ04,inside
CZ_275,CZ03,inside
CZ_276,CZ07,inside
CZ_277,CZ04,inside
CZ_278,CZ08,inside
CZ_279,CZ04,inside
CZ_28,CZ06,inside
CZ_280,CZ08,inside
CZ_281,CZ03,inside
CZ_282,AT12,inside
CZ_283,CZ02,inside
CZ_284,CZ06,inside
CZ_285,CZ02,inside
CZ_286,CZ06,inside
CZ_287,CZ02,inside
CZ_288,CZ06,inside
CZ_289,CZ03,inside
CZ_29,CZ02,inside
CZ_290,CZ06,inside
CZ_291,CZ06,inside
CZ_292,CZ05,inside
CZ_293,CZ03,inside
CZ_294,CZ07,inside
CZ_295,CZ03,inside
CZ_296,CZ07,inside
CZ_297,CZ02,inside
CZ_298,CZ02,inside
CZ_299,CZ08,inside
CZ_3,CZ02,inside
CZ_30,CZ03,inside
CZ_300,CZ02,inside
CZ_301,CZ04,inside
CZ_302,CZ03,inside
CZ_303,CZ04,inside
CZ_304,CZ06,inside
CZ_305,CZ07,inside
CZ_306,CZ06,inside
CZ_307,CZ03,inside
CZ_308,CZ01,inside
CZ_309,CZ05,inside
CZ_31,CZ03,inside
CZ_310,CZ01,inside
CZ_311,CZ02,inside
CZ_312,CZ02,inside
CZ_313,CZ03,inside
CZ_314,CZ03,inside
CZ_315,CZ02,inside
CZ_316,CZ02,inside
CZ_317,CZ02,inside
CZ_318,CZ06,inside
CZ_319,CZ05,inside
CZ_32,CZ06,inside
CZ_320,CZ06,inside
CZ_321,CZ02,inside
CZ_322,CZ06,inside
CZ_323,CZ03,inside
CZ_324,CZ06,inside
CZ_325,CZ01,inside
CZ_326,CZ02,inside
CZ_327,CZ05,inside
CZ_328,CZ04,inside
CZ_329,CZ04,inside
CZ_33,CZ08,inside
CZ_330,CZ03,inside
CZ_331,CZ07,inside
CZ_332,CZ07,inside
CZ_333,CZ06,inside
CZ_334,CZ06,inside
CZ_335,CZ06,inside
CZ_336,CZ03,inside
CZ_337,CZ02,inside
CZ_338,CZ08,inside
CZ_339,CZ04,inside
CZ_34,CZ05,inside
CZ_340,CZ02,inside
CZ_341,CZ06,inside
CZ_342,CZ05,inside
CZ_343,CZ07,inside
CZ_344,CZ07,inside
CZ_345,CZ03,inside
CZ_346,CZ07,inside
CZ_347,CZ06,inside
CZ_348,CZ05,inside
CZ_349,CZ08,inside
CZ_35,CZ03,inside
CZ_350,CZ01,inside
CZ_351,CZ01,inside
CZ_352,CZ07,inside
CZ_353,CZ05,inside
CZ_354,CZ02,inside
CZ_355,CZ06,inside
CZ_356,CZ07,inside
CZ_357,CZ04,inside
CZ_358,CZ07,inside
CZ_359,CZ01,inside
CZ_36,CZ05,inside
CZ_360,CZ06,inside
CZ_361,CZ02,inside
CZ_362,CZ05,inside
CZ_363,CZ01,inside
CZ_364,CZ02,inside
CZ_365,CZ03,inside
CZ_366,CZ07,inside
CZ_367,CZ04,inside
CZ_368,CZ03,inside
CZ_369,CZ08,inside
CZ_37,CZ08,inside
CZ_370,CZ05,inside
CZ_371,CZ02,inside
CZ_372,CZ04,inside
CZ_373,CZ02,inside
CZ_374,CZ04,inside
CZ_375,CZ03,inside
CZ_376,CZ07,inside
CZ_377,CZ05,inside
CZ_378,CZ05,inside
CZ_379,CZ05,inside
CZ_38,CZ07,inside
CZ_380,CZ07,inside
CZ_381,CZ06,inside
CZ_382,CZ06,inside
CZ_383,CZ06,inside
CZ_384,CZ06,inside
CZ_385,CZ05,inside
CZ_386,CZ04,inside
CZ_387,CZ03,inside
CZ_388,CZ06,inside
CZ_389,CZ08,inside
CZ_39,CZ06,inside
CZ_390,CZ01,inside
CZ_391,CZ07,inside
CZ_392,CZ08,inside
CZ_393,CZ04,inside
CZ_394,CZ01,inside
CZ_395,CZ05,inside
CZ_396,CZ05,inside
CZ_397,CZ05,inside
CZ_398,CZ06,inside
CZ_399,CZ03,inside
CZ_4,CZ08,inside
CZ_40,CZ03,inside
CZ_400,CZ07,inside
CZ_401,CZ02,inside
CZ_402,CZ01,inside
CZ_403,CZ01,inside
CZ_404,CZ07,inside
CZ_405,CZ04,inside
CZ_406,CZ06,inside
CZ_407,CZ03,inside
CZ_408,CZ02,inside
CZ_409,CZ04,inside
CZ_41,CZ01,inside
CZ_410,CZ08,inside
CZ_411,CZ04,inside
CZ_412,CZ06,inside
CZ_413,CZ05,inside
CZ_414,CZ02,inside
CZ_415,CZ08,inside
CZ_416,CZ03,inside
CZ_417,CZ05,inside
CZ_418,CZ07,inside
CZ_419,CZ06,inside
CZ_42,CZ04,inside
CZ_420,CZ08,inside
CZ_421,CZ08,inside
CZ_422,CZ02,inside
CZ_423,CZ08,inside
CZ_424,CZ04,inside
CZ_425,CZ08,inside
CZ_426,CZ06,inside
CZ_427,CZ06,inside
CZ_43,CZ05,inside
CZ_44,CZ07,inside
CZ_45,CZ02,inside
CZ_46,CZ01,inside
CZ_47,CZ06,inside
CZ_48,CZ07,inside
CZ_49,CZ08,inside
CZ_5,CZ07,inside
CZ_50,CZ03,inside
CZ_51,CZ02,inside
CZ_52,CZ08,inside
CZ_53,CZ08,inside
CZ_54,CZ08,inside
CZ_55,CZ08,inside
CZ_56,CZ07,inside
CZ_57,CZ04,inside
CZ_58,CZ08,inside
CZ_59,CZ07,inside
CZ_6,CZ05,inside
CZ_60,CZ03,inside
CZ_61,CZ06,inside
CZ_62,CZ08,inside
CZ_63,CZ03,inside
CZ_64,CZ03,inside
CZ_65,CZ03,inside
CZ_66,CZ08,inside
CZ_67,CZ08,inside
CZ_68,CZ08,inside
CZ_69,CZ08,inside
CZ_7,CZ02,inside
CZ_70,CZ08,inside
CZ_71,CZ05,inside
CZ_72,CZ06,inside
CZ_73,CZ08,inside
CZ_74,CZ06,inside
CZ_75,CZ07,inside
CZ_76,CZ03,inside
CZ_77,CZ06,inside
CZ_78,CZ03,inside
CZ_79,CZ06,inside
CZ_8,CZ06,inside
CZ_80,CZ03,inside
CZ_81,CZ08,inside
CZ_82,CZ02,inside
CZ_83,CZ05,inside
CZ_84,CZ01,inside
CZ_85,CZ01,inside
CZ_86,CZ01,inside
CZ_87,CZ01,inside
CZ_88,CZ01,inside
CZ_89,CZ01,inside
CZ_9,CZ08,inside
CZ_90,CZ01,inside
CZ_91,CZ03,inside
CZ_92,CZ04,inside
CZ_93,CZ03,inside
CZ_94,CZ02,inside
CZ_95,CZ02,inside
CZ_96,CZ08,inside
CZ_97,CZ08,inside
CZ_98,CZ06,inside
CZ_99,CZ04,inside
DE_1,DE21,inside
DE_10,DEF0,inside
DE_100,DEE0,inside
DE_1000,DE94,inside
DE_1001,DEA5,inside
DE_1002,DE30,inside
DE_1003,DE21,inside
DE_1004,DEF0,inside
DE_1005,DE21,inside
DE_1006,DEC0,inside
DE_1007,DEB3,inside
DE_1008,DE12,inside
DE_1009,DEA3,inside
DE_101,DE71,inside
DE_1010,DE73,inside
DE_1011,DEB3,inside
DE_1012,DE40,inside
DE_1013,DE73,inside
DE_1014,DE73,inside
DE_1015,DEF0,inside
DE_1016,DE40,inside
DE_1017,DE71,inside
DE_1019,DEA1,inside
DE_102,DE71,inside
DE_1020,DE14,inside
DE_1021,DE40,inside
DE_1022,DE14,inside
DE_1023,DEF0,inside
DE_1024,DE12,inside
DE_1025,DE11,inside
DE_1026,DEE0,inside
DE_1027,DE71,inside
DE_1028,DEF0,inside
DE_1029,DE60,inside
DE_103,DEB3,inside
DE_1030,DE80,inside
DE_1031,DE50,inside
DE_1032,DE94,inside
DE_1033,DE21,inside
DE_1034,DE71,inside
DE_1035,DE71,inside
DE_1036,DEB3,inside
DE_1037,DE22,inside
DE_1038,DE30,inside
DE_1039,DEA3,inside
DE_104,DEA3,inside
DE_1040,DE24,inside
DE_1041,DEA5,inside
DE_1042,DEE0,inside
DE_1043,DE14,inside
DE_1044,DEF0,inside
DE_1045,DE24,inside
DE_1046,DEA3,inside
DE_1047,DE80,inside
DE_1048,DE25,inside
DE_1049,DEA5,inside
DE_105,DEA3,inside
DE_1050,DE13,inside
DE_1051,DEA5,inside
DE_1052,DEA2,inside
DE_1053,DE23,inside
DE_1054,DEB3,inside
DE_1055,DEA1,inside
DE_1056,DE40,inside
DE_1057,DEA1,inside
DE_1058,DE80,inside
DE_1059,DEB3,inside
DE_106,DEA3,inside
DE_1060,DED4,inside
DE_1061,DED4,inside
DE_1062,DEA1,inside
DE_1063,DE91,inside
DE_1064,DEB3,inside
DE_1065,DE71,inside
DE_1066,DE72,inside
DE_1067,DEA4,inside
DE_1068,DEE0,inside
DE_1069,DE26,inside
DE_107,DEA5,inside
DE_1070,DE14,inside
DE_1071,DE71,inside
DE_1072,DEA3,inside
DE_1073,DE71,inside
DE_1074,DE30,inside
DE_1075,DE12,inside
DE_1076,DEE0,inside
DE_1077,DE12,inside
DE_1078,DE71,inside
DE_1079,DE94,inside
DE_108,DEA5,inside
DE_1080,DEA1,inside
DE_1081,DE11,inside
DE_1082,DE91,inside
DE_1083,DE21,inside
DE_1084,DE11,inside
DE_1085,DE30,inside
DE_1086,DEC0,inside
DE_1087,DEA3,inside
DE_1088,DEA5,inside
DE_1089,DEE0,inside
DE_109,DE23,inside
DE_1090,DE30,inside
DE_1091,DEA3,inside
DE_1092,DEG0,inside
DE_1093,DEA2,inside
DE_1094,DE60,inside
DE_1095,DEA1,inside
DE_1096,DE14,inside
DE_1097,DED4,inside
DE_1098,DED4,inside
DE_1099,DE21,inside
DE_11,DE12,inside
DE_110,DE27,inside
DE_1100,DE21,inside
DE_1101,DE14,inside
DE_1102,DEB3,inside
DE_1103,DE94,inside
DE_1104,DEA2,inside
DE_1105,DEA2,inside
DE_1106,DE71,inside
DE_1107,DEA2,inside
DE_1108,DEA5,inside
DE_1109,DED4,inside
DE_111,DE92,inside
DE_1110,DE21,inside
DE_1111,DEF0,inside
DE_1112,DE12,inside
DE_1113,DEA4,inside
DE_1114,DEE0,inside
DE_1115,DE73,inside
DE_1116,DEB3,inside
DE_1117,DEB3,inside
DE_1118,DEF0,inside
DE_1119,DED5,inside
DE_112,DE14,inside
DE_1120,DE12,inside
DE_1121,DE12,inside
DE_1122,DE12,inside
DE_1123,DE71,inside
DE_1124,DEG0,inside
DE_1125,DEE0,inside
DE_1126,DEA1,inside
DE_1127,DEG0,inside
DE_1128,DE25,inside
DE_1129,DEA1,inside
DE_113,DE14,inside
DE_1130,DEE0,inside
DE_1131,DEE0,inside
DE_1132,DE91,inside
DE_1133,DEE0,inside
DE_1134,DED2,inside
DE_1135,AT31,inside
DE_1136,DEA2,inside
DE_1137,DEE0,inside
DE_1138,DE22,inside
DE_1139,DE71,inside
DE_114,DE14,inside
DE_1140,DE71,inside
DE_1141,DE13,inside
DE_1142,DE71,inside
DE_1143,DE11,inside
DE_1144,DE94,inside
DE_1145,DEA5,inside
DE_1146,DE13,inside
DE_1147,DEB3,inside
DE_1148,DE11,inside
DE_1149,DE30,inside
DE_115,DEG0,inside
DE_1150,DE30,inside
DE_1151,DEE0,inside
DE_1152,DE30,inside
DE_1153,DEA2,inside
DE_1154,DE27,inside
DE_1155,DEG0,inside
DE_1156,DEA1,inside
DE_1157,DEE0,inside
DE_1158,DE11,inside
DE_1159,DE12,inside
DE_116,DEG0,inside
DE_1160,DEA1,inside
DE_1161,DE24,inside
DE_1162,DE71,inside
DE_1163,DE30,inside
DE_1164,DE21,inside
DE_1165,DE30,inside
DE_1166,DE30,inside
DE_1167,DE40,inside
DE_1168,DE71,inside
DE_1169,DE30,inside
DE_117,DE21,inside
DE_1170,DE30,inside
DE_1171,DEA3,inside
DE_1172,DE50,inside
DE_1173,DE26,inside
DE_1174,DEA1,inside
DE_1175,DE30,inside
DE_1176,DE30,inside
DE_1177,DE30,inside
DE_1178,DE30,inside
DE_1179,DE30,inside
DE_118,DE21,inside
DE_1180,DE30,inside
DE_1181,DE30,inside
DE_1182,DE30,inside
DE_1183,DE60,inside
DE_1184,DE30,inside
DE_1185,DE40,inside
DE_1186,DEF0,inside
DE_1187,DE71,inside
DE_1188,DEG0,inside
DE_1189,DEG0,inside
DE_119,DEA5,inside
DE_1190,DEC0,inside
DE_1191,DE21,inside
DE_1192,DE14,inside
DE_1193,DE60,inside
DE_1194,DE30,inside
DE_1195,DE60,inside
DE_1196,DE60,inside
DE_1197,DEA1,inside
DE_1198,DEA1,inside
DE_1199,DE40,inside
DE_12,DE12,inside
DE_120,DEB3,inside
DE_1200,DE40,inside
DE_1201,DEA4,inside
DE_1202,DED5,inside
DE_1203,DE22,inside
DE_1204,DEF0,inside
DE_1205,DEA3,inside
DE_1206,DEC0,inside
DE_1207,DE21,inside
DE_1208,DED2,inside
DE_1209,DE94,inside
DE_121,DE73,inside
DE_1210,DEF0,inside
DE_1211,DE30,inside
DE_1212,DEF0,inside
DE_1213,DEA1,inside
DE_1214,DE21,inside
DE_1215,DEC0,inside
DE_1216,DEG0,inside
DE_1217,DE11,inside
DE_1218,DEF0,inside
DE_1219,DE22,inside
DE_122,DEG0,inside
DE_1220,DE30,inside
DE_1221,DE94,inside
DE_1222,DE50,inside
DE_1223,DEA1,inside
DE_1224,DE21,inside
DE_1225,DE60,inside
DE_1226,DE72,inside
DE_1227,DE40,inside
DE_1228,DE50,inside
DE_1229,DE50,inside
DE_123,DE91,inside
DE_1230,DE50,inside
DE_1231,DE40,inside
DE_1232,DE60,inside
DE_1233,DE80,inside
DE_1234,DE40,inside
DE_1235,DE80,inside
DE_1236,DE14,inside
DE_1237,DE80,inside
DE_1238,DE50,inside
DE_1239,DEA2,inside
DE_124,DE40,inside
DE_1240,DEA1,inside
DE_1241,DE21,inside
DE_1242,DE80,inside
DE_1243,DE80,inside
DE_1244,DEB1,inside
DE_1245,DEA1,inside
DE_1246,DE80,inside
DE_1247,DE50,inside
DE_1248,DE50,inside
DE_1249,DE93,inside
DE_125,DEE0,inside
DE_1250,DEF0,inside
DE_1251,DE80,inside
DE_1252,DE21,inside
DE_1253,DE50,inside
DE_1254,DE50,inside
DE_1255,DEE0,inside
DE_1256,DEA1,inside
DE_1257,DE50,inside
DE_1258,DED4,inside
DE_1259,DEG0,inside
DE_126,DEE0,inside
DE_1260,DE11,inside
DE_1261,DE50,inside
DE_1262,DE13,inside
DE_1263,DE71,inside
DE_1264,DE21,inside
DE_1265,DE11,inside
DE_1266,DEA1,inside
DE_1267,DEF0,inside
DE_1268,DE50,inside
DE_1269,DEA2,inside
DE_127,DE91,inside
DE_1270,DE13,inside
DE_1271,DEA2,inside
DE_1272,DE40,inside
DE_1273,DE30,inside
DE_1274,DEA2,inside
DE_1275,DEA2,inside
DE_1276,DEA2,inside
DE_1277,DEA2,inside
DE_1278,DEA2,inside
DE_1279,DEA2,inside
DE_128,DEE0,inside
DE_1280,DEA2,inside
DE_1281,DEA2,inside
DE_1282,DE24,inside
DE_1283,DE71,inside
DE_1284,DE40,inside
DE_1285,DEA1,inside
DE_1286,DEA5,inside
DE_1287,DE71,inside
DE_1288,DE23,inside
DE_1289,DEA5,inside
DE_129,DEE0,inside
DE_1290,DEA5,inside
DE_1291,DEA4,inside
DE_1292,DE40,inside
DE_1293,DEA2,inside
DE_1294,DE21,inside
DE_1295,DE80,inside
DE_1296,DE12,inside
DE_1297,DE12,inside
DE_1298,DEE0,inside
DE_1299,DEA1,inside
DE_13,DE94,inside
DE_130,DE22,inside
DE_1300,DEA3,inside
DE_1301,DEA3,inside
DE_1302,DEA5,inside
DE_1303,DEA3,inside
DE_1304,DEA2,inside
DE_1305,DE12,inside
DE_1306,DE12,inside
DE_1307,DED2,inside
DE_1308,DED2,inside
DE_1309,DE80,inside
DE_131,DEA1,inside
DE_1310,DE40,inside
DE_1311,DE11,inside
DE_1312,DEA5,inside
DE_1313,DEA5,inside
DE_1314,DEE0,inside
DE_1315,DE26,inside
DE_1316,DEA3,inside
DE_1317,DEA1,inside
DE_1318,DEA1,inside
DE_1319,DEA1,inside
DE_132,DEE0,inside
DE_1320,DEA1,inside
DE_1321,DE14,inside
DE_1322,DE14,inside
DE_1323,DEA1,inside
DE_1324,DEG0,inside
DE_1325,DEB1,inside
DE_1326,DEA1,inside
DE_1327,DEA1,inside
DE_1328,DEB1,inside
DE_1329,DEC0,inside
DE_133,DE13,inside
DE_1330,DEG0,inside
DE_1331,DEG0,inside
DE_1332,DEF0,inside
DE_1333,DEA4,inside
DE_1334,DE91,inside
DE_1335,DE71,inside
DE_1336,DEA5,inside
DE_1337,DE11,inside
DE_1338,DE11,inside
DE_1339,DEA5,inside
DE_134,DE23,inside
DE_1340,DE40,inside
DE_1341,DE92,inside
DE_1342,DE73,inside
DE_1343,DE92,inside
DE_1344,DEG0,inside
DE_1345,DE73,inside
DE_1346,DEA1,inside
DE_1347,DE73,inside
DE_1348,DE92,inside
DE_1349,DE73,inside
DE_135,DEA2,inside
DE_1350,DEE0,inside
DE_1351,DE73,inside
DE_1352,DEG0,inside
DE_1353,DE73,inside
DE_1354,DE92,inside
DE_1355,DEE0,inside
DE_1356,DED4,inside
DE_1357,DED4,inside
DE_1358,DE94,inside
DE_1359,DEB3,inside
DE_136,DEA3,inside
DE_1360,DEC0,inside
DE_1361,DEE0,inside
DE_1362,DEA4,inside
DE_1363,DE11,inside
DE_1364,DE50,inside
DE_1365,DE80,inside
DE_1366,DEB1,inside
DE_1367,DEE0,inside
DE_1368,DEE0,inside
DE_1369,DEA5,inside
DE_137,DEA5,inside
DE_1370,DE12,inside
DE_1371,DE72,inside
DE_1372,DE21,inside
DE_1373,DEA4,inside
DE_1374,DEE0,inside
DE_1375,DE92,inside
DE_1376,DEE0,inside
DE_1377,DEA3,inside
DE_1378,DEA3,inside
DE_1379,DE71,inside
DE_138,DE72,inside
DE_1380,DE12,inside
DE_1381,DEA5,inside
DE_1382,DE92,inside
DE_1383,DEB3,inside
DE_1384,DE92,inside
DE_1385,DEA5,inside
DE_1386,DE40,inside
DE_1387,DE92,inside
DE_1388,DE21,inside
DE_1389,DEG0,inside
DE_139,DEB1,inside
DE_1390,DEE0,inside
DE_1391,DE30,inside
DE_1392,DE60,inside
DE_1393,DE94,inside
DE_1394,DEA2,inside
DE_1395,DE30,inside
DE_1396,DE27,inside
DE_1397,DEA5,inside
DE_1398,DE93,inside
DE_1399,DEA5,inside
DE_14,DE60,inside
DE_140,DEA5,inside
DE_1400,DEA5,inside
DE_1401,DEA2,inside
DE_1402,DEB3,inside
DE_1403,DEE0,inside
DE_1404,DE12,inside
DE_1405,DEE0,inside
DE_1406,DE12,inside
DE_1407,DE12,inside
DE_1408,DED4,inside
DE_1409,DEA5,inside
DE_141,DE23,inside
DE_1410,DEA5,inside
DE_1411,DEA1,inside
DE_1412,DE25,inside
DE_1413,DE80,inside
DE_1414,DEE0,inside
DE_1415,DEA1,inside
DE_1416,DE30,inside
DE_1417,DEA4,inside
DE_1418,DEA2,inside
DE_1419,DE91,inside
DE_142,DEB2,inside
DE_1420,DEA5,inside
DE_1421,DED5,inside
DE_1422,DEB3,inside
DE_1423,DE60,inside
DE_1424,DE40,inside
DE_1425,DE93,inside
DE_1426,DEG0,inside
DE_1427,DEA5,inside
DE_1428,DE40,inside
DE_1429,DE71,inside
DE_143,DEA5,inside
DE_1430,DEG0,inside
DE_1431,DEB2,inside
DE_1432,DEA1,inside
DE_1433,DEA2,inside
DE_1434,DEA2,inside
DE_1435,DE91,inside
DE_1436,DE13,inside
DE_1437,DE40,inside
DE_1438,DEA5,inside
DE_1439,DEA1,inside
DE_144,DEA4,inside
DE_1440,DE40,inside
DE_1441,DEA1,inside
DE_1442,DE94,inside
DE_1443,DEA4,inside
DE_1444,DED5,inside
DE_1445,DE40,inside
DE_1446,DE25,inside
DE_1447,DE21,inside
DE_1448,DE92,inside
DE_1449,DED2,inside
DE_145,DEA3,inside
DE_1450,DE11,inside
DE_1451,DE91,inside
DE_1452,DE11,inside
DE_1453,DE40,inside
DE_1454,DE40,inside
DE_1455,DE11,inside
DE_1456,DE40,inside
DE_1457,DE12,inside
DE_1458,DE11,inside
DE_1459,DE40,inside
DE_146,DEB2,inside
DE_1460,DED5,inside
DE_1461,DEE0,inside
DE_1462,DE21,inside
DE_1463,DE11,inside
DE_1464,DE11,inside
DE_1465,DE25,inside
DE_1466,DE25,inside
DE_1467,DE71,inside
DE_1468,DE71,inside
DE_1469,DE26,inside
DE_147,DEA1,inside
DE_1470,DE25,inside
DE_1471,DE12,inside
DE_1472,DEG0,inside
DE_1473,DE13,inside
DE_1474,DEA5,inside
DE_1475,DE40,inside
DE_1476,DEG0,inside
DE_1477,DEA5,inside
DE_1478,DE40,inside
DE_1479,DE94,inside
DE_148,DEA5,inside
DE_1480,DEA3,inside
DE_1481,DEA5,inside
DE_1482,DEA5,inside
DE_1483,DEA5,inside
DE_1484,DEB3,inside
DE_1485,DEA1,inside
DE_1486,DEA1,inside
DE_1487,DEF0,inside
DE_1488,DE11,inside
DE_1489,DE23,inside
DE_149,DEA5,inside
DE_1490,DEA5,inside
DE_1491,DE23,inside
DE_1492,DEA1,inside
DE_1493,DEF0,inside
DE_1494,DEF0,inside
DE_1495,DED2,inside
DE_1496,DED2,inside
DE_1497,DEE0,inside
DE_1498,DE13,inside
DE_1499,DE11,inside
DE_15,DE60,inside
DE_150,DEA5,inside
DE_1500,DEA3,inside
DE_1501,DE71,inside
DE_1502,DEE0,inside
DE_1503,DEB3,inside
DE_1505,DE71,inside
DE_1507,DEA1,inside
DE_1508,DEA4,inside
DE_1509,DE80,inside
DE_151,DE92,inside
DE_1510,DED2,inside
DE_1511,DE80,inside
DE_1512,DEA1,inside
DE_1513,DEE0,inside
DE_1514,DE21,inside
DE_1515,DE91,inside
DE_1516,DE12,inside
DE_1517,DE50,inside
DE_1518,DE50,inside
DE_1519,DEF0,inside
DE_152,DEA3,inside
DE_1520,DEB3,inside
DE_1521,DE50,inside
DE_1522,DEA2,inside
DE_1523,DE27,inside
DE_1524,DE40,inside
DE_1525,DE91,inside
DE_1526,DEA5,inside
DE_1527,DE91,inside
DE_1528,DE93,inside
DE_1529,DE73,inside
DE_153,DE13,inside
DE_1530,DEA5,inside
DE_1531,DED2,inside
DE_1532,DEA2,inside
DE_1533,DEA4,inside
DE_1534,DE40,inside
DE_1535,DE92,inside
DE_1536,DE93,nearest_5km
DE_1537,DE93,nearest_5km
DE_1538,DE92,inside
DE_1539,DEA5,inside
DE_154,DE13,inside
DE_1540,DE72,inside
DE_1541,DEA4,inside
DE_1542,DEA1,inside
DE_1543,DE26,inside
DE_1544,DEA2,inside
DE_1545,DEA4,inside
DE_1546,DE21,inside
DE_1547,DE26,inside
DE_1548,DEA1,inside
DE_1549,DE93,nearest_5km
DE_155,DEA3,inside
DE_1550,DEA4,inside
DE_1551,DEA4,inside
DE_1552,DEA1,inside
DE_1553,DEA1,inside
DE_1554,DE25,inside
DE_1555,DE94,inside
DE_1556,DEA2,inside
DE_1557,DE60,inside
DE_1558,DE92,inside
DE_1559,DE92,inside
DE_156,DE27,inside
DE_1560,DE91,inside
DE_1561,DE93,inside
DE_1562,DEE0,inside
DE_1563,DE91,inside
DE_1564,DE71,inside
DE_1565,DE60,inside
DE_1566,DED4,inside
DE_1567,DE73,inside
DE_1568,DE60,inside
DE_1569,DE60,inside
DE_157,DEA3,inside
DE_1570,DEF0,inside
DE_1571,DE60,inside
DE_1572,DE40,inside
DE_1573,DEA4,inside
DE_1574,DE60,inside
DE_1575,DEF0,inside
DE_1576,DE40,inside
DE_1577,DED4,inside
DE_1578,DE30,inside
DE_1579,DE94,inside
DE_158,DE24,inside
DE_1580,DEB3,inside
DE_1581,DEA3,inside
DE_1582,DEA3,inside
DE_1583,DE14,inside
DE_1584,DEA3,inside
DE_1585,DEA1,inside
DE_1586,AT34,inside
DE_1587,DE14,inside
DE_1588,DEE0,inside
DE_1589,DE50,inside
DE_159,DE80,inside
DE_1590,DE27,inside
DE_1591,DEA1,inside
DE_1592,DEA1,inside
DE_1593,DEA3,inside
DE_1594,DEB3,inside
DE_1595,DE12,inside
DE_1596,DE12,inside
DE_1597,DEA3,inside
DE_1598,DE12,inside
DE_1599,DEB3,inside
DE_16,DE94,inside
DE_160,DE92,inside
DE_1600,DE71,inside
DE_1601,DEA2,inside
DE_1602,DEA2,inside
DE_1603,DEA2,inside
DE_1604,DEA2,inside
DE_1605,DEA1,inside
DE_1606,DEA1,inside
DE_1607,DEA2,inside
DE_1608,DE71,inside
DE_1609,DE12,inside
DE_161,DE92,inside
DE_1610,DE91,inside
DE_1611,DEA3,inside
DE_1612,DE92,inside
DE_1613,DE40,inside
DE_1614,DE60,inside
DE_1615,DEA1,inside
DE_1616,DEE0,inside
DE_1617,DE91,inside
DE_1618,DEC0,inside
DE_1619,DE50,inside
DE_162,DE91,inside
DE_1620,DE94,inside
DE_1621,DE91,inside
DE_1622,DE91,inside
DE_1623,DEC0,inside
DE_1624,DE91,inside
DE_1625,DE92,inside
DE_1626,DE91,inside
DE_1627,DE71,inside
DE_1628,DE72,inside
DE_1629,DEA2,inside
DE_163,DEE0,inside
DE_1630,DE72,inside
DE_1631,DE72,inside
DE_1632,DE11,inside
DE_1633,DE21,inside
DE_1634,DE21,inside
DE_1635,DE25,inside
DE_1636,DE71,inside
DE_1637,DEB2,inside
DE_1638,DEA1,inside
DE_1639,DE91,inside
DE_164,DE91,inside
DE_1640,DE93,inside
DE_1641,DE50,inside
DE_1642,DE21,inside
DE_1643,DEA1,inside
DE_1644,DE71,inside
DE_1645,DE71,inside
DE_1646,DE50,inside
DE_1647,DE94,inside
DE_1648,DE60,inside
DE_1649,DEA2,inside
DE_165,DE93,inside
DE_1650,DE11,inside
DE_1651,DEA2,inside
DE_1652,DEA5,inside
DE_1653,DE60,inside
DE_1654,DEA2,inside
DE_1655,DE60,inside
DE_1656,DEA4,inside
DE_1657,DE21,inside
DE_1658,DE21,inside
DE_1659,DE27,inside
DE_166,DE91,inside
DE_1660,DEF0,inside
DE_1661,DE80,inside
DE_1662,DE71,inside
DE_1663,DEA3,inside
DE_1664,DEA1,inside
DE_1665,DE21,inside
DE_1666,DEA1,inside
DE_1667,DE71,inside
DE_1668,DEB3,inside
DE_1669,DE13,inside
DE_167,DE91,inside
DE_1670,DE21,inside
DE_1671,DEA1,inside
DE_1672,DE12,inside
DE_1673,DEG0,inside
DE_1674,DEA2,inside
DE_1675,DEE0,inside
DE_1676,DEE0,inside
DE_1677,DEA1,inside
DE_1678,DEA1,inside
DE_1679,DEA4,inside
DE_168,DEE0,inside
DE_1680,DE11,inside
DE_1681,DEA2,inside
DE_1682,DE27,inside
DE_1683,DE72,inside
DE_1684,DEA2,inside
DE_1685,DE27,inside
DE_1686,DE13,inside
DE_1687,DE94,inside
DE_1688,DED2,inside
DE_1689,DEF0,inside
DE_169,DE73,inside
DE_1690,DE94,inside
DE_1691,DEB1,inside
DE_1692,DEB3,inside
DE_1693,DEB3,inside
DE_1694,DE94,inside
DE_1695,DEE0,inside
DE_1696,DEE0,inside
DE_1697,DEB2,inside
DE_1698,DE11,inside
DE_1699,DE30,inside
DE_17,DE40,inside
DE_170,DEB1,inside
DE_1700,DE94,inside
DE_1701,DEA3,inside
DE_1702,DEA2,inside
DE_1703,DEA4,inside
DE_1704,DE21,inside
DE_1705,DEA2,inside
DE_1706,DED4,inside
DE_1707,DED2,inside
DE_1708,DED2,inside
DE_1709,DEB3,inside
DE_171,DE14,inside
DE_1710,DEA4,inside
DE_1711,DE30,inside
DE_1712,DE30,inside
DE_1713,DEA2,inside
DE_1714,DE40,inside
DE_1715,DE14,inside
DE_1716,DE40,inside
DE_1717,DEB3,inside
DE_1718,DE22,inside
DE_1719,DE27,inside
DE_172,DE27,inside
DE_1720,DE27,inside
DE_1721,DE71,inside
DE_1722,DE13,inside
DE_1723,DEC0,inside
DE_1724,DE21,inside
DE_1725,DE71,inside
DE_1726,DE23,inside
DE_1727,DE71,inside
DE_1728,DE71,inside
DE_1729,DE71,inside
DE_173,DE23,inside
DE_1730,DE71,inside
DE_1731,DE14,inside
DE_1732,DE11,inside
DE_1733,DE93,inside
DE_1734,DE94,inside
DE_1735,DEA1,inside
DE_1736,DE94,inside
DE_1737,DE40,inside
DE_1738,DE40,inside
DE_1739,DE25,inside
DE_174,DE73,inside
DE_1740,DEE0,inside
DE_1741,DE94,inside
DE_1742,DED2,inside
DE_1743,DE21,inside
DE_1744,DEC0,inside
DE_1745,DEC0,inside
DE_1746,DEC0,inside
DE_1747,DEA3,inside
DE_1748,DEA3,inside
DE_1749,DEA3,inside
DE_175,DE14,inside
DE_1750,DE40,inside
DE_1751,DE60,inside
DE_1752,DEA4,inside
DE_1753,DEG0,inside
DE_1754,DE93,inside
DE_1755,DEA2,inside
DE_1756,DEA2,inside
DE_1757,DE26,inside
DE_1758,DE26,inside
DE_1759,DE91,inside
DE_176,DEA2,inside
DE_1760,DE14,inside
DE_1761,DE23,inside
DE_1762,DED5,inside
DE_1763,DE22,inside
DE_1764,DE22,inside
DE_1765,DE30,inside
DE_1766,DE22,inside
DE_1767,DE22,inside
DE_1768,DEA5,inside
DE_1769,DEB3,inside
DE_177,DEA2,inside
DE_1770,DEB3,inside
DE_1771,DEA1,inside
DE_1772,DED2,inside
DE_1773,DED2,inside
DE_1774,DE12,inside
DE_1775,DE72,inside
DE_1776,DE92,inside
DE_1777,DEG0,inside
DE_1778,DE13,inside
DE_1779,DEB3,inside
DE_178,DEA4,inside
DE_1780,DEB3,inside
DE_1781,DE80,inside
DE_1782,DED4,inside
DE_1783,DE21,inside
DE_1784,DE92,inside
DE_1785,DE71,inside
DE_1786,DE71,inside
DE_1787,DE71,inside
DE_1788,DED5,inside
DE_1789,DED5,inside
DE_179,DEA2,inside
DE_1790,DE91,inside
DE_1791,DE94,inside
DE_1792,DE26,inside
DE_1793,DE21,inside
DE_1794,DEE0,inside
DE_1795,DEE0,inside
DE_1796,DEE0,inside
DE_1797,DE14,inside
DE_1798,DE21,inside
DE_1799,DE94,inside
DE_18,DE40,inside
DE_180,DEA1,inside
DE_1800,DEA1,inside
DE_1801,DE94,inside
DE_1802,DE94,inside
DE_1803,DE94,inside
DE_1804,DE94,inside
DE_1805,DEF0,inside
DE_1806,DE94,inside
DE_1807,DEG0,inside
DE_1808,DED4,inside
DE_1809,DE40,inside
DE_181,DEA3,inside
DE_1810,DE73,inside
DE_1811,DE92,inside
DE_1812,DE21,inside
DE_1813,DE12,inside
DE_1814,DE13,inside
DE_1815,DEA2,inside
DE_1816,DE14,inside
DE_1817,DE22,inside
DE_1818,DE23,inside
DE_1819,DE23,inside
DE_182,DEA3,inside
DE_1820,DE26,inside
DE_1821,DEB3,inside
DE_1822,DEB3,inside
DE_1823,DE23,inside
DE_1824,DE94,inside
DE_1825,DE26,inside
DE_1826,DE71,inside
DE_1827,DE94,inside
DE_1828,DEA3,inside
DE_1829,DE21,inside
DE_183,DEE0,inside
DE_1830,DE25,inside
DE_1831,DEA5,inside
DE_1832,DE50,inside
DE_1833,DEA2,inside
DE_1834,DEB1,inside
DE_1835,NL22,inside
DE_1836,DEA1,inside
DE_1837,DEA3,inside
DE_1838,DE23,inside
DE_1839,DEE0,inside
DE_184,DEA5,inside
DE_1840,DEE0,inside
DE_1841,DED4,inside
DE_1842,DE94,inside
DE_1843,DE21,inside
DE_1844,DE71,inside
DE_1845,DE12,inside
DE_1846,DEE0,inside
DE_1847,DE93,inside
DE_1848,DE93,inside
DE_1849,DE94,inside
DE_185,DE40,inside
DE_1850,DEA1,inside
DE_1851,DEA5,inside
DE_1852,DEA1,inside
DE_1853,DE50,inside
DE_1854,DE21,inside
DE_1855,DEB3,inside
DE_1856,DE27,inside
DE_1857,DE71,inside
DE_1858,DEB3,inside
DE_1859,DEE0,inside
DE_186,DE40,inside
DE_1860,DE22,inside
DE_1861,DEA4,inside
DE_1862,DEA4,inside
DE_1863,DEG0,inside
DE_1864,DEG0,inside
DE_1865,DEG0,inside
DE_1866,DEB1,inside
DE_1867,DEG0,inside
DE_1868,DED2,inside
DE_1869,DEA4,inside
DE_187,DE26,inside
DE_1870,DE11,inside
DE_1871,DEE0,inside
DE_1872,DEE0,inside
DE_1873,DE60,inside
DE_1874,DE94,inside
DE_1875,DEG0,inside
DE_1876,DE71,inside
DE_1877,DEC0,inside
DE_1878,DE25,inside
DE_1879,DE12,inside
DE_188,DE27,inside
DE_1880,DEA1,inside
DE_1881,DE11,inside
DE_1882,DEE0,inside
DE_1883,DE21,inside
DE_1884,DE21,inside
DE_1885,DE22,inside
DE_1886,DEE0,inside
DE_1887,DEA2,inside
DE_1888,DEA2,inside
DE_1889,DEG0,inside
DE_189,DED4,inside
DE_1890,DE21,inside
DE_1891,DE40,inside
DE_1892,DE40,inside
DE_1893,DEB3,inside
DE_1894,DE91,inside
DE_19,DE40,inside
DE_190,DE40,inside
DE_191,DEG0,inside
DE_192,DED5,inside
DE_193,DE92,inside
DE_194,DE24,inside
DE_195,DEA2,inside
DE_196,DE71,inside
DE_197,DED5,inside
DE_198,DEA2,inside
DE_199,DE12,inside
DE_1994,DEB3,inside
DE_2,DEB3,inside
DE_20,DEE0,inside
DE_200,DEA2,inside
DE_201,DE92,inside
DE_201341,DE94,inside
DE_201343,DEA2,inside
DE_201489,DEA5,inside
DE_201499,DED4,inside
DE_201538,DEA2,inside
DE_201539,DEA2,inside
DE_201540,DEA2,inside
DE_201541,DEA2,inside
DE_201553,DED4,inside
DE_201596,DEA5,inside
DE_201602,DE91,inside
DE_201603,DEE0,inside
DE_201604,DE91,inside
DE_201608,DE27,inside
DE_201612,DE27,inside
DE_201617,DE12,inside
DE_201642,DEG0,inside
DE_201643,DEG0,inside
DE_201646,DEB3,inside
DE_201647,DEB3,inside
DE_201664,DEB3,inside
DE_201681,DE93,inside
DE_201734,DEA1,inside
DE_201754,DEA5,inside
DE_201867,DED2,inside
DE_201870,DE21,inside
DE_201895,DE30,inside
DE_201896,DEA3,inside
DE_201897,DEA3,inside
DE_201898,DEA3,inside
DE_201900,DEA3,inside
DE_201916,DEB3,inside
DE_201917,DEA2,inside
DE_201936,DEB1,inside
DE_201937,DEB1,inside
DE_201938,DEB3,inside
DE_201939,DE13,inside
DE_201952,DEB3,inside
DE_201953,DEB3,inside
DE_201954,DEB3,inside
DE_201955,DEB3,inside
DE_201956,DEB3,inside
DE_201957,DEB3,inside
DE_201958,DEB3,inside
DE_201959,DEB3,inside
DE_201960,DEB3,inside
DE_201962,DEB3,inside
DE_201963,DEB3,inside
DE_201964,DEB3,inside
DE_201965,DEB3,inside
DE_201966,DEB3,inside
DE_201967,DEB3,inside
DE_201968,DEB3,inside
DE_201969,DEB3,inside
DE_201970,DEB3,inside
DE_201971,DEB3,inside
DE_201972,DEB3,inside
DE_201995,DEB3,inside
DE_201996,DEB3,inside
DE_201997,DEB3,inside
DE_201998,DEB3,inside
DE_202,DE40,inside
DE_202000,DEB3,inside
DE_202001,DEB3,inside
DE_202002,DEB3,inside
DE_202003,DEB3,inside
DE_202004,DEB3,inside
DE_202005,DEB3,inside
DE_202006,DEB3,inside
DE_202007,DEB3,inside
DE_202008,DEB3,inside
DE_202009,DE40,inside
DE_202010,DEA1,inside
DE_202018,DE71,inside
DE_202029,DEB3,inside
DE_202030,DEB3,inside
DE_202035,DE71,inside
DE_202045,DE40,inside
DE_202084,DEA4,inside
DE_202110,DE72,inside
DE_202113,DE72,inside
DE_202115,DE72,inside
DE_202116,DEA1,inside
DE_202145,DEA2,inside
DE_202178,DED5,inside
DE_202180,DEE0,inside
DE_202183,DEA2,inside
DE_202194,DE21,inside
DE_202195,DE21,inside
DE_202196,DE21,inside
DE_202203,DED5,inside
DE_202206,DED5,inside
DE_202207,DED5,inside
DE_202208,DEE0,inside
DE_202270,DEG0,inside
DE_202301,DED4,inside
DE_202304,DEA5,inside
DE_202333,DEA5,inside
DE_202334,DEA5,inside
DE_202335,DEA1,inside
DE_202336,DEA5,inside
DE_202342,DED5,inside
DE_202344,DEA4,inside
DE_202345,DE40,inside
DE_202346,DEA1,inside
DE_202348,DE12,inside
DE_202349,DEE0,inside
DE_202350,DED4,inside
DE_202351,DE21,inside
DE_202376,DEE0,inside
DE_202378,DEC0,inside
DE_202379,DE26,inside
DE_202380,DEA1,inside
DE_202381,DEA1,inside
DE_202382,DEC0,inside
DE_202389,DE93,inside
DE_202439,DEE0,inside
DE_202446,DEA5,inside
DE_202454,DEE0,inside
DE_202455,DEE0,inside
DE_202457,DEE0,inside
DE_202468,DEA1,inside
DE_202469,DE24,inside
DE_202472,DE11,inside
DE_202509,DEB1,inside
DE_202521,DE26,inside
DE_202526,DED4,inside
DE_202528,DE13,inside
DE_202530,DE40,inside
DE_202537,DE71,inside
DE_202555,DEA1,inside
DE_202556,DEA1,inside
DE_202557,DEA1,inside
DE_202558,DE60,inside
DE_202559,DE60,inside
DE_202573,DEA1,inside
DE_202574,DE21,inside
DE_202581,DE93,inside
DE_202584,DE12,inside
DE_202588,DEA1,inside
DE_202589,DE60,inside
DE_202590,DE60,inside
DE_202599,DE22,inside
DE_202600,DE22,inside
DE_202601,DED2,inside
DE_202602,DEB3,inside
DE_202603,DEB3,inside
DE_202606,DEA3,inside
DE_202616,DEC0,inside
DE_202625,DE21,inside
DE_202626,DE22,inside
DE_202632,DEA2,inside
DE_202634,DEA2,inside
DE_202636,DEA1,inside
DE_202638,DEA1,inside
DE_202639,DEA1,inside
DE_202640,DEA1,inside
DE_202642,DE25,inside
DE_202663,DE94,inside
DE_202664,DE22,inside
DE_202665,DE22,inside
DE_202667,DE22,inside
DE_202674,DE40,inside
DE_202686,DEC0,inside
DE_202688,DEC0,inside
DE_202690,DEC0,inside
DE_202695,DEA5,inside
DE_202696,DED2,inside
DE_202709,DEA1,inside
DE_202710,DEA5,inside
DE_202756,DE40,inside
DE_202760,DE60,inside
DE_202763,DE26,inside
DE_202769,DEA2,inside
DE_202777,DEA2,inside
DE_202791,DE12,inside
DE_202794,DED4,inside
DE_202796,DE40,inside
DE_202797,DE91,inside
DE_202799,DEA5,inside
DE_202802,DEA1,inside
DE_202804,DEA1,inside
DE_202808,DEA2,inside
DE_202818,DE23,inside
DE_202819,DEA1,inside
DE_202821,DEA1,inside
DE_202822,DE72,inside
DE_202823,DEA1,inside
DE_202827,DEA2,inside
DE_202847,DEA2,inside
DE_202848,DEA2,inside
DE_202852,DEA2,inside
DE_202853,DEA2,inside
DE_202854,DEA2,inside
DE_202855,DEA2,inside
DE_202856,DEA2,inside
DE_202858,DEA2,inside
DE_202861,DEA2,inside
DE_202862,DEA2,inside
DE_202863,DEA1,inside
DE_202864,DEA2,inside
DE_202865,DEA2,inside
DE_202866,DEA1,inside
DE_202874,DE22,inside
DE_202878,DEA3,inside
DE_202883,DEA2,inside
DE_202886,DED5,inside
DE_202898,DEA1,inside
DE_202899,DEA1,inside
DE_202902,DEA1,inside
DE_202923,DEA5,inside
DE_202924,DEA1,inside
DE_202931,DEB1,inside
DE_202934,DE13,inside
DE_202974,DEA1,inside
DE_202975,DE12,inside
DE_202977,DEA5,inside
DE_202978,DEA5,inside
DE_202979,DEA5,inside
DE_202980,DEA5,inside
DE_202983,DEA1,inside
DE_202985,DEE0,inside
DE_202990,DEA5,inside
DE_202991,DEA5,inside
DE_203,DEA5,inside
DE_203015,DEB3,inside
DE_203110,DE94,inside
DE_203128,DEA1,inside
DE_203130,DE94,inside
DE_203152,DEA3,inside
DE_203153,DE40,inside
DE_203168,DEA4,inside
DE_203170,DEA4,inside
DE_203182,DEA2,inside
DE_203183,DEE0,inside
DE_203190,DEA3,inside
DE_203214,DEA5,inside
DE_203215,DEB3,inside
DE_203224,DEA1,inside
DE_203236,DE73,inside
DE_203254,DEA5,inside
DE_203297,DE13,inside
DE_203320,DE60,inside
DE_203322,DE60,inside
DE_203323,DEA3,inside
DE_203334,DEE0,inside
DE_203346,DE25,inside
DE_203347,DED5,inside
DE_203360,DEA5,inside
DE_203410,DED2,inside
DE_203443,DED2,inside
DE_203444,DEA3,inside
DE_203448,DEA5,inside
DE_203457,DE71,inside
DE_203459,DEB1,inside
DE_203470,DEA3,inside
DE_203532,DEA2,inside
DE_203603,DE40,inside
DE_203612,DEA1,inside
DE_203613,DEA1,inside
DE_203615,DEA2,inside
DE_203616,DEB1,inside
DE_203617,DE23,inside
DE_203618,DEA3,inside
DE_203619,DE72,inside
DE_203628,DE26,inside
DE_203632,DED2,inside
DE_203633,DEA1,inside
DE_203642,DE50,inside
DE_203643,DE93,inside
DE_203649,DE23,inside
DE_203657,DE71,inside
DE_203658,DE71,inside
DE_203661,DEG0,inside
DE_203663,DEE0,inside
DE_203665,DEE0,inside
DE_203666,DEE0,inside
DE_203667,DEE0,inside
DE_203739,DEA1,inside
DE_203741,DE72,inside
DE_203752,DEA4,inside
DE_203754,DE24,inside
DE_203756,DEB1,inside
DE_203757,DEB1,inside
DE_203758,DEA1,inside
DE_203762,DE71,inside
DE_203766,DE40,inside
DE_203768,DEA1,inside
DE_203770,DE72,inside
DE_203771,DEA1,inside
DE_203778,DEA1,inside
DE_203790,DE27,inside
DE_203793,DE40,inside
DE_203800,DEA1,inside
DE_203812,DEA1,inside
DE_203814,DEA1,inside
DE_203820,DEE0,inside
DE_203842,DED2,inside
DE_203844,DE94,inside
DE_203852,DEE0,inside
DE_203862,DEA3,inside
DE_203863,DEA1,inside
DE_203873,DE72,inside
DE_203972,DEG0,inside
DE_204,DE40,inside
DE_204106,DEA1,inside
DE_204135,DE21,inside
DE_204137,DE21,inside
DE_204138,DE21,inside
DE_204139,DE21,inside
DE_204156,DEA1,inside
DE_204192,DE50,inside
DE_204194,DE50,inside
DE_204196,DED5,inside
DE_204198,DEA2,inside
DE_204213,DEA3,inside
DE_204219,DEA1,inside
DE_204253,DEA2,inside
DE_204254,DE21,inside
DE_204255,DE11,inside
DE_204294,DED2,inside
DE_204300,DEA5,inside
DE_204312,DEA1,inside
DE_204317,DEA2,inside
DE_204322,DEA1,inside
DE_204361,DEG0,inside
DE_204401,DEE0,inside
DE_204421,DEA2,inside
DE_204423,DEA4,inside
DE_204424,DEA1,inside
DE_204446,DE23,inside
DE_204543,DE60,inside
DE_204544,DE60,inside
DE_204562,DE93,nearest_5km
DE_204563,DE93,nearest_5km
DE_204564,DE93,nearest_5km
DE_204565,DE93,nearest_5km
DE_204581,DE12,inside
DE_204582,DE12,inside
DE_204601,DE25,inside
DE_204641,DE14,inside
DE_204642,DE14,inside
DE_204725,DEE0,inside
DE_204785,DEE0,inside
DE_204802,DE92,inside
DE_204862,DEA3,inside
DE_204882,DEC0,inside
DE_204904,DEC0,inside
DE_205,DE92,inside
DE_205003,DEA1,inside
DE_205004,DEA5,inside
DE_205042,DE91,inside
DE_205062,DE23,inside
DE_205063,DE40,inside
DE_205064,DE40,inside
DE_205065,DE40,inside
DE_205181,DE27,inside
DE_205182,DE27,inside
DE_205197,DEA2,inside
DE_205199,DE12,inside
DE_205200,DEF0,nearest_5km
DE_205201,DEF0,nearest_5km
DE_205202,DE80,inside
DE_205241,DEA1,inside
DE_205243,DE22,inside
DE_205246,DEF0,inside
DE_205268,DEA2,inside
DE_205269,DEA1,inside
DE_205270,DEA2,inside
DE_205271,DEA2,inside
DE_205272,DEA2,inside
DE_205273,DEA2,inside
DE_205274,DEA2,inside
DE_205275,DEA2,inside
DE_205276,DEA2,inside
DE_205282,DE14,inside
DE_205321,DEA1,inside
DE_205322,DEA1,inside
DE_205343,DE94,inside
DE_205355,DEA1,inside
DE_205356,DEA1,inside
DE_205358,DE22,inside
DE_205359,DE22,inside
DE_205360,DE22,inside
DE_205361,DEA1,inside
DE_205362,DE22,inside
DE_205384,DEA1,inside
DE_205385,DEA2,inside
DE_205421,DEA3,inside
DE_205422,DEA3,inside
DE_205427,DEA3,inside
DE_205462,DEE0,inside
DE_205483,DE94,inside
DE_205491,DEC0,inside
DE_205498,DEA5,inside
DE_205504,DEG0,inside
DE_205507,DEE0,inside
DE_205509,DE40,inside
DE_205512,DEA1,inside
DE_205528,DEA1,inside
DE_205538,DEA1,inside
DE_205539,DEA1,inside
DE_205540,DE72,inside
DE_205543,DEA3,inside
DE_205544,DEA3,inside
DE_205546,DEA1,inside
DE_205562,DE23,inside
DE_205563,DE13,inside
DE_205571,DE80,inside
DE_205607,DE26,inside
DE_205608,DE91,inside
DE_205609,DE60,inside
DE_205616,DE94,inside
DE_205626,DEF0,inside
DE_205627,DEE0,inside
DE_205658,DEA5,inside
DE_205673,DEA2,inside
DE_205679,DEA1,inside
DE_205684,DEA1,inside
DE_205778,DE94,inside
DE_205786,DED5,inside
DE_205788,DE13,inside
DE_205789,DEA1,inside
DE_205790,DEA1,inside
DE_205793,DE14,inside
DE_205807,DE92,inside
DE_205882,DEA5,inside
DE_205883,DE71,inside
DE_205901,DE11,inside
DE_205912,DEA1,inside
DE_205913,DE94,inside
DE_205914,DE11,inside
DE_205915,DE11,inside
DE_205916,DE11,inside
DE_205921,DE40,inside
DE_205981,DEA2,inside
DE_205982,DEA2,inside
DE_205983,DEA2,inside
DE_205984,DEA2,inside
DE_205985,DEA2,inside
DE_206,DEA2,inside
DE_206001,DEC0,inside
DE_206009,DEA1,inside
DE_206010,DEA5,inside
DE_206012,DEA5,inside
DE_206013,DEA2,inside
DE_206016,DEA1,inside
DE_206020,DEA1,inside
DE_206021,DEF0,inside
DE_206023,DE40,inside
DE_206057,DEE0,inside
DE_206062,DEA5,inside
DE_206063,DEG0,inside
DE_206141,DE21,inside
DE_206148,DEA2,inside
DE_206153,DE50,inside
DE_206158,DEE0,inside
DE_206180,DE60,inside
DE_206185,DE94,inside
DE_206193,DEA5,inside
DE_206200,DE11,inside
DE_206226,DEA1,inside
DE_206241,DEA1,inside
DE_206242,DEA1,inside
DE_206266,DEG0,inside
DE_206267,DEA1,inside
DE_206270,DE12,inside
DE_206284,DE60,inside
DE_206289,DEB3,inside
DE_206316,DEE0,inside
DE_206422,DEA3,inside
DE_206561,DEA1,inside
DE_206791,DE12,inside
DE_206794,DE71,inside
DE_206822,DE94,inside
DE_206823,DE94,inside
DE_206843,DE27,inside
DE_206850,DE50,inside
DE_206964,DE80,inside
DE_206969,DEA5,inside
DE_206986,DEC0,inside
DE_206995,DE93,inside
DE_206997,DEE0,inside
DE_207,DEF0,inside
DE_207007,DEA1,inside
DE_207008,DED4,inside
DE_207202,DE21,inside
DE_207227,DEA3,inside
DE_207482,DE21,inside
DE_207554,DED5,inside
DE_207565,DED2,inside
DE_207569,DEF0,inside
DE_207675,DED2,inside
DE_207699,DE60,inside
DE_207732,DE40,inside
DE_207766,DEC0,inside
DE_208,DEA2,inside
DE_208002,DEA5,inside
DE_208751,DE25,inside
DE_208802,DE27,inside
DE_208804,DE21,inside
DE_208843,DE60,inside
DE_208944,DEA1,inside
DE_208968,DEA3,inside
DE_209,DE92,inside
DE_209031,DEA3,inside
DE_209049,DE11,inside
DE_209051,DE21,inside
DE_209067,DE11,inside
DE_209081,DE23,inside
DE_209103,DE26,inside
DE_209142,DE21,inside
DE_209343,DEA5,inside
DE_2094,DED4,inside
DE_209423,DEA5,inside
DE_209444,DE92,inside
DE_2095,DEA2,inside
DE_209683,DEA1,inside
DE_209762,DEA2,inside
DE_209763,DEA2,inside
DE_209764,DEA2,inside
DE_209784,DE94,inside
DE_209842,DE30,inside
DE_209864,DEA2,inside
DE_209865,DEA2,inside
DE_209866,DEA2,inside
DE_209946,DEB3,inside
DE_209947,DEB3,inside
DE_209948,DEB3,inside
DE_209949,DEB3,inside
DE_209950,DEB3,inside
DE_209951,DEB3,inside
DE_209952,DEB3,inside
DE_209968,DEC0,inside
DE_209969,DE72,inside
DE_209983,DE21,inside
DE_21,DE60,inside
DE_210,DEG0,inside
DE_210006,DEB3,inside
DE_210019,DEE0,inside
DE_210025,DEA1,inside
DE_210026,DE13,inside
DE_210104,DEA3,inside
DE_210124,DE94,inside
DE_210131,DE40,inside
DE_210164,DEB3,inside
DE_210167,DEE0,inside
DE_210182,DEA5,inside
DE_210184,DEA2,inside
DE_210185,DE71,inside
DE_210270,DE92,inside
DE_210271,DE92,inside
DE_210397,DEA3,inside
DE_210456,DE21,inside
DE_210457,DE21,inside
DE_210458,DE21,inside
DE_210476,DE24,inside
DE_210483,DEF0,inside
DE_210487,DEA5,inside
DE_210520,DEE0,inside
DE_210525,DEA2,inside
DE_210526,DEA5,inside
DE_210532,DE21,inside
DE_210542,DE80,inside
DE_210596,DEA1,inside
DE_210601,DE91,inside
DE_210603,DEG0,inside
DE_210606,DEE0,inside
DE_210617,DEA2,inside
DE_210619,DEE0,inside
DE_210620,DEE0,inside
DE_210625,DE11,inside
DE_210628,DEA3,inside
DE_210629,DE21,inside
DE_210630,DE21,inside
DE_210631,DEA2,inside
DE_210632,DEA2,inside
DE_210633,DEA2,inside
DE_210634,DEA2,inside
DE_210635,DEE0,inside
DE_210639,DEE0,inside
DE_210642,DE71,inside
DE_210658,DEG0,inside
DE_210665,DEA4,inside
DE_210670,DEB1,inside
DE_210674,DE91,inside
DE_210680,DEB3,inside
DE_210681,DE40,inside
DE_210686,DE11,inside
DE_210688,DEA2,inside
DE_210693,DE22,inside
DE_210878,DEA1,inside
DE_210880,DE21,inside
DE_210939,DE30,inside
DE_210958,DE94,inside
DE_211,DED2,inside
DE_211019,DEF0,inside
DE_211198,DEB3,inside
DE_211199,DEB3,inside
DE_211499,DE72,inside
DE_211738,DE73,inside
DE_212,DEG0,inside
DE_212260,DE94,inside
DE_212540,DE93,nearest_5km
DE_212600,DE13,inside
DE_213,DEA1,inside
DE_213180,DEA1,inside
DE_213360,DE40,inside
DE_213981,DEG0,inside
DE_214,DED5,inside
DE_214061,DE12,inside
DE_214101,DEE0,inside
DE_214200,DE40,inside
DE_214240,DEA1,inside
DE_214280,DEA5,inside
DE_214281,DEA5,inside
DE_215,DE22,inside
DE_215000,DE72,inside
DE_215080,DE13,inside
DE_215100,DEA1,inside
DE_215560,DEC0,inside
DE_215580,DEC0,inside
DE_215660,DED2,inside
DE_215681,DE21,inside
DE_215781,DEA3,inside
DE_215840,DEC0,inside
DE_216,DEA2,inside
DE_216160,DEA5,inside
DE_216360,DEA5,inside
DE_216421,DE71,inside
DE_216560,DE27,inside
DE_216600,DE60,inside
DE_216601,DE11,inside
DE_216602,DE11,inside
DE_216760,DE21,inside
DE_216761,DE21,inside
DE_217,DEA1,inside
DE_217100,DEB3,inside
DE_217320,DEG0,inside
DE_217340,DE50,inside
DE_217380,DEA3,inside
DE_217560,DEA1,inside
DE_217720,DEA2,inside
DE_217740,DEA1,inside
DE_217780,DED4,inside
DE_217800,DE94,nearest_5km
DE_217820,DE27,inside
DE_217843,DEA5,inside
DE_218,DEB1,inside
DE_218140,DED5,inside
DE_218480,DEG0,inside
DE_218660,DEG0,inside
DE_218880,DE22,inside
DE_218940,DEA2,inside
DE_219,DE21,inside
DE_219001,DEA3,inside
DE_219062,DE40,inside
DE_219080,DEA1,inside
DE_219200,DE14,inside
DE_2194,DEA1,inside
DE_219440,DE12,inside
DE_2195,DEA5,inside
DE_2196,DEA2,inside
DE_219640,DEA1,inside
DE_219661,DEF0,inside
DE_2197,DEA2,inside
DE_2198,DE22,inside
DE_219840,DEA1,inside
DE_219940,DE14,inside
DE_219960,DE13,inside
DE_22,DE60,inside
DE_220,DE14,inside
DE_220000,DEA1,inside
DE_220022,DE94,inside
DE_220081,DE92,inside
DE_220082,DE21,inside
DE_220261,DE92,inside
DE_220688,DEB3,inside
DE_220780,DEA5,inside
DE_220788,DEA2,inside
DE_220931,DE92,inside
DE_220935,DE22,inside
DE_221,DEA1,inside
DE_221568,DE80,inside
DE_221621,DEE0,inside
DE_222,DEE0,inside
DE_222461,DE93,inside
DE_222465,DE93,inside
DE_222548,DE12,inside
DE_222691,DEA3,inside
DE_222820,DE21,inside
DE_223,DE23,inside
DE_223034,DE13,inside
DE_223037,DE80,inside
DE_223231,DE80,inside
DE_223540,DEA5,inside
DE_224,DEC0,inside
DE_224286,DED2,inside
DE_224290,DE11,inside
DE_224424,DE21,inside
DE_224428,DE13,inside
DE_224443,DE94,inside
DE_224662,DE25,inside
DE_224663,DEA1,inside
DE_224664,DE26,inside
DE_224665,DE26,inside
DE_224725,DEG0,inside
DE_224780,DEC0,inside
DE_224820,DED4,inside
DE_224964,DEE0,inside
DE_225,DE21,inside
DE_225000,DE92,inside
DE_225001,DEE0,inside
DE_225002,DEE0,inside
DE_225003,DEE0,inside
DE_225004,DEA2,inside
DE_225164,DE71,inside
DE_225302,DE26,inside
DE_225429,DE23,inside
DE_225521,DEA1,inside
DE_225682,DEA1,inside
DE_225683,DEA1,inside
DE_225750,DEE0,inside
DE_226,DE23,inside
DE_226000,DEA1,inside
DE_226202,DEG0,inside
DE_226204,DE93,inside
DE_226264,DE11,inside
DE_226384,DEA2,inside
DE_226388,DE71,inside
DE_226431,DE13,inside
DE_226565,DE71,inside
DE_226882,DE92,inside
DE_226953,DEB1,inside
DE_227,DE91,inside
DE_227044,DE24,inside
DE_227048,DE25,inside
DE_227051,DEA1,inside
DE_227056,DE40,inside
DE_227083,DE93,inside
DE_227084,DE93,inside
DE_227085,DE93,inside
DE_227265,DE92,inside
DE_227267,DE40,inside
DE_227268,DE91,inside
DE_227307,DE94,inside
DE_227352,DED2,inside
DE_227460,DE91,inside
DE_227484,DEG0,inside
DE_227542,DE60,inside
DE_228,DE92,inside
DE_228703,DE91,inside
DE_228704,DE26,inside
DE_228705,DE26,inside
DE_229,DEB3,inside
DE_229106,DE73,inside
DE_229270,DEA5,inside
DE_229271,DEA5,inside
DE_229278,DEA3,inside
DE_2294,DEA2,inside
DE_2296,DEB3,inside
DE_2298,DEB3,inside
DE_229814,DE13,inside
DE_229860,DE21,inside
DE_229861,DE21,inside
DE_2299,DEB3,inside
DE_23,DE60,inside
DE_230,DE92,inside
DE_230342,DEB3,inside
DE_230344,DEB3,inside
DE_230345,DE92,inside
DE_230361,DEB3,inside
DE_230401,DEA1,inside
DE_230441,DEA3,inside
DE_230562,DE11,inside
DE_230622,DEF0,inside
DE_231,DE24,inside
DE_231020,DE12,inside
DE_231423,DE21,inside
DE_231520,DEG0,inside
DE_231721,DEA2,inside
DE_231780,DE71,inside
DE_231781,DEE0,inside
DE_232,DEA3,inside
DE_232140,DEG0,inside
DE_232340,DE60,inside
DE_232361,DEA1,inside
DE_232386,DEE0,inside
DE_232401,DE92,inside
DE_232403,DEA1,inside
DE_232442,DEE0,inside
DE_232560,DEA1,inside
DE_232561,DEA1,inside
DE_232563,DEA1,inside
DE_232746,DE23,inside
DE_233,DED2,inside
DE_233080,DEB3,inside
DE_233383,DEE0,inside
DE_233384,DEE0,inside
DE_234,DEA4,inside
DE_235,DEG0,inside
DE_236,DEG0,inside
DE_237,DE26,inside
DE_238,DEA1,inside
DE_239,DEG0,inside
DE_2397,DE91,inside
DE_24,DE60,inside
DE_240,DEA2,inside
DE_241,DEB3,inside
DE_242,DE80,inside
DE_243,DEA2,inside
DE_244,DED2,inside
DE_245,DE23,inside
DE_246,DE23,inside
DE_247,DE22,inside
DE_248,DE22,inside
DE_249,DE13,inside
DE_2494,DE91,inside
DE_2495,DE91,inside
DE_2496,DEC0,inside
DE_2497,DE91,inside
DE_2498,DED2,inside
DE_2499,DE80,inside
DE_25,DE60,inside
DE_250,DED2,inside
DE_251,DEA1,inside
DE_252,DE92,inside
DE_253,DEE0,inside
DE_254,DED5,inside
DE_255,DEB3,inside
DE_256,DE92,inside
DE_257,DE72,inside
DE_258,DEB3,inside
DE_259,DEA1,inside
DE_2595,DE92,inside
DE_2596,DEF0,inside
DE_2597,DE21,inside
DE_26,DE60,inside
DE_260,DEA2,inside
DE_261,DEA5,inside
DE_262,DE24,inside
DE_263,DEG0,inside
DE_264,DE91,inside
DE_265,DEG0,inside
DE_266,DEG0,inside
DE_267,DEG0,inside
DE_268,DEG0,inside
DE_269,DEA2,inside
DE_2694,DEA2,inside
DE_2695,DE23,inside
DE_2699,DE26,inside
DE_27,DE60,inside
DE_270,DEA3,inside
DE_271,DEF0,inside
DE_272,DEA5,inside
DE_273,DE92,inside
DE_274,DE92,inside
DE_275,DE27,inside
DE_276,DEA2,inside
DE_277,DEA1,inside
DE_278,DEB1,inside
DE_279,DED4,inside
DE_2794,DE80,inside
DE_2795,DE13,inside
DE_2796,DE94,inside
DE_2797,DE12,inside
DE_2798,DEB3,inside
DE_28,DE60,inside
DE_280,DE24,inside
DE_281,DE27,inside
DE_282,DEA1,inside
DE_283,DE27,inside
DE_284,DEA5,inside
DE_285,DEB3,inside
DE_286,DE94,inside
DE_287,DEA5,inside
DE_289,DE22,inside
DE_2894,DE26,inside
DE_29,DE60,inside
DE_290,DE73,inside
DE_291,DE13,inside
DE_292,DE11,inside
DE_293,DEA2,inside
DE_294,DE22,inside
DE_295,DE27,inside
DE_296,DE27,inside
DE_297,DE22,inside
DE_298,DE22,inside
DE_299,DE26,inside
DE_3,DEA3,inside
DE_30,DE60,inside
DE_300,DE72,inside
DE_301,DE27,inside
DE_302,DE27,inside
DE_303,DE27,inside
DE_304,DEA2,inside
DE_305,DE26,inside
DE_306,DE27,inside
DE_307,DE21,inside
DE_308,DE21,inside
DE_309,DE25,inside
DE_31,DEA2,inside
DE_310,DE24,inside
DE_311,DE21,inside
DE_312,DE40,inside
DE_313,DE94,inside
DE_314,DE94,inside
DE_315,DE12,inside
DE_316,DEA3,inside
DE_317,DED4,inside
DE_318,DEG0,inside
DE_319,DEE0,inside
DE_3194,DEG0,inside
DE_32,DEA2,inside
DE_320,DE80,inside
DE_321,DEA1,inside
DE_322,DE25,inside
DE_323,DE80,inside
DE_324,DE40,inside
DE_325,DEG0,inside
DE_326,DE40,inside
DE_327,DE93,inside
DE_328,DE94,inside
DE_329,DE25,inside
DE_33,DE60,inside
DE_330,DE12,inside
DE_331,DEA4,inside
DE_332,DED4,inside
DE_333,DE26,inside
DE_334,DE25,inside
DE_335,DEG0,inside
DE_336,DEA4,inside
DE_337,DEE0,inside
DE_338,DEG0,inside
DE_339,DE27,inside
DE_3394,DED2,inside
DE_3397,DEA2,inside
DE_3398,DEA2,inside
DE_3399,DE26,inside
DE_34,DE94,inside
DE_340,DE23,inside
DE_341,DE94,inside
DE_342,CZ04,inside
DE_343,DE21,inside
DE_344,DE26,inside
DE_345,DE94,inside
DE_346,DE94,inside
DE_347,DE92,inside
DE_348,DE21,inside
DE_349,DE22,inside
DE_35,DEA2,inside
DE_350,DE21,inside
DE_352,DEB1,inside
DE_353,DE21,inside
DE_354,DE21,inside
DE_355,DE40,inside
DE_356,DEA3,inside
DE_357,DE93,inside
DE_358,DE24,inside
DE_359,DEB1,inside
DE_3595,DEE0,inside
DE_3596,DED5,inside
DE_3597,DEA5,inside
DE_3598,DEA2,inside
DE_3599,DE73,inside
DE_36,DEA1,inside
DE_360,DEA3,inside
DE_361,DE21,inside
DE_362,DE72,inside
DE_363,DE27,inside
DE_364,DEA2,inside
DE_365,DEB1,inside
DE_366,DEA2,inside
DE_367,DE72,inside
DE_368,DEA1,inside
DE_369,DED5,inside
DE_3694,DE27,inside
DE_3695,DE22,inside
DE_3696,DE23,inside
DE_3697,DE11,inside
DE_3698,DE40,inside
DE_3699,DEA1,inside
DE_37,DE92,inside
DE_370,DE22,inside
DE_371,DE23,inside
DE_372,DEB1,inside
DE_375,DEA2,inside
DE_376,DEA2,inside
DE_377,DEA1,inside
DE_378,DE71,inside
DE_379,DE40,inside
DE_3794,DEE0,inside
DE_3795,DEA4,inside
DE_3796,DEA2,inside
DE_3797,DEA4,inside
DE_3799,DE80,inside
DE_38,DEC0,inside
DE_380,DE11,inside
DE_381,DE73,inside
DE_382,DEA1,inside
DE_383,DEA1,inside
DE_384,DE91,inside
DE_385,DEA4,inside
DE_386,DED2,inside
DE_387,DED2,inside
DE_388,DEA1,inside
DE_389,DE40,inside
DE_3894,DE71,inside
DE_3895,DEB3,inside
DE_3896,DEA2,inside
DE_3897,DEA2,inside
DE_3898,DEA3,inside
DE_39,DEG0,inside
DE_390,DE21,inside
DE_3900,DE21,inside
DE_3901,DEE0,inside
DE_3902,DEC0,inside
DE_391,DE21,inside
DE_392,DE73,inside
DE_393,DE93,inside
DE_394,DE71,inside
DE_395,DE73,inside
DE_396,DE21,inside
DE_398,DE21,inside
DE_399,DE40,inside
DE_4,DEA3,inside
DE_40,DE91,inside
DE_400,DE94,inside
DE_4005,DEA1,inside
DE_401,DE92,inside
DE_402,DE94,inside
DE_403,DE73,inside
DE_404,DE73,inside
DE_405,DE71,inside
DE_406,DEG0,inside
DE_407,DE40,inside
DE_408,DEA5,inside
DE_409,DED2,inside
DE_41,DE27,inside
DE_410,DE22,inside
DE_4100,DEA2,inside
DE_4101,DE40,inside
DE_4102,DEB3,inside
DE_4103,DED2,inside
DE_4104,DED2,inside
DE_4105,DEE0,inside
DE_4106,DEB3,inside
DE_4107,DE73,inside
DE_4108,DEA1,inside
DE_4109,DE60,inside
DE_411,DEA4,inside
DE_4110,DED2,inside
DE_4111,DE94,inside
DE_4112,DEA3,inside
DE_4113,DE71,inside
DE_4114,DEA3,inside
DE_4115,DE12,inside
DE_4116,DE21,inside
DE_4117,DE27,inside
DE_4118,DEB1,inside
DE_4119,DE26,inside
DE_412,DED2,inside
DE_4120,DE25,inside
DE_4121,DED2,inside
DE_4122,DEB1,inside
DE_4123,DE72,inside
DE_4124,DE27,inside
DE_4125,DEB1,inside
DE_4126,DEA2,inside
DE_4127,DE73,inside
DE_4128,DEE0,inside
DE_4129,DEA4,inside
DE_413,DEE0,inside
DE_4130,DE92,inside
DE_4131,DE94,inside
DE_4132,DE21,inside
DE_4133,DEE0,inside
DE_4134,DEA3,inside
DE_4135,DEE0,inside
DE_4136,DE73,inside
DE_4137,DEC0,inside
DE_4138,DEA3,inside
DE_4139,DEE0,inside
DE_414,DE94,inside
DE_4140,DEA5,inside
DE_4141,DE93,nearest_5km
DE_4142,DE11,inside
DE_4143,DE40,inside
DE_4144,DE40,inside
DE_4145,DEB3,inside
DE_4146,DE21,inside
DE_4147,DE93,inside
DE_4148,DE21,inside
DE_4149,DE27,inside
DE_415,DEA1,inside
DE_4150,DE40,inside
DE_4151,DE50,inside
DE_4152,DEB2,inside
DE_4153,DEB1,inside
DE_4154,DE13,inside
DE_4155,DE40,inside
DE_4156,DEG0,inside
DE_4157,DE22,inside
DE_4158,DE22,inside
DE_4159,DE24,inside
DE_416,DEA3,inside
DE_4160,DE93,inside
DE_4161,DE21,inside
DE_4162,DE22,inside
DE_4163,DE80,inside
DE_4164,DE14,inside
DE_4165,DEA3,inside
DE_4166,DEA5,inside
DE_4167,DE26,inside
DE_4168,DE24,inside
DE_4169,DEE0,inside
DE_417,DEA1,inside
DE_4170,DE40,inside
DE_4171,DEA3,inside
DE_4172,DE93,inside
DE_418,DE11,inside
DE_419,DEA3,inside
DE_42,DE91,inside
DE_420,DEA4,inside
DE_421,DE94,inside
DE_422,DEA1,inside
DE_423,DE94,inside
DE_424,DEF0,inside
DE_425,DE11,inside
DE_426,DE71,inside
DE_427,DE94,inside
DE_428,DE94,inside
DE_429,DE94,inside
DE_43,DE91,inside
DE_430,DEA3,inside
DE_431,DE94,inside
DE_432,DE94,inside
DE_433,DEA4,inside
DE_434,DEA4,inside
DE_435,DEA4,inside
DE_436,DEB3,inside
DE_437,DEA3,inside
DE_438,DE26,inside
DE_439,DE94,inside
DE_44,DEA1,inside
DE_440,DE94,inside
DE_441,DE14,inside
DE_442,DE22,inside
DE_443,DE27,inside
DE_444,DE73,inside
DE_445,DEA4,inside
DE_446,DE93,inside
DE_447,DE94,inside
DE_448,DEA5,inside
DE_449,DE14,inside
DE_45,DEA3,inside
DE_450,DE91,inside
DE_451,DEF0,inside
DE_452,DE40,inside
DE_453,DEA3,inside
DE_454,DEB1,inside
DE_455,DED5,inside
DE_456,DED2,inside
DE_457,DED2,inside
DE_458,DE22,inside
DE_459,DED2,inside
DE_46,DE40,inside
DE_460,DE12,inside
DE_461,DE91,inside
DE_462,DE21,inside
DE_463,DE27,inside
DE_464,DE23,inside
DE_465,DE22,inside
DE_466,DEB3,inside
DE_467,DEB1,inside
DE_468,DE21,inside
DE_469,DE21,inside
DE_47,DE72,inside
DE_470,DE92,inside
DE_471,DE92,inside
DE_472,DE91,inside
DE_473,DED2,inside
DE_474,DEA3,inside
DE_475,DEA3,inside
DE_476,DEA3,inside
DE_477,DE91,inside
DE_478,DE14,inside
DE_479,DEF0,inside
DE_48,DEA5,inside
DE_480,DE21,inside
DE_481,DEA3,inside
DE_482,DEA2,inside
DE_483,DE73,inside
DE_484,DE23,inside
DE_485,DE22,inside
DE_486,DE22,inside
DE_487,DE12,inside
DE_488,DEE0,inside
DE_489,DE14,inside
DE_49,DEC0,inside
DE_490,DE24,inside
DE_491,DE92,inside
DE_492,DE12,inside
DE_493,DE12,inside
DE_494,DE73,inside
DE_495,DE11,inside
DE_496,DE21,inside
DE_497,DE21,inside
DE_498,DED4,inside
DE_499,DE26,inside
DE_5,DE21,inside
DE_50,DE13,inside
DE_500,DEB3,inside
DE_501,DE11,inside
DE_502,DEF0,inside
DE_503,DEG0,inside
DE_504,DE94,inside
DE_505,DED4,inside
DE_506,DEF0,inside
DE_507,DEB3,inside
DE_508,DEA1,inside
DE_509,DEG0,inside
DE_51,DE40,inside
DE_510,DE73,inside
DE_511,DEA1,inside
DE_512,DE12,inside
DE_513,DEA5,inside
DE_514,DEA5,inside
DE_515,DED4,inside
DE_516,DE94,inside
DE_517,DEA1,inside
DE_518,DE27,inside
DE_519,DE12,inside
DE_52,DEC0,inside
DE_520,DEA1,inside
DE_521,DEA1,inside
DE_522,DE94,inside
DE_523,DE91,inside
DE_524,DE21,inside
DE_525,DE94,inside
DE_526,DED4,inside
DE_527,DE27,inside
DE_528,DE13,inside
DE_529,DE11,inside
DE_53,DEA1,inside
DE_530,DE11,inside
DE_531,DEA5,inside
DE_532,DED4,inside
DE_533,DE12,inside
DE_534,DE92,inside
DE_535,DEA2,inside
DE_536,DED2,inside
DE_537,DEA2,inside
DE_538,DE73,inside
DE_539,DEA2,inside
DE_54,DE94,inside
DE_540,DE11,inside
DE_541,DEA2,inside
DE_542,DEA2,inside
DE_543,DEA2,inside
DE_544,DE80,inside
DE_545,DED4,inside
DE_546,DEB1,inside
DE_547,DE12,inside
DE_548,DE11,inside
DE_549,DE94,inside
DE_55,DEA5,inside
DE_550,DED4,inside
DE_551,DED2,inside
DE_552,DE21,inside
DE_553,DEA5,inside
DE_554,DE71,inside
DE_555,DEB3,inside
DE_556,DEB3,inside
DE_557,DE13,inside
DE_558,DE13,inside
DE_559,DE12,inside
DE_56,DEC0,inside
DE_560,DE14,inside
DE_561,DE11,inside
DE_562,DE13,inside
DE_563,DE14,inside
DE_564,DED2,inside
DE_565,DEF0,inside
DE_566,DEB1,inside
DE_567,DEB1,inside
DE_568,DE92,inside
DE_569,DE12,inside
DE_57,DED2,inside
DE_570,DEB3,inside
DE_571,DEA1,inside
DE_572,DEA4,inside
DE_574,DE11,inside
DE_575,DEF0,inside
DE_576,DEA4,inside
DE_578,DEE0,inside
DE_579,DEA4,inside
DE_58,DE94,inside
DE_580,DE12,inside
DE_581,DE27,inside
DE_582,DEA1,inside
DE_583,DE92,inside
DE_584,DE94,inside
DE_585,DEA2,inside
DE_586,DE92,inside
DE_587,DE14,inside
DE_588,DEA1,inside
DE_589,DEA2,inside
DE_59,DEC0,inside
DE_590,DE21,inside
DE_591,DE40,inside
DE_592,DEA5,inside
DE_593,DED4,inside
DE_594,DED2,inside
DE_595,DEA5,inside
DE_596,DEA3,inside
DE_597,DEA2,inside
DE_598,DEA2,inside
DE_599,DE27,inside
DE_6,DEF0,inside
DE_60,DE50,inside
DE_600,DE21,inside
DE_601,DE13,inside
DE_602,DEA2,inside
DE_603,DE21,inside
DE_604,DEA2,inside
DE_605,DE21,inside
DE_606,DE26,inside
DE_607,DED5,inside
DE_608,DED5,inside
DE_609,DE22,inside
DE_61,DEB2,inside
DE_610,DE27,inside
DE_611,DE73,inside
DE_612,DEF0,inside
DE_613,DE71,inside
DE_614,DE11,inside
DE_615,DEA2,inside
DE_616,DE26,inside
DE_617,DE21,inside
DE_618,DEE0,inside
DE_619,DEC0,inside
DE_62,DEA1,inside
DE_620,DE91,inside
DE_621,DE92,inside
DE_622,DEA2,inside
DE_623,DEA1,inside
DE_624,DE11,inside
DE_625,DE14,inside
DE_626,DE14,inside
DE_627,DE11,inside
DE_629,DEC0,inside
DE_63,DED2,inside
DE_630,DE14,inside
DE_631,DE73,inside
DE_632,DE72,inside
DE_633,DEE0,inside
DE_634,DEE0,inside
DE_635,DEA2,inside
DE_636,DE27,inside
DE_637,DE25,inside
DE_638,DE14,inside
DE_639,DE25,inside
DE_64,DEA5,inside
DE_640,DE25,inside
DE_641,DE25,inside
DE_642,DE25,inside
DE_643,DE14,inside
DE_644,DE12,inside
DE_645,DEC0,inside
DE_646,DEB3,inside
DE_647,DE25,inside
DE_648,DE92,inside
DE_649,DEA1,inside
DE_65,DEA1,inside
DE_650,DEA1,inside
DE_651,DE93,inside
DE_652,DE14,inside
DE_653,DE94,inside
DE_654,DE27,inside
DE_655,DE73,inside
DE_656,DE27,inside
DE_657,DEA1,inside
DE_658,DE27,inside
DE_659,DE11,inside
DE_66,DEA1,inside
DE_660,DE27,inside
DE_661,DEE0,inside
DE_662,DEB3,inside
DE_663,DE11,inside
DE_664,DE27,inside
DE_665,DE80,inside
DE_666,DEB1,inside
DE_667,DE40,inside
DE_668,DEA2,inside
DE_669,DEA3,inside
DE_67,DE60,inside
DE_670,DEA1,inside
DE_671,DED5,inside
DE_672,DEA3,inside
DE_673,DEA1,inside
DE_674,DE92,inside
DE_675,DE94,inside
DE_676,DEF0,inside
DE_677,DE22,inside
DE_678,DEB3,inside
DE_679,DE94,inside
DE_68,DEA1,inside
DE_680,DE26,inside
DE_681,DEA4,inside
DE_682,DEA1,inside
DE_683,DE71,inside
DE_684,DED2,inside
DE_685,DE80,inside
DE_686,DE25,inside
DE_687,DEA3,inside
DE_688,DE22,inside
DE_689,DEA3,inside
DE_69,DEA1,inside
DE_690,DEC0,inside
DE_691,DE24,inside
DE_692,DE11,inside
DE_693,DEA5,inside
DE_694,DE80,inside
DE_695,DE13,inside
DE_696,DE80,inside
DE_697,DE80,inside
DE_698,DEA4,inside
DE_699,DE80,inside
DE_7,DE22,inside
DE_70,DE40,inside
DE_700,DEE0,inside
DE_701,DE21,inside
DE_702,DE14,inside
DE_703,DEE0,inside
DE_704,DE40,inside
DE_705,DEA2,inside
DE_706,DE73,inside
DE_707,DEA4,inside
DE_708,DE11,inside
DE_709,DE26,inside
DE_71,DEA5,inside
DE_710,DE27,inside
DE_711,DE22,inside
DE_712,DEA2,inside
DE_713,DE40,inside
DE_714,DE23,inside
DE_715,DE73,inside
DE_716,DEF0,inside
DE_717,DE27,inside
DE_718,DE60,inside
DE_719,DE71,inside
DE_72,DED2,inside
DE_720,DEA5,inside
DE_721,DE91,inside
DE_722,DE27,inside
DE_723,DE11,inside
DE_724,DEE0,inside
DE_725,DE80,inside
DE_726,DE71,inside
DE_727,DEB3,inside
DE_728,DEE0,inside
DE_729,DE14,inside
DE_73,DE73,inside
DE_730,DEF0,inside
DE_731,DEA1,inside
DE_732,DEB3,inside
DE_733,DEF0,inside
DE_734,DEF0,inside
DE_735,DE60,inside
DE_736,DEF0,inside
DE_737,DEA1,inside
DE_738,DE26,inside
DE_739,DED2,inside
DE_74,DEF0,inside
DE_740,DE14,inside
DE_741,DE21,inside
DE_742,DE27,inside
DE_743,DEA1,inside
DE_744,DE21,inside
DE_745,DE30,inside
DE_746,DEA5,inside
DE_747,DE21,inside
DE_748,DE21,inside
DE_749,DE91,inside
DE_75,DE92,inside
DE_750,DE21,inside
DE_751,DED2,inside
DE_752,DE21,inside
DE_753,DED2,inside
DE_754,DED2,inside
DE_755,DE21,inside
DE_756,DE21,inside
DE_757,DE21,inside
DE_758,DE21,inside
DE_759,DE21,inside
DE_76,DE21,inside
DE_760,DEF0,inside
DE_761,DEB3,inside
DE_762,DE94,inside
DE_763,DEA4,inside
DE_764,DEE0,inside
DE_765,DEA1,inside
DE_766,DE21,inside
DE_767,DE21,inside
DE_768,DE71,inside
DE_769,DE26,inside
DE_77,DEB2,inside
DE_770,DE26,inside
DE_771,DEB3,inside
DE_772,DE71,inside
DE_773,DE60,inside
DE_774,DEA1,inside
DE_775,DEG0,inside
DE_776,DEA1,inside
DE_777,DE22,inside
DE_778,DE21,inside
DE_779,DEA5,inside
DE_78,DEA3,inside
DE_780,DE14,inside
DE_781,DE25,inside
DE_782,DEA1,inside
DE_783,DEA1,inside
DE_784,DEA4,inside
DE_785,DEF0,inside
DE_786,DE71,inside
DE_787,DE11,inside
DE_788,DEE0,inside
DE_789,DE24,inside
DE_79,DEA3,inside
DE_790,DE71,inside
DE_791,DE24,inside
DE_793,DEA1,inside
DE_794,DEA1,inside
DE_795,DE21,inside
DE_796,DE27,inside
DE_797,DE13,inside
DE_798,DEF0,inside
DE_799,DEB3,inside
DE_8,DE21,inside
DE_80,DE14,inside
DE_800,DEA1,inside
DE_801,DE71,inside
DE_802,DE30,inside
DE_804,DE21,inside
DE_805,DE40,inside
DE_806,DEA2,inside
DE_807,DE21,inside
DE_808,DEF0,inside
DE_809,DEA1,inside
DE_81,DE40,inside
DE_810,DEA1,inside
DE_811,DED4,inside
DE_812,DE30,inside
DE_813,DED2,inside
DE_814,DE21,inside
DE_815,DEA5,inside
DE_816,DEF0,inside
DE_817,DE12,inside
DE_818,DE30,inside
DE_819,DEA2,inside
DE_82,DE11,inside
DE_820,DED2,inside
DE_821,DE40,inside
DE_822,DEA5,inside
DE_823,DE40,inside
DE_824,DEA2,inside
DE_825,DE80,inside
DE_826,DEA1,inside
DE_827,DEF0,nearest_5km
DE_828,DEA2,inside
DE_829,DEA1,inside
DE_83,DEE0,inside
DE_830,DE50,inside
DE_831,DE26,inside
DE_832,DEA1,inside
DE_833,DEA1,inside
DE_834,DEF0,inside
DE_835,DEA2,inside
DE_836,DE11,inside
DE_837,DE26,inside
DE_838,DEC0,inside
DE_839,DEC0,inside
DE_84,DE26,inside
DE_840,DEC0,inside
DE_841,DEB3,inside
DE_842,DEA3,inside
DE_843,DEF0,inside
DE_844,DE60,inside
DE_845,DEC0,inside
DE_846,DE93,inside
DE_847,DEB3,inside
DE_848,DED4,inside
DE_849,DE21,inside
DE_85,DE12,inside
DE_850,DE60,inside
DE_851,DEC0,inside
DE_852,DEC0,inside
DE_853,DEA2,inside
DE_854,DEA3,inside
DE_855,DEC0,inside
DE_856,DE21,inside
DE_857,DE12,inside
DE_858,DEA1,inside
DE_859,DE40,inside
DE_86,DEA3,inside
DE_860,DEA2,inside
DE_861,DE40,inside
DE_862,DEA4,inside
DE_863,DEA1,inside
DE_864,DEE0,inside
DE_865,DE40,inside
DE_866,DE40,inside
DE_867,DE11,inside
DE_868,DEA1,inside
DE_869,DE30,inside
DE_87,DEA5,inside
DE_870,DEG0,inside
DE_871,DE80,inside
DE_872,DEA4,inside
DE_873,DEA2,inside
DE_874,DEE0,inside
DE_875,DED2,inside
DE_876,DE94,inside
DE_877,DE26,inside
DE_878,DEA1,inside
DE_879,DE93,inside
DE_88,DEA3,inside
DE_880,DEA1,inside
DE_881,DEA1,inside
DE_882,DEA1,inside
DE_883,DEA1,inside
DE_884,DE71,inside
DE_885,DE92,inside
DE_886,DEA2,inside
DE_887,DE60,inside
DE_888,DE27,inside
DE_889,DEC0,inside
DE_89,DEA5,inside
DE_890,DEA4,inside
DE_891,DED4,inside
DE_892,DE27,inside
DE_893,DE71,inside
DE_894,DED4,inside
DE_895,DEE0,inside
DE_896,DEF0,inside
DE_897,DE40,inside
DE_898,DEA1,inside
DE_899,DEA1,inside
DE_9,DE21,inside
DE_90,DEA4,inside
DE_900,DED4,inside
DE_901,DEG0,inside
DE_902,DEG0,inside
DE_903,DE40,inside
DE_904,DEG0,inside
DE_905,DE12,inside
DE_906,DEA1,inside
DE_907,DE92,inside
DE_908,DED2,inside
DE_909,DE24,inside
DE_91,DE72,inside
DE_910,DE71,inside
DE_911,DE71,inside
DE_912,DE71,inside
DE_913,DEG0,inside
DE_914,DEA2,inside
DE_915,DEG0,inside
DE_916,DED4,inside
DE_917,DEA5,inside
DE_918,DE71,inside
DE_919,DEA5,inside
DE_92,DE71,inside
DE_920,DE26,inside
DE_921,DED4,inside
DE_922,DEA1,inside
DE_923,DEF0,inside
DE_924,DE94,inside
DE_925,DE92,inside
DE_926,DEB1,inside
DE_927,DE94,inside
DE_928,DE23,inside
DE_929,DE94,inside
DE_93,DEA2,inside
DE_930,DE91,inside
DE_931,DE23,inside
DE_932,DE26,inside
DE_933,DE40,inside
DE_934,DE91,inside
DE_935,DE22,inside
DE_936,DE21,inside
DE_937,DE60,inside
DE_938,DE27,inside
DE_939,DE91,inside
DE_94,DE26,inside
DE_940,DE71,inside
DE_941,CH03,inside
DE_942,DEA1,inside
DE_943,DE40,inside
DE_944,DEE0,inside
DE_945,DE27,inside
DE_946,DE94,inside
DE_947,DE71,inside
DE_948,DE71,inside
DE_949,DE94,inside
DE_95,DE12,inside
DE_950,DEA1,inside
DE_951,DE60,inside
DE_952,DEF0,inside
DE_953,DEA3,inside
DE_954,DE73,inside
DE_956,DE13,inside
DE_958,DE73,inside
DE_959,DE73,inside
DE_96,AT33,inside
DE_960,DE73,inside
DE_961,DEE0,inside
DE_962,DEA4,inside
DE_963,DE21,inside
DE_964,DEG0,inside
DE_965,DEA3,inside
DE_966,DEA5,inside
DE_967,DE21,inside
DE_968,DE13,inside
DE_969,DE94,nearest_5km
DE_97,DEA3,inside
DE_970,DEA5,inside
DE_971,DE11,inside
DE_972,DE73,inside
DE_973,DEG0,inside
DE_974,DE94,inside
DE_975,DE71,inside
DE_976,DEA2,inside
DE_977,DEG0,inside
DE_978,DEE0,inside
DE_979,DE25,inside
DE_98,DEA5,inside
DE_980,DEA2,inside
DE_981,DE50,inside
DE_982,DEA2,inside
DE_983,DED4,inside
DE_984,DEA2,inside
DE_985,DEA1,inside
DE_986,DEA5,inside
DE_987,DE21,inside
DE_988,DEG0,inside
DE_989,DED2,inside
DE_99,DE14,inside
DE_990,DE40,inside
DE_991,DEA1,inside
DE_992,DED5,inside
DE_993,DEA1,inside
DE_994,DE92,inside
DE_995,DE94,inside
DE_996,DE27,inside
DE_997,DE12,inside
DE_998,DE92,inside
DE_999,DE94,inside
DK_1,DK01,inside
DK_10,DK04,inside
DK_100,DK03,inside
DK_101,DK03,inside
DK_102,DK01,inside
DK_103,DK05,inside
DK_104,DK04,inside
DK_105,DK04,inside
DK_106,DK04,inside
DK_107,DK03,inside
DK_108,DK04,inside
DK_109,,inside
DK_11,DK01,inside
DK_110,,inside
DK_111,DK05,inside
DK_112,DK03,inside
DK_113,DK03,inside
DK_114,DK03,inside
DK_115,DK03,inside
DK_116,DK03,inside
DK_117,DK03,inside
DK_118,DK03,inside
DK_119,DK03,inside
DK_12,DK01,inside
DK_120,DK03,inside
DK_121,DK03,inside
DK_122,DK03,inside
DK_123,DK03,inside
DK_124,DK03,nearest_5km
DK_125,DK03,inside
DK_126,DK03,inside
DK_127,DK03,inside
DK_128,DK03,inside
DK_129,DK03,inside
DK_13,DK02,inside
DK_130,DK03,inside
DK_131,DK03,inside
DK_132,DK03,inside
DK_133,DK03,inside
DK_134,DK03,inside
DK_135,DK04,inside
DK_136,DK03,inside
DK_137,DK03,inside
DK_138,DK04,inside
DK_139,DK04,inside
DK_14,DK01,inside
DK_140,DK05,inside
DK_141,DK04,inside
DK_142,DK03,inside
DK_143,DK03,inside
DK_144,DK03,inside
DK_145,DK03,inside
DK_146,DK02,inside
DK_147,DK04,inside
DK_148,DK05,inside
DK_149,DK04,inside
DK_15,DK01,inside
DK_150,DK04,inside
DK_151,DK02,inside
DK_152,DK02,inside
DK_153,DK03,inside
DK_154,DK04,inside
DK_155,DK04,inside
DK_156,DK03,inside
DK_157,DK02,inside
DK_158,DK02,inside
DK_159,DK01,inside
DK_16,DK04,inside
DK_160,DK01,inside
DK_161,DK01,inside
DK_162,DK01,inside
DK_163,DK04,inside
DK_164,DK02,inside
DK_165,DK03,inside
DK_166,DK05,inside
DK_167,DK05,inside
DK_168,DK03,inside
DK_169,DK04,inside
DK_17,DK04,inside
DK_170,DK04,inside
DK_171,DK04,inside
DK_172,DK04,inside
DK_173,DK04,inside
DK_174,DK03,inside
DK_175,DK03,inside
DK_176,DK03,inside
DK_177,DK05,nearest_5km
DK_178,DK03,inside
DK_179,DK03,inside
DK_18,DK03,inside
DK_180,DK04,inside
DK_181,DK03,inside
DK_182,DK03,inside
DK_183,DK05,inside
DK_184,DK04,inside
DK_185,DK03,inside
DK_186,DK03,inside
DK_187,DK03,inside
DK_188,DK05,inside
DK_189,DK05,inside
DK_19,DK03,inside
DK_190,DK01,inside
DK_191,DK01,inside
DK_192,DK05,inside
DK_193,DK05,inside
DK_194,DK05,inside
DK_195,DK05,inside
DK_196,DK01,inside
DK_197,DK04,inside
DK_198,DK04,inside
DK_199,DK04,inside
DK_2,DK01,inside
DK_20,DK04,inside
DK_200,DK03,inside
DK_201,DK03,inside
DK_202,DK04,inside
DK_202197,DK01,nearest_5km
DK_202591,DK05,inside
DK_202613,DK03,inside
DK_202700,DK03,nearest_5km
DK_202826,DK02,inside
DK_202828,DK03,inside
DK_202911,DK05,inside
DK_202996,DK03,inside
DK_203,DK04,inside
DK_203364,DK01,inside
DK_203614,DK03,inside
DK_203845,DK03,inside
DK_203937,DK04,inside
DK_204,DK02,inside
DK_204108,DK02,inside
DK_204462,DK04,inside
DK_205,DK02,inside
DK_205514,DK02,inside
DK_205515,DK02,inside
DK_205550,DK05,inside
DK_205619,DK04,inside
DK_205625,DK03,inside
DK_205663,DK05,inside
DK_205991,DK03,inside
DK_206,DK02,inside
DK_206008,DK01,inside
DK_206031,DK04,inside
DK_207,,inside
DK_207003,DK01,inside
DK_208,DK02,inside
DK_208984,DK01,inside
DK_209,DK02,inside
DK_209028,DK03,inside
DK_21,DK05,inside
DK_210,DK01,inside
DK_210419,DK04,inside
DK_210839,DK04,inside
DK_211,DK02,inside
DK_212,DK01,inside
DK_212420,DK03,nearest_5km
DK_212680,DK04,inside
DK_212681,DK03,inside
DK_213,DK01,inside
DK_214,DK01,inside
DK_215,DK01,inside
DK_215720,DK04,inside
DK_216,DK01,inside
DK_216200,DK04,inside
DK_217,DK01,inside
DK_217120,DK03,inside
DK_218,DK01,inside
DK_219,DK02,inside
DK_219100,DK03,inside
DK_219160,DK03,inside
DK_219161,DK03,inside
DK_22,DK05,inside
DK_220,DK04,inside
DK_221,DK04,inside
DK_222,DK02,inside
DK_223,DK02,inside
DK_224,DK04,inside
DK_224203,DK01,inside
DK_225,DK03,inside
DK_226,DK02,inside
DK_227,DK04,inside
DK_227843,DK04,inside
DK_228,DK02,inside
DK_228061,DK01,inside
DK_228100,DK02,inside
DK_228102,DK01,inside
DK_228123,DK03,inside
DK_228381,DK03,inside
DK_229,DK01,inside
DK_23,DK05,inside
DK_230,DK01,inside
DK_231,DK05,nearest_5km
DK_231101,DK01,inside
DK_231303,DK02,inside
DK_231305,DK02,inside
DK_232,DK05,inside
DK_233,DK01,inside
DK_234,DK03,inside
DK_235,DK01,inside
DK_236,DK01,inside
DK_237,DK03,nearest_5km
DK_238,DK03,inside
DK_239,DK03,inside
DK_24,DK05,inside
DK_240,DK01,inside
DK_241,DK01,inside
DK_242,DK01,inside
DK_243,DK01,inside
DK_244,DK01,inside
DK_245,DK01,inside
DK_246,DK01,inside
DK_247,DK04,inside
DK_248,DK01,inside
DK_249,DK03,inside
DK_25,DK05,inside
DK_250,DK01,inside
DK_251,DK01,inside
DK_252,DK04,inside
DK_253,DK04,inside
DK_254,DK01,inside
DK_255,DK01,inside
DK_256,DK04,inside
DK_257,DK04,inside
DK_258,DK03,inside
DK_259,DK04,nearest_5km
DK_26,DK05,inside
DK_260,DK04,inside
DK_261,DK03,inside
DK_262,DK03,inside
DK_263,DK02,inside
DK_264,DK02,inside
DK_265,DK05,inside
DK_266,DK04,nearest_5km
DK_267,DK05,nearest_5km
DK_268,DK02,inside
DK_269,DK04,inside
DK_27,DK05,inside
DK_270,DK04,inside
DK_271,DK02,inside
DK_272,DK04,inside
DK_273,DK03,inside
DK_274,,inside
DK_275,DK05,nearest_5km
DK_276,,inside
DK_277,DK03,nearest_5km
DK_278,DK04,inside
DK_279,DK05,inside
DK_28,DK04,inside
DK_280,DK04,inside
DK_281,DK04,inside
DK_282,DK04,inside
DK_283,DK04,inside
DK_284,DK03,inside
DK_285,DK03,inside
DK_286,DK03,inside
DK_287,DK02,inside
DK_288,DK02,inside
DK_289,DK01,inside
DK_29,DK03,inside
DK_290,DK01,inside
DK_291,DK02,inside
DK_292,DK05,inside
DK_293,DK01,inside
DK_294,DK03,inside
DK_295,DK02,inside
DK_296,DK05,inside
DK_297,DK02,inside
DK_298,DK04,inside
DK_299,DK04,inside
DK_3,DK04,inside
DK_30,DK05,inside
DK_300,DK04,inside
DK_301,DK03,inside
DK_302,DK03,inside
DK_303,DK04,inside
DK_304,DK04,inside
DK_305,DK03,inside
DK_306,DK03,inside
DK_307,DK02,inside
DK_308,DK02,inside
DK_309,DK01,inside
DK_31,DK03,inside
DK_310,DK03,nearest_5km
DK_311,DK04,nearest_5km
DK_312,DK04,inside
DK_313,DK01,inside
DK_314,DK01,inside
DK_315,DK03,inside
DK_316,DK02,inside
DK_317,DK02,inside
DK_318,DK03,inside
DK_319,DK03,inside
DK_32,DK03,inside
DK_320,DK03,inside
DK_321,DK03,inside
DK_322,DK05,nearest_5km
DK_323,DK04,inside
DK_324,DK05,inside
DK_325,DK04,inside
DK_326,DK05,inside
DK_327,DK01,inside
DK_328,DK03,inside
DK_329,DK03,inside
DK_33,DK03,inside
DK_330,DK05,inside
DK_331,DK04,inside
DK_332,DK05,inside
DK_333,DK03,inside
DK_334,DK03,inside
DK_335,DK03,inside
DK_336,DK03,inside
DK_337,DK03,inside
DK_338,DK05,inside
DK_339,DK01,inside
DK_34,DK03,inside
DK_340,DK01,inside
DK_341,DK01,inside
DK_342,DK05,inside
DK_343,DK02,inside
DK_344,DK05,inside
DK_345,DK02,inside
DK_346,DK05,inside
DK_347,DK03,nearest_5km
DK_348,DK03,inside
DK_349,DK02,inside
DK_35,DK03,nearest_5km
DK_350,DK04,inside
DK_351,DK05,inside
DK_352,DK01,inside
DK_353,DK03,inside
DK_354,DK04,inside
DK_355,DK04,inside
DK_356,DK03,inside
DK_357,DK03,inside
DK_358,DK05,inside
DK_359,DK03,inside
DK_36,DK03,inside
DK_360,DK03,inside
DK_361,DK01,inside
DK_362,DK03,inside
DK_363,DK03,inside
DK_364,DK04,inside
DK_365,DK04,inside
DK_366,DK02,inside
DK_367,DK01,inside
DK_368,DK03,inside
DK_369,DK01,inside
DK_37,DK03,inside
DK_370,DK01,inside
DK_371,DK01,inside
DK_372,DK01,inside
DK_373,DK01,inside
DK_374,DK01,inside
DK_375,DK01,inside
DK_376,DK01,inside
DK_377,DK01,inside
DK_378,DK01,inside
DK_379,DK01,inside
DK_38,DK04,inside
DK_380,DK05,inside
DK_381,DK03,nearest_5km
DK_382,DK04,inside
DK_383,DK03,inside
DK_384,DK03,inside
DK_385,DK05,inside
DK_387,DK01,nearest_5km
DK_388,DK03,inside
DK_389,DK04,inside
DK_39,DK03,inside
DK_390,DK04,inside
DK_391,DK03,inside
DK_392,DK04,inside
DK_393,DK03,inside
DK_394,DK03,inside
DK_395,DK01,inside
DK_396,DK05,inside
DK_397,DK02,inside
DK_398,DK03,inside
DK_399,DK02,inside
DK_4,DK04,inside
DK_40,DK01,inside
DK_400,DK03,inside
DK_401,DK04,inside
DK_402,DK04,inside
DK_403,DK03,inside
DK_404,DK02,inside
DK_405,DK04,inside
DK_406,DK01,inside
DK_407,DK02,inside
DK_408,DK01,inside
DK_409,DK01,inside
DK_41,DK01,inside
DK_410,DK05,inside
DK_411,DK02,nearest_5km
DK_413,DK01,inside
DK_42,DK01,nearest_5km
DK_43,DK01,inside
DK_44,DK01,inside
DK_45,DK01,inside
DK_47,DK01,inside
DK_48,DK01,inside
DK_49,DK02,nearest_5km
DK_5,DK04,inside
DK_50,DK01,inside
DK_51,DK01,inside
DK_52,DK01,inside
DK_53,DK01,inside
DK_54,DK01,inside
DK_55,DK01,inside
DK_56,DK01,inside
DK_57,DK01,inside
DK_58,DK05,inside
DK_59,DK02,inside
DK_6,DK01,inside
DK_60,DK03,inside
DK_61,DK01,inside
DK_62,DK01,inside
DK_63,DK05,inside
DK_64,DK01,inside
DK_65,DK03,inside
DK_66,DK03,inside
DK_67,DK04,inside
DK_68,DK04,inside
DK_69,DK03,inside
DK_7,DK01,inside
DK_70,DK04,inside
DK_71,DK04,inside
DK_72,DK03,inside
DK_73,DK04,inside
DK_74,DK04,inside
DK_75,DK04,inside
DK_76,DK03,inside
DK_77,DK03,inside
DK_78,DK05,inside
DK_79,DK05,nearest_5km
DK_8,DK01,inside
DK_80,DK03,nearest_5km
DK_81,DK04,inside
DK_82,DK04,inside
DK_83,DK04,inside
DK_84,DK04,inside
DK_85,DK04,inside
DK_86,DK04,inside
DK_87,DK03,inside
DK_88,DK03,inside
DK_89,DK03,inside
DK_9,DK04,inside
DK_90,DK02,inside
DK_91,DK01,nearest_5km
DK_92,DK04,inside
DK_93,DK04,inside
DK_94,DK04,inside
DK_95,DK04,inside
DK_96,DK04,inside
DK_97,DK04,inside
DK_98,DK04,inside
DK_99,DK04,inside
EE_1,EE00,inside
EE_10,EE00,inside
EE_11,EE00,inside
EE_12,EE00,inside
EE_13,EE00,inside
EE_14,EE00,inside
EE_15,EE00,inside
EE_16,EE00,inside
EE_17,EE00,inside
EE_18,EE00,inside
EE_19,EE00,inside
EE_2,EE00,inside
EE_20,EE00,inside
EE_206191,EE00,inside
EE_206704,EE00,inside
EE_206916,EE00,inside
EE_206959,EE00,inside
EE_208969,EE00,inside
EE_21,EE00,inside
EE_217700,EE00,inside
EE_217762,EE00,inside
EE_22,EE00,inside
EE_224193,EE00,inside
EE_23,EE00,inside
EE_231284,EE00,inside
EE_232506,EE00,inside
EE_24,EE00,inside
EE_25,EE00,inside
EE_26,EE00,inside
EE_27,EE00,inside
EE_28,EE00,inside
EE_29,LV00,inside
EE_3,EE00,inside
EE_30,EE00,inside
EE_31,EE00,inside
EE_32,EE00,inside
EE_33,EE00,inside
EE_34,EE00,inside
EE_35,EE00,inside
EE_36,EE00,inside
EE_37,EE00,inside
EE_38,EE00,inside
EE_39,EE00,inside
EE_4,EE00,inside
EE_40,EE00,inside
EE_41,EE00,inside
EE_42,EE00,inside
EE_43,EE00,inside
EE_44,EE00,inside
EE_45,EE00,inside
EE_46,EE00,inside
EE_47,EE00,inside
EE_48,EE00,inside
EE_49,EE00,inside
EE_5,EE00,inside
EE_50,EE00,inside
EE_51,EE00,inside
EE_52,EE00,inside
EE_53,EE00,inside
EE_54,EE00,inside
EE_55,EE00,inside
EE_56,EE00,inside
EE_57,EE00,inside
EE_58,EE00,inside
EE_6,EE00,inside
EE_7,EE00,inside
EE_8,EE00,inside
EE_9,EE00,inside
ES_1,ES61,inside
ES_10,ES61,inside
ES_100,ES61,inside
ES_1000,ES43,inside
ES_1001,ES43,inside
ES_1002,ES43,inside
ES_1003,ES43,inside
ES_1004,ES43,inside
ES_1005,ES11,inside
ES_1006,ES11,inside
ES_1007,ES11,inside
ES_1008,ES11,inside
ES_1009,ES11,inside
ES_101,ES61,inside
ES_1010,ES11,inside
ES_1011,ES11,inside
ES_1012,ES11,inside
ES_1013,ES11,inside
ES_1014,ES11,inside
ES_1015,ES11,inside
ES_1016,ES11,inside
ES_1017,ES11,inside
ES_1018,ES23,inside
ES_1019,ES23,inside
ES_102,ES61,inside
ES_1020,ES30,inside
ES_1021,ES30,inside
ES_1022,ES30,inside
ES_1023,ES30,inside
ES_1024,ES30,inside
ES_1025,ES30,inside
ES_1026,ES30,inside
ES_1027,ES30,inside
ES_1028,ES30,inside
ES_1029,ES30,inside
ES_103,ES61,inside
ES_1030,ES42,inside
ES_1031,ES62,inside
ES_1032,ES62,inside
ES_1033,ES62,inside
ES_1034,ES62,inside
ES_1035,ES62,inside
ES_1036,ES21,inside
ES_1037,ES22,inside
ES_1038,ES21,inside
ES_1039,ES21,inside
ES_104,ES61,inside
ES_1040,ES21,nearest_5km
ES_1041,ES21,inside
ES_1042,ES21,nearest_5km
ES_1043,ES21,inside
ES_1044,ES21,inside
ES_1045,ES21,inside
ES_1046,ES21,inside
ES_1047,ES21,inside
ES_1048,ES21,inside
ES_1049,ES21,inside
ES_105,ES61,inside
ES_1050,ES21,inside
ES_1051,ES52,inside
ES_1052,ES51,inside
ES_1053,ES42,inside
ES_1054,ES61,nearest_5km
ES_1055,ES61,inside
ES_1056,ES22,inside
ES_1057,ES61,inside
ES_1058,ES61,inside
ES_1059,ES22,inside
ES_106,ES61,inside
ES_1060,ES61,inside
ES_1061,ES24,inside
ES_1062,ES41,inside
ES_107,ES61,inside
ES_108,ES61,inside
ES_1088,ES42,inside
ES_109,ES61,inside
ES_11,ES61,inside
ES_110,ES61,inside
ES_111,ES61,inside
ES_112,ES61,inside
ES_113,ES61,inside
ES_114,ES61,inside
ES_115,ES62,inside
ES_116,ES61,inside
ES_117,ES61,inside
ES_118,ES61,inside
ES_119,ES61,inside
ES_12,ES61,inside
ES_120,ES61,inside
ES_121,ES61,inside
ES_122,ES61,inside
ES_123,ES61,inside
ES_124,ES61,inside
ES_125,ES61,inside
ES_1251,ES12,inside
ES_126,ES61,inside
ES_12624391,ES52,inside
ES_12667697,ES24,inside
ES_127,ES61,inside
ES_128,ES61,inside
ES_129,ES61,inside
ES_13,ES61,inside
ES_130,ES61,inside
ES_131,ES61,inside
ES_132,ES61,inside
ES_133,ES61,inside
ES_134,ES61,inside
ES_135,ES61,inside
ES_136,ES61,inside
ES_137,ES61,inside
ES_138,ES61,inside
ES_139,ES61,inside
ES_14,ES61,nearest_5km
ES_140,ES61,inside
ES_14014245,ES61,inside
ES_141,ES61,inside
ES_142,ES61,inside
ES_143,ES61,inside
ES_144,ES61,inside
ES_145,ES61,inside
ES_14515134,ES61,inside
ES_146,ES61,inside
ES_147,ES61,inside
ES_148,ES61,inside
ES_149,ES61,inside
ES_15,ES61,inside
ES_150,ES43,inside
ES_1500,ES13,inside
ES_1501,ES61,inside
ES_1502,ES61,inside
ES_1503,ES61,inside
ES_1504,ES61,inside
ES_1505,ES42,inside
ES_1506,ES24,inside
ES_1507,ES41,inside
ES_1508,ES11,inside
ES_1509,ES53,inside
ES_151,ES43,inside
ES_1510,ES11,inside
ES_152,ES61,inside
ES_153,ES61,inside
ES_154,ES61,inside
ES_155,ES61,inside
ES_156,ES24,inside
ES_157,ES24,inside
ES_158,ES24,inside
ES_159,ES24,inside
ES_16,ES61,inside
ES_160,ES24,inside
ES_161,ES24,inside
ES_162,ES24,inside
ES_163,ES24,inside
ES_164,ES24,inside
ES_165,ES24,inside
ES_166,ES24,inside
ES_167,ES24,inside
ES_168,ES24,inside
ES_169,ES24,inside
ES_17,ES61,inside
ES_170,ES24,inside
ES_171,ES24,inside
ES_172,ES24,inside
ES_173,ES24,inside
ES_174,ES24,inside
ES_175,ES24,inside
ES_176,ES24,inside
ES_17674151,ES51,inside
ES_177,ES24,inside
ES_178,ES24,inside
ES_179,ES24,inside
ES_18,ES61,inside
ES_180,ES24,inside
ES_181,ES24,inside
ES_182,ES24,inside
ES_183,ES24,inside
ES_184,ES24,inside
ES_185,ES24,inside
ES_186,ES24,inside
ES_18668079,ES61,inside
ES_187,ES24,inside
ES_188,ES24,inside
ES_189,ES24,inside
ES_19,ES61,inside
ES_190,ES24,inside
ES_191,ES24,inside
ES_192,ES24,inside
ES_193,ES24,inside
ES_194,ES24,inside
ES_195,ES12,inside
ES_196,ES12,inside
ES_197,ES12,inside
ES_198,ES12,inside
ES_199,ES12,inside
ES_2,ES61,inside
ES_20,ES61,inside
ES_200,ES12,inside
ES_201,ES12,inside
ES_201498,ES43,inside
ES_201581,ES61,inside
ES_201760,ES41,inside
ES_201765,ES42,inside
ES_201766,ES11,inside
ES_201796,ES52,inside
ES_201834,ES62,inside
ES_201854,ES12,inside
ES_201855,ES61,inside
ES_201856,ES42,inside
ES_201858,ES51,inside
ES_201894,ES52,inside
ES_201910,ES51,inside
ES_201940,ES22,inside
ES_201942,ES42,inside
ES_201943,ES42,inside
ES_201944,ES52,inside
ES_201986,ES52,inside
ES_201993,ES52,inside
ES_202,ES12,inside
ES_202016,ES52,inside
ES_202021,ES52,inside
ES_202025,ES52,inside
ES_202054,ES52,inside
ES_202102,ES52,inside
ES_202106,ES52,inside
ES_202114,ES52,inside
ES_202143,ES11,inside
ES_202151,ES21,inside
ES_202153,ES11,inside
ES_202159,ES11,inside
ES_202171,ES21,inside
ES_202172,ES52,inside
ES_202173,ES52,inside
ES_202175,ES12,inside
ES_202176,ES11,inside
ES_202177,ES13,inside
ES_202179,ES52,inside
ES_202181,ES52,inside
ES_202200,ES52,inside
ES_202235,ES52,inside
ES_202255,ES52,inside
ES_202256,ES52,inside
ES_202258,ES52,inside
ES_202276,ES52,inside
ES_202305,ES52,inside
ES_202307,ES52,inside
ES_202337,ES11,inside
ES_202339,ES11,inside
ES_202373,ES52,inside
ES_202390,ES42,inside
ES_202432,ES42,inside
ES_202436,ES52,inside
ES_202441,ES52,inside
ES_202442,ES52,inside
ES_202465,ES30,inside
ES_202466,ES52,inside
ES_202470,ES52,inside
ES_202474,ES52,inside
ES_202476,ES11,inside
ES_202493,ES43,inside
ES_202494,ES43,inside
ES_202495,ES52,inside
ES_202496,ES52,inside
ES_202499,ES24,inside
ES_202522,ES52,inside
ES_202524,ES24,inside
ES_202531,ES24,inside
ES_202532,ES52,inside
ES_202536,ES51,inside
ES_202554,ES52,inside
ES_202561,ES30,inside
ES_202598,ES62,inside
ES_202604,ES52,inside
ES_202605,ES62,inside
ES_202615,ES13,inside
ES_202627,ES52,inside
ES_202630,ES52,inside
ES_202631,ES51,inside
ES_202635,ES52,inside
ES_202766,ES52,inside
ES_202768,ES52,inside
ES_202771,ES52,inside
ES_202790,ES52,inside
ES_202795,ES52,inside
ES_202829,ES61,inside
ES_202830,ES43,inside
ES_202877,ES41,inside
ES_202882,ES52,inside
ES_202885,ES24,inside
ES_202915,ES61,inside
ES_202917,ES61,inside
ES_202925,ES61,inside
ES_202927,ES61,inside
ES_202928,ES52,inside
ES_202939,ES13,inside
ES_202941,ES52,inside
ES_203,ES12,inside
ES_203074,ES52,inside
ES_203075,ES52,inside
ES_203078,ES61,inside
ES_203118,ES22,inside
ES_203222,ES52,inside
ES_203223,ES52,inside
ES_203522,ES61,inside
ES_203622,ES52,inside
ES_203623,ES52,inside
ES_203624,ES52,inside
ES_203625,ES52,inside
ES_203626,ES52,inside
ES_203627,ES52,inside
ES_203629,ES11,inside
ES_203651,ES52,inside
ES_203653,ES52,inside
ES_203654,ES61,inside
ES_203660,ES13,inside
ES_203662,ES52,inside
ES_203664,ES52,inside
ES_203672,ES52,inside
ES_203673,ES51,inside
ES_203692,ES52,inside
ES_203734,ES52,inside
ES_203736,ES21,inside
ES_203737,ES51,inside
ES_203767,ES13,inside
ES_203769,ES52,inside
ES_203774,ES52,inside
ES_203775,ES52,inside
ES_203821,ES52,inside
ES_203876,ES52,inside
ES_203891,ES41,inside
ES_203951,ES43,inside
ES_203952,ES52,inside
ES_203954,ES52,inside
ES_204,ES12,inside
ES_204640,ES11,inside
ES_204923,ES52,inside
ES_204941,ES52,inside
ES_204946,ES52,inside
ES_204947,ES52,inside
ES_204949,ES62,inside
ES_204961,ES30,inside
ES_204964,ES52,inside
ES_204968,ES21,inside
ES_204982,ES52,inside
ES_204990,ES21,inside
ES_205,ES12,inside
ES_205190,ES11,inside
ES_205232,ES52,inside
ES_205233,ES52,inside
ES_205285,ES30,inside
ES_205306,ES21,inside
ES_205388,ES52,inside
ES_205394,ES52,inside
ES_205549,ES52,inside
ES_205568,ES22,inside
ES_205577,ES51,inside
ES_205622,ES52,inside
ES_205633,ES52,inside
ES_205656,ES52,inside
ES_205664,ES30,inside
ES_205744,ES52,inside
ES_205747,ES22,inside
ES_205770,ES52,inside
ES_205776,ES30,inside
ES_205781,ES51,inside
ES_205783,ES52,inside
ES_205784,ES51,inside
ES_205812,ES30,inside
ES_205813,ES51,inside
ES_205814,ES13,inside
ES_205817,ES24,inside
ES_205833,ES24,inside
ES_205841,ES51,inside
ES_205866,ES61,inside
ES_205897,ES51,inside
ES_205910,ES51,inside
ES_205951,ES43,inside
ES_206,ES12,inside
ES_206011,ES61,inside
ES_206015,ES52,inside
ES_206017,ES52,inside
ES_206027,ES52,inside
ES_206034,ES43,inside
ES_206038,ES22,inside
ES_206058,ES62,inside
ES_206059,ES51,nearest_5km
ES_206061,ES52,inside
ES_206079,ES41,inside
ES_206080,ES43,inside
ES_206081,ES43,inside
ES_206100,ES52,inside
ES_206101,ES52,inside
ES_206130,ES52,inside
ES_206149,ES12,inside
ES_206163,ES30,inside
ES_206167,ES62,inside
ES_206168,ES61,inside
ES_206169,ES61,inside
ES_206224,ES52,inside
ES_206275,ES52,inside
ES_206276,ES52,inside
ES_206293,ES61,inside
ES_206294,ES52,inside
ES_206310,ES52,inside
ES_206315,ES41,inside
ES_206347,ES30,inside
ES_206349,ES52,inside
ES_206366,ES30,inside
ES_206381,ES52,inside
ES_206405,ES43,inside
ES_206584,ES52,inside
ES_206589,ES12,nearest_5km
ES_206701,ES61,inside
ES_206725,ES52,inside
ES_206918,ES11,inside
ES_206935,ES11,inside
ES_206979,ES52,inside
ES_206983,ES11,inside
ES_207,ES12,inside
ES_207040,ES62,inside
ES_207043,ES21,inside
ES_207264,ES52,inside
ES_207302,ES52,inside
ES_207484,ES70,inside
ES_207505,ES21,inside
ES_207559,ES52,inside
ES_207564,ES62,inside
ES_207695,ES52,inside
ES_207802,ES51,inside
ES_207862,ES51,inside
ES_208,ES12,inside
ES_208102,ES11,inside
ES_208782,ES52,inside
ES_208922,ES13,inside
ES_208924,ES21,inside
ES_208983,ES52,inside
ES_208985,ES61,inside
ES_209,ES12,inside
ES_209006,ES13,inside
ES_209007,ES13,inside
ES_209008,ES13,inside
ES_209043,ES61,inside
ES_209080,ES24,inside
ES_209162,ES51,inside
ES_209542,ES41,inside
ES_209566,ES52,inside
ES_209582,ES62,inside
ES_209945,ES52,inside
ES_21,ES61,inside
ES_210,ES12,inside
ES_210003,ES51,inside
ES_210004,ES51,inside
ES_210005,ES41,inside
ES_210020,ES13,inside
ES_210062,ES30,inside
ES_210083,ES62,inside
ES_210364,ES52,inside
ES_210478,ES42,inside
ES_210480,ES42,inside
ES_210557,ES13,inside
ES_210605,ES24,inside
ES_210615,ES41,inside
ES_210672,ES30,inside
ES_210691,ES41,inside
ES_210692,ES41,inside
ES_210703,ES24,inside
ES_210777,ES51,inside
ES_210818,ES52,inside
ES_211,ES12,inside
ES_211118,ES51,inside
ES_211119,ES51,inside
ES_212,ES12,inside
ES_212181,ES51,inside
ES_212440,ES52,inside
ES_212480,ES41,inside
ES_212500,ES51,inside
ES_212660,ES51,inside
ES_212682,ES51,inside
ES_212684,ES53,inside
ES_212685,ES61,inside
ES_212686,ES70,inside
ES_212702,ES70,inside
ES_212760,ES24,inside
ES_212781,ES30,inside
ES_212801,ES70,inside
ES_212820,ES11,inside
ES_212921,ES30,inside
ES_212922,ES61,inside
ES_213,ES12,inside
ES_213720,ES30,inside
ES_213721,ES30,inside
ES_213722,ES30,inside
ES_213800,ES24,inside
ES_214,ES12,inside
ES_214520,ES52,inside
ES_214580,ES30,inside
ES_214581,ES30,inside
ES_214600,ES42,inside
ES_214601,ES41,inside
ES_214800,ES52,inside
ES_214801,ES70,inside
ES_214820,ES70,inside
ES_214821,ES51,inside
ES_215,ES12,inside
ES_215941,ES52,inside
ES_216,ES12,inside
ES_216180,ES52,inside
ES_216400,ES21,inside
ES_216520,ES24,inside
ES_216540,ES52,inside
ES_216541,ES61,inside
ES_216621,ES62,inside
ES_216640,ES52,inside
ES_216720,ES52,inside
ES_217,ES12,inside
ES_217300,ES42,inside
ES_217920,ES52,inside
ES_218,ES12,inside
ES_218340,ES41,inside
ES_218382,ES52,inside
ES_218700,ES52,inside
ES_218702,ES43,inside
ES_218763,ES51,inside
ES_218800,ES41,inside
ES_218801,ES30,inside
ES_218820,ES30,inside
ES_219,ES12,inside
ES_219420,ES41,inside
ES_219900,ES41,inside
ES_22,ES61,inside
ES_220,ES12,inside
ES_220160,ES51,inside
ES_220343,ES30,inside
ES_220382,ES11,inside
ES_220523,ES61,inside
ES_220528,ES43,inside
ES_220694,ES61,inside
ES_220730,ES61,inside
ES_220891,ES51,inside
ES_220930,ES51,inside
ES_220933,ES51,inside
ES_221,ES12,inside
ES_221151,ES41,inside
ES_221201,ES22,inside
ES_221942,ES52,inside
ES_221994,ES52,inside
ES_222,ES70,inside
ES_222046,ES61,inside
ES_223,ES70,inside
ES_224,ES70,nearest_5km
ES_224825,ES13,inside
ES_225,ES70,inside
ES_225020,ES61,inside
ES_225542,ES42,inside
ES_226,ES70,inside
ES_226040,ES61,inside
ES_226463,ES30,inside
ES_226542,ES30,inside
ES_226573,ES52,inside
ES_226684,ES52,inside
ES_226861,ES23,inside
ES_226924,ES21,inside
ES_227,ES70,inside
ES_227045,ES21,inside
ES_227059,ES51,inside
ES_227089,ES30,inside
ES_227270,ES61,inside
ES_227276,ES62,inside
ES_227308,ES30,inside
ES_227312,ES30,inside
ES_227342,ES61,inside
ES_227344,ES51,inside
ES_227406,ES61,inside
ES_227583,ES30,inside
ES_227625,ES42,inside
ES_228,ES70,inside
ES_228101,ES30,inside
ES_228160,ES30,inside
ES_228488,ES51,inside
ES_228984,ES30,inside
ES_229,ES70,inside
ES_23,ES61,inside
ES_230,ES70,inside
ES_231,ES70,inside
ES_231309,ES61,inside
ES_231560,ES12,inside
ES_231720,ES30,inside
ES_232,ES70,inside
ES_232001,ES30,inside
ES_232341,ES61,inside
ES_232342,ES61,inside
ES_232343,ES61,inside
ES_232380,ES70,inside
ES_232381,ES70,inside
ES_233,ES13,inside
ES_233342,ES21,inside
ES_233691,ES52,inside
ES_234,ES13,inside
ES_235,ES13,inside
ES_23527781,ES61,inside
ES_236,ES13,inside
ES_237,ES13,inside
ES_238,ES13,inside
ES_239,ES13,inside
ES_24,ES61,inside
ES_240,ES13,inside
ES_241,ES13,inside
ES_242,ES13,inside
ES_243,ES13,inside
ES_244,ES13,inside
ES_245,ES13,inside
ES_246,ES13,inside
ES_247,ES13,inside
ES_248,ES41,inside
ES_249,ES41,inside
ES_25,ES61,inside
ES_250,ES41,inside
ES_251,ES41,inside
ES_252,ES41,inside
ES_253,ES41,inside
ES_254,ES41,inside
ES_255,ES41,inside
ES_256,ES41,inside
ES_257,ES41,inside
ES_258,ES41,inside
ES_259,ES41,inside
ES_26,ES61,inside
ES_260,ES41,inside
ES_261,ES41,inside
ES_262,ES41,inside
ES_263,ES41,inside
ES_264,ES41,inside
ES_265,ES41,inside
ES_266,ES41,inside
ES_267,ES41,inside
ES_268,ES41,inside
ES_269,ES41,inside
ES_27,ES61,inside
ES_270,ES41,inside
ES_271,ES41,inside
ES_272,ES41,inside
ES_273,ES41,inside
ES_274,ES41,inside
ES_275,ES41,inside
ES_276,ES41,inside
ES_277,ES41,inside
ES_278,ES41,inside
ES_279,ES41,inside
ES_28,ES61,inside
ES_280,ES41,inside
ES_28024123,ES51,inside
ES_28054674,ES21,inside
ES_281,ES41,inside
ES_282,ES41,inside
ES_283,ES41,inside
ES_284,ES41,inside
ES_285,ES41,inside
ES_28542751,ES30,inside
ES_286,ES41,inside
ES_287,ES41,inside
ES_288,ES41,inside
ES_289,ES41,inside
ES_29,ES61,inside
ES_290,ES41,inside
ES_291,ES41,inside
ES_292,ES41,inside
ES_293,ES41,inside
ES_294,ES41,inside
ES_295,ES41,inside
ES_296,ES41,inside
ES_297,ES41,inside
ES_298,ES41,inside
ES_299,ES41,inside
ES_3,ES61,inside
ES_30,ES61,inside
ES_300,ES41,inside
ES_301,ES41,inside
ES_302,ES41,inside
ES_30212088,ES62,inside
ES_303,ES42,inside
ES_304,ES30,inside
ES_305,ES42,inside
ES_306,ES42,inside
ES_307,ES42,inside
ES_308,ES42,inside
ES_309,ES42,inside
ES_31,ES61,inside
ES_310,ES42,inside
ES_311,ES42,inside
ES_313,ES42,inside
ES_314,ES42,inside
ES_315,ES42,inside
ES_316,ES42,inside
ES_317,ES42,inside
ES_318,ES42,inside
ES_319,ES42,inside
ES_32,ES61,inside
ES_320,ES42,inside
ES_32002644,ES11,inside
ES_323,ES42,inside
ES_324,ES42,inside
ES_325,ES42,inside
ES_326,ES42,inside
ES_327,ES42,inside
ES_329,ES42,inside
ES_33,ES61,inside
ES_330,ES42,inside
ES_331,ES42,inside
ES_332,ES42,inside
ES_333,ES42,inside
ES_334,ES42,inside
ES_335,ES42,inside
ES_336,ES42,inside
ES_337,ES42,inside
ES_338,ES42,inside
ES_339,ES42,inside
ES_34,ES61,inside
ES_340,ES42,inside
ES_341,ES42,inside
ES_342,ES42,inside
ES_343,ES42,inside
ES_344,ES42,inside
ES_345,ES42,inside
ES_346,ES42,inside
ES_347,ES42,inside
ES_348,ES42,inside
ES_349,ES42,inside
ES_35,ES61,inside
ES_350,ES42,inside
ES_351,ES42,inside
ES_352,ES42,inside
ES_353,ES42,inside
ES_354,ES42,inside
ES_355,ES42,inside
ES_356,ES42,inside
ES_357,ES42,inside
ES_358,ES42,inside
ES_359,ES42,inside
ES_36,ES61,inside
ES_360,ES42,inside
ES_361,ES42,inside
ES_362,ES42,inside
ES_363,ES42,inside
ES_364,ES42,inside
ES_365,ES42,inside
ES_366,ES42,inside
ES_367,ES42,inside
ES_368,ES42,inside
ES_369,ES42,inside
ES_37,ES61,inside
ES_370,ES42,inside
ES_371,ES42,inside
ES_372,ES42,inside
ES_373,ES42,inside
ES_374,ES42,inside
ES_375,ES42,inside
ES_376,ES42,inside
ES_377,ES42,inside
ES_378,ES42,inside
ES_379,ES42,inside
ES_38,ES61,inside
ES_380,ES42,inside
ES_381,ES42,inside
ES_382,ES42,inside
ES_383,ES51,inside
ES_384,ES51,inside
ES_385,ES51,inside
ES_386,ES51,inside
ES_387,ES51,inside
ES_388,ES51,inside
ES_389,ES51,inside
ES_39,ES61,inside
ES_390,ES51,inside
ES_391,ES51,inside
ES_392,ES51,inside
ES_393,ES51,inside
ES_394,ES51,inside
ES_395,ES51,inside
ES_396,ES51,inside
ES_397,ES51,inside
ES_398,ES51,inside
ES_399,ES51,inside
ES_4,ES61,inside
ES_40,ES61,inside
ES_400,ES51,inside
ES_401,ES51,inside
ES_402,ES51,inside
ES_403,ES51,inside
ES_404,ES51,inside
ES_405,ES51,inside
ES_406,ES51,inside
ES_407,ES51,inside
ES_408,ES51,inside
ES_409,ES51,inside
ES_41,ES61,inside
ES_410,ES51,inside
ES_411,ES51,inside
ES_412,ES51,inside
ES_413,ES51,inside
ES_414,ES51,inside
ES_415,ES51,inside
ES_416,ES62,inside
ES_417,ES51,inside
ES_418,ES51,inside
ES_419,ES51,inside
ES_42,ES61,inside
ES_421,ES51,inside
ES_422,ES51,inside
ES_423,ES51,inside
ES_424,ES51,inside
ES_425,ES51,inside
ES_426,ES51,inside
ES_427,ES51,inside
ES_428,ES51,inside
ES_429,ES51,inside
ES_43,ES61,inside
ES_430,ES51,inside
ES_431,ES51,inside
ES_432,ES51,inside
ES_433,ES51,inside
ES_435,ES51,inside
ES_436,ES51,inside
ES_437,ES51,inside
ES_438,ES51,inside
ES_439,ES51,inside
ES_44,ES62,inside
ES_440,ES51,inside
ES_441,ES51,inside
ES_442,ES51,inside
ES_443,ES51,inside
ES_444,ES51,inside
ES_445,ES51,inside
ES_446,ES51,inside
ES_447,ES51,inside
ES_448,ES51,inside
ES_449,ES51,inside
ES_45,ES61,inside
ES_450,ES51,inside
ES_451,ES51,inside
ES_452,ES51,inside
ES_453,ES51,inside
ES_454,ES51,inside
ES_455,ES51,inside
ES_456,ES51,inside
ES_457,ES51,inside
ES_458,ES51,inside
ES_459,ES51,inside
ES_46,ES61,inside
ES_460,ES51,inside
ES_461,ES51,inside
ES_463,ES51,inside
ES_464,ES51,inside
ES_465,ES51,inside
ES_466,ES51,inside
ES_467,ES51,inside
ES_468,ES51,inside
ES_469,ES51,inside
ES_47,ES61,inside
ES_470,ES51,inside
ES_47005368,ES41,inside
ES_471,ES51,inside
ES_472,ES51,inside
ES_474,ES51,inside
ES_475,ES51,inside
ES_476,ES51,inside
ES_477,ES51,inside
ES_478,ES51,inside
ES_479,ES51,inside
ES_48,ES61,inside
ES_480,ES51,inside
ES_481,ES51,inside
ES_482,ES51,inside
ES_483,ES51,inside
ES_484,ES24,inside
ES_485,ES51,inside
ES_486,ES51,inside
ES_487,ES51,inside
ES_488,ES51,inside
ES_489,ES51,inside
ES_48928881,ES21,inside
ES_49,ES61,inside
ES_490,ES51,inside
ES_491,ES51,inside
ES_492,ES51,inside
ES_493,ES51,inside
ES_494,ES51,inside
ES_495,ES51,inside
ES_496,ES51,inside
ES_497,ES51,inside
ES_498,ES51,inside
ES_499,ES51,inside
ES_5,ES61,inside
ES_50,ES61,inside
ES_500,ES51,inside
ES_501,ES51,inside
ES_502,ES51,inside
ES_503,ES51,inside
ES_504,ES51,inside
ES_505,ES51,inside
ES_506,ES51,inside
ES_507,ES51,inside
ES_508,ES51,inside
ES_509,ES51,inside
ES_51,ES61,inside
ES_510,ES51,inside
ES_511,ES51,inside
ES_512,ES51,inside
ES_513,ES51,inside
ES_514,ES51,inside
ES_515,ES51,inside
ES_516,ES51,inside
ES_517,ES51,inside
ES_518,ES51,inside
ES_519,ES51,inside
ES_52,ES61,inside
ES_520,ES51,inside
ES_521,ES51,inside
ES_522,ES51,inside
ES_523,ES51,inside
ES_524,ES51,inside
ES_525,ES51,inside
ES_526,ES63,nearest_5km
ES_527,ES52,inside
ES_528,ES52,inside
ES_529,ES52,inside
ES_53,ES61,inside
ES_530,ES52,inside
ES_531,ES52,inside
ES_532,ES52,inside
ES_533,ES52,inside
ES_534,ES52,inside
ES_535,ES52,inside
ES_536,ES52,inside
ES_537,ES52,inside
ES_538,ES52,inside
ES_539,ES52,inside
ES_54,ES61,inside
ES_540,ES52,inside
ES_541,ES52,inside
ES_542,ES52,inside
ES_543,ES52,inside
ES_544,ES52,inside
ES_545,ES52,inside
ES_546,ES52,inside
ES_547,ES52,inside
ES_548,ES42,inside
ES_549,ES52,inside
ES_55,ES61,inside
ES_550,ES52,inside
ES_551,ES52,inside
ES_552,ES52,inside
ES_553,ES52,inside
ES_554,ES52,inside
ES_555,ES52,inside
ES_556,ES52,inside
ES_557,ES52,inside
ES_558,ES52,inside
ES_559,ES52,inside
ES_56,ES61,inside
ES_560,ES51,inside
ES_561,ES62,inside
ES_562,ES52,inside
ES_563,ES52,inside
ES_564,ES52,inside
ES_565,ES52,inside
ES_566,ES52,inside
ES_567,ES52,inside
ES_568,ES52,inside
ES_569,ES52,inside
ES_57,ES61,inside
ES_570,ES52,inside
ES_571,ES52,inside
ES_572,ES62,inside
ES_573,ES52,inside
ES_574,ES52,inside
ES_575,ES52,inside
ES_576,ES52,inside
ES_577,ES52,inside
ES_578,ES52,inside
ES_579,ES52,inside
ES_58,ES61,inside
ES_580,ES52,inside
ES_581,ES52,inside
ES_582,ES52,inside
ES_583,ES52,inside
ES_58389123,ES51,inside
ES_584,ES52,inside
ES_585,ES52,inside
ES_586,ES52,inside
ES_587,ES52,inside
ES_588,ES52,inside
ES_58842170,ES51,inside
ES_589,ES52,inside
ES_59,ES61,inside
ES_590,ES52,inside
ES_591,ES52,inside
ES_592,ES52,inside
ES_593,ES52,inside
ES_594,ES52,inside
ES_595,ES52,inside
ES_596,ES52,inside
ES_597,ES52,inside
ES_598,ES52,inside
ES_599,ES52,inside
ES_6,ES61,inside
ES_60,ES61,inside
ES_600,ES52,inside
ES_601,ES52,inside
ES_602,ES52,inside
ES_603,ES52,inside
ES_604,ES52,inside
ES_605,ES52,inside
ES_606,ES52,inside
ES_607,ES52,inside
ES_608,ES52,inside
ES_609,ES52,inside
ES_61,ES61,inside
ES_610,ES52,inside
ES_611,ES52,inside
ES_612,ES52,inside
ES_613,ES52,inside
ES_61373717,ES21,inside
ES_614,ES52,inside
ES_615,ES52,inside
ES_616,ES52,inside
ES_617,ES52,inside
ES_618,ES52,inside
ES_619,ES52,inside
ES_62,ES61,inside
ES_620,ES52,inside
ES_621,ES43,inside
ES_622,ES43,inside
ES_623,ES43,inside
ES_624,ES43,inside
ES_625,ES43,inside
ES_626,ES43,inside
ES_627,ES11,inside
ES_62733126,ES24,inside
ES_628,ES11,inside
ES_629,ES11,inside
ES_63,ES61,inside
ES_630,ES11,inside
ES_631,ES11,inside
ES_632,ES11,inside
ES_633,ES11,inside
ES_634,ES11,inside
ES_635,ES11,inside
ES_636,ES11,inside
ES_637,ES11,inside
ES_638,ES11,inside
ES_639,ES11,inside
ES_64,ES61,inside
ES_640,ES11,inside
ES_641,ES11,inside
ES_642,ES11,inside
ES_643,ES11,inside
ES_644,ES11,inside
ES_645,ES11,inside
ES_646,ES11,inside
ES_647,ES11,inside
ES_648,ES11,inside
ES_649,ES11,inside
ES_65,ES61,inside
ES_650,ES11,inside
ES_651,ES11,inside
ES_652,ES11,inside
ES_653,ES11,inside
ES_654,ES11,inside
ES_655,ES11,inside
ES_656,ES11,inside
ES_657,ES11,inside
ES_658,ES11,inside
ES_659,ES11,inside
ES_66,ES61,inside
ES_660,ES11,inside
ES_661,ES11,inside
ES_662,ES11,inside
ES_663,ES11,inside
ES_664,ES11,inside
ES_665,ES11,inside
ES_666,ES11,inside
ES_667,ES11,inside
ES_668,ES11,inside
ES_669,ES11,inside
ES_67,ES61,inside
ES_670,ES11,inside
ES_671,ES11,inside
ES_672,ES11,inside
ES_673,ES11,inside
ES_674,ES11,inside
ES_675,ES53,inside
ES_676,ES53,inside
ES_677,ES53,inside
ES_678,ES53,inside
ES_679,ES53,nearest_5km
ES_68,ES61,inside
ES_680,ES53,inside
ES_681,ES53,inside
ES_682,ES53,inside
ES_683,ES53,inside
ES_684,ES53,inside
ES_685,ES53,inside
ES_686,ES53,inside
ES_687,ES23,inside
ES_688,ES22,inside
ES_689,ES23,inside
ES_69,ES61,inside
ES_690,ES23,inside
ES_691,ES23,inside
ES_692,ES30,inside
ES_693,ES23,inside
ES_694,ES23,inside
ES_695,ES23,inside
ES_696,ES23,inside
ES_697,ES30,inside
ES_698,ES30,inside
ES_699,ES30,inside
ES_7,ES61,inside
ES_70,ES61,inside
ES_700,ES30,inside
ES_701,ES30,inside
ES_702,ES30,inside
ES_703,ES30,inside
ES_704,ES30,inside
ES_705,ES30,inside
ES_706,ES30,inside
ES_707,ES30,inside
ES_708,ES30,inside
ES_709,ES30,inside
ES_71,ES61,inside
ES_710,ES30,inside
ES_711,ES30,inside
ES_712,ES52,inside
ES_713,ES30,inside
ES_714,ES30,inside
ES_715,ES30,inside
ES_716,ES30,inside
ES_717,ES30,inside
ES_718,ES42,inside
ES_719,ES64,nearest_5km
ES_72,ES61,inside
ES_720,ES62,inside
ES_721,ES62,inside
ES_722,ES62,inside
ES_723,ES62,inside
ES_724,ES62,inside
ES_725,ES62,inside
ES_726,ES62,inside
ES_727,ES62,inside
ES_728,ES62,inside
ES_729,ES62,inside
ES_73,ES61,inside
ES_730,ES62,inside
ES_731,ES62,inside
ES_732,ES62,inside
ES_733,ES62,inside
ES_735,ES62,inside
ES_736,ES62,inside
ES_737,ES62,inside
ES_738,ES62,inside
ES_739,ES22,inside
ES_74,ES61,inside
ES_740,ES22,inside
ES_741,ES22,inside
ES_742,ES22,inside
ES_743,ES22,inside
ES_744,ES22,inside
ES_745,ES22,inside
ES_746,ES22,inside
ES_747,ES22,inside
ES_748,ES22,inside
ES_749,ES22,inside
ES_75,ES61,inside
ES_750,ES22,inside
ES_751,ES22,inside
ES_752,ES22,inside
ES_753,ES22,inside
ES_754,ES22,inside
ES_755,ES22,inside
ES_756,ES22,inside
ES_757,ES22,inside
ES_758,ES22,inside
ES_759,ES21,inside
ES_76,ES61,inside
ES_760,ES21,inside
ES_761,ES21,inside
ES_762,ES21,inside
ES_763,ES21,inside
ES_764,ES21,inside
ES_765,ES21,inside
ES_766,ES21,inside
ES_767,ES21,inside
ES_768,ES21,nearest_5km
ES_769,ES21,nearest_5km
ES_77,ES61,inside
ES_770,ES21,inside
ES_771,ES21,inside
ES_772,ES21,nearest_5km
ES_773,ES21,inside
ES_774,ES21,nearest_5km
ES_775,ES21,nearest_5km
ES_776,ES21,inside
ES_778,ES21,inside
ES_779,ES21,inside
ES_78,ES61,inside
ES_780,ES21,inside
ES_781,ES21,inside
ES_782,ES21,inside
ES_783,ES21,inside
ES_784,ES21,inside
ES_785,ES21,inside
ES_786,ES21,inside
ES_787,ES21,inside
ES_788,ES21,inside
ES_789,ES21,inside
ES_79,ES61,inside
ES_790,ES21,inside
ES_791,ES21,inside
ES_792,ES21,inside
ES_793,ES21,inside
ES_794,ES21,inside
ES_795,ES21,inside
ES_796,ES21,inside
ES_797,ES21,inside
ES_798,ES21,inside
ES_799,ES21,inside
ES_8,ES61,inside
ES_80,ES61,inside
ES_800,ES21,inside
ES_801,ES21,inside
ES_802,ES21,inside
ES_803,ES21,inside
ES_804,ES21,inside
ES_805,ES21,inside
ES_806,ES21,inside
ES_807,ES21,inside
ES_808,ES21,inside
ES_809,ES21,inside
ES_81,ES61,inside
ES_810,ES21,inside
ES_811,ES21,inside
ES_812,ES21,inside
ES_813,ES41,inside
ES_815,ES21,inside
ES_816,ES21,inside
ES_817,ES21,inside
ES_818,ES13,inside
ES_819,ES51,inside
ES_82,ES61,inside
ES_820,ES70,inside
ES_824,ES24,inside
ES_825,ES24,inside
ES_826,ES24,inside
ES_827,ES12,inside
ES_828,ES51,inside
ES_829,ES51,inside
ES_83,ES61,inside
ES_830,ES52,inside
ES_831,ES52,inside
ES_832,ES43,inside
ES_833,ES43,inside
ES_834,ES52,inside
ES_835,ES52,inside
ES_836,ES51,inside
ES_837,ES42,inside
ES_838,ES61,inside
ES_839,ES61,inside
ES_84,ES61,inside
ES_840,ES61,inside
ES_841,ES61,inside
ES_842,ES41,inside
ES_843,ES41,inside
ES_844,ES30,inside
ES_84435890,ES41,inside
ES_845,ES61,inside
ES_846,ES61,inside
ES_848,ES61,inside
ES_849,ES61,inside
ES_85,ES62,inside
ES_850,ES61,inside
ES_851,ES61,inside
ES_852,ES61,inside
ES_853,ES61,inside
ES_854,ES61,inside
ES_855,ES61,inside
ES_856,ES61,inside
ES_857,ES61,inside
ES_858,ES61,inside
ES_859,ES61,inside
ES_86,ES61,inside
ES_860,ES61,inside
ES_861,ES61,inside
ES_862,ES61,inside
ES_863,ES61,inside
ES_864,ES61,inside
ES_865,ES61,inside
ES_866,ES61,inside
ES_867,ES61,inside
ES_868,ES61,inside
ES_869,ES61,inside
ES_87,ES61,inside
ES_870,ES61,inside
ES_871,ES61,inside
ES_872,ES61,inside
ES_873,ES24,inside
ES_874,ES24,inside
ES_875,ES24,inside
ES_876,ES24,inside
ES_877,ES24,inside
ES_878,ES24,inside
ES_879,ES24,inside
ES_88,ES61,inside
ES_880,ES24,inside
ES_881,ES24,inside
ES_882,ES12,inside
ES_883,ES12,inside
ES_884,ES12,inside
ES_885,ES12,inside
ES_886,ES70,inside
ES_887,ES13,inside
ES_888,ES13,inside
ES_889,ES13,inside
ES_89,ES61,inside
ES_890,ES13,inside
ES_891,ES41,inside
ES_892,ES41,inside
ES_893,ES41,inside
ES_894,ES41,inside
ES_895,ES41,inside
ES_896,ES41,inside
ES_897,ES41,inside
ES_898,ES41,inside
ES_899,ES41,inside
ES_9,ES61,inside
ES_90,ES61,inside
ES_900,ES41,inside
ES_90001,ES52,inside
ES_90002,ES24,inside
ES_90003,ES42,inside
ES_90004,ES52,inside
ES_90005,ES61,inside
ES_90006,ES61,inside
ES_90007,ES62,inside
ES_90008,ES70,nearest_5km
ES_90009,ES70,inside
ES_90010,ES61,inside
ES_90011,ES61,inside
ES_90012,ES51,inside
ES_90013,ES61,inside
ES_90014,ES30,inside
ES_90015,ES61,inside
ES_90016,ES61,inside
ES_90017,ES61,inside
ES_90018,ES61,inside
ES_90019,ES51,nearest_5km
ES_90020,ES11,inside
ES_90021,ES52,inside
ES_90022,ES11,inside
ES_90023,ES30,inside
ES_90024,ES42,inside
ES_90025,ES42,inside
ES_90026,ES51,inside
ES_90027,ES42,inside
ES_90028,ES70,inside
ES_90029,ES61,inside
ES_90030,ES22,inside
ES_90031,ES42,inside
ES_90032,ES51,inside
ES_90033,ES61,inside
ES_90034,ES61,inside
ES_90035,ES61,inside
ES_90036,ES43,inside
ES_90037,ES43,inside
ES_90038,ES61,inside
ES_90039,ES21,inside
ES_90040,ES51,inside
ES_90041,ES24,inside
ES_90042,ES41,inside
ES_90043,ES41,inside
ES_90044,ES61,inside
ES_90045,ES43,inside
ES_90046,ES61,inside
ES_90047,ES51,inside
ES_90048,ES70,inside
ES_90049,ES12,inside
ES_90050,ES24,inside
ES_90051,ES42,inside
ES_90052,ES61,inside
ES_90053,ES61,inside
ES_90054,ES12,inside
ES_90055,ES30,inside
ES_90056,ES70,nearest_5km
ES_90057,ES23,inside
ES_90058,ES51,inside
ES_90059,ES51,inside
ES_90060,ES61,inside
ES_90061,ES43,inside
ES_90062,ES51,inside
ES_90063,ES42,inside
ES_90064,ES42,inside
ES_90065,ES61,inside
ES_90066,ES43,inside
ES_90067,ES61,inside
ES_90068,ES24,inside
ES_90069,ES61,inside
ES_90070,ES61,inside
ES_90071,ES61,inside
ES_90072,ES61,inside
ES_90073,ES43,inside
ES_90074,ES42,inside
ES_90075,ES61,inside
ES_901,ES41,inside
ES_902,ES41,inside
ES_903,ES41,inside
ES_904,ES41,inside
ES_905,ES41,inside
ES_906,ES41,inside
ES_907,ES41,inside
ES_908,ES41,inside
ES_909,ES41,inside
ES_91,ES61,inside
ES_910,ES41,inside
ES_912,ES42,inside
ES_913,ES42,inside
ES_914,ES42,inside
ES_91448514,ES61,inside
ES_915,ES42,inside
ES_916,ES42,inside
ES_917,ES42,inside
ES_918,ES42,inside
ES_919,ES42,inside
ES_92,ES61,inside
ES_920,ES42,inside
ES_921,ES51,inside
ES_922,ES51,inside
ES_923,ES51,inside
ES_924,ES51,inside
ES_925,ES51,inside
ES_926,ES51,inside
ES_927,ES51,inside
ES_928,ES51,inside
ES_929,ES51,inside
ES_93,ES61,inside
ES_930,ES51,inside
ES_931,ES51,inside
ES_932,ES51,inside
ES_933,ES51,inside
ES_934,ES51,inside
ES_935,ES51,inside
ES_936,ES51,inside
ES_937,ES51,inside
ES_938,ES51,inside
ES_939,ES51,inside
ES_94,ES61,inside
ES_940,ES51,inside
ES_941,ES51,inside
ES_942,ES51,inside
ES_943,ES51,inside
ES_944,ES51,inside
ES_945,ES51,inside
ES_946,ES51,inside
ES_947,ES51,inside
ES_948,ES51,inside
ES_949,ES51,inside
ES_95,ES61,inside
ES_950,ES51,inside
ES_951,ES51,inside
ES_953,ES51,inside
ES_954,ES51,inside
ES_955,ES51,inside
ES_956,ES30,inside
ES_957,ES51,inside
ES_958,ES51,inside
ES_959,ES51,inside
ES_96,ES61,inside
ES_960,ES51,inside
ES_961,ES51,inside
ES_962,ES51,inside
ES_963,ES51,inside
ES_964,ES51,inside
ES_965,ES51,inside
ES_966,ES51,inside
ES_967,ES51,inside
ES_968,ES51,nearest_5km
ES_969,ES52,inside
ES_97,ES61,inside
ES_970,ES52,inside
ES_971,ES52,inside
ES_972,ES52,nearest_5km
ES_973,ES52,inside
ES_974,ES52,inside
ES_975,ES52,inside
ES_976,ES52,inside
ES_977,ES52,inside
ES_978,ES52,inside
ES_979,ES52,inside
ES_98,ES61,inside
ES_980,ES52,inside
ES_981,ES52,inside
ES_982,ES62,inside
ES_983,ES52,inside
ES_984,ES52,inside
ES_985,ES52,inside
ES_986,ES52,inside
ES_987,ES52,inside
ES_988,ES52,inside
ES_989,ES52,inside
ES_99,ES61,inside
ES_990,ES52,inside
ES_991,ES52,inside
ES_992,ES43,inside
ES_993,ES61,inside
ES_994,ES43,inside
ES_995,ES43,inside
ES_996,ES43,inside
ES_997,ES43,inside
ES_998,ES43,inside
ES_999,ES43,inside
FI_1,FI1D,inside
FI_10,FI1D,inside
FI_100,FI19,inside
FI_101,FI19,inside
FI_102,FI19,inside
FI_103,FI19,inside
FI_104,FI1D,inside
FI_105,FI1C,inside
FI_106,FI1C,inside
FI_107,FI1C,inside
FI_108,FI1C,inside
FI_109,FI1D,inside
FI_11,FI1B,inside
FI_110,FI1D,inside
FI_111,FI1D,inside
FI_112,FI1D,inside
FI_113,FI1D,inside
FI_114,FI1D,inside
FI_115,FI1D,inside
FI_116,FI1D,inside
FI_117,FI1D,inside
FI_118,FI1D,inside
FI_119,FI1D,inside
FI_12,FI1D,nearest_5km
FI_120,FI1D,inside
FI_121,FI1D,inside
FI_122,FI1D,inside
FI_123,FI1D,inside
FI_124,FI1D,inside
FI_125,FI1D,inside
FI_126,FI1D,inside
FI_127,FI1D,inside
FI_128,FI1D,inside
FI_129,FI1B,inside
FI_13,FI1B,inside
FI_130,FI1B,inside
FI_131,FI1B,inside
FI_132,FI1B,inside
FI_133,FI1B,inside
FI_134,FI1B,inside
FI_135,FI1B,inside
FI_136,FI1B,inside
FI_137,FI1D,inside
FI_138,FI1D,inside
FI_139,FI1D,inside
FI_14,FI1D,inside
FI_140,FI1D,inside
FI_141,FI1C,inside
FI_142,FI1C,nearest_5km
FI_143,FI1C,inside
FI_144,FI1C,inside
FI_145,FI1C,inside
FI_146,FI1D,inside
FI_147,FI1D,inside
FI_148,FI1D,inside
FI_149,FI1D,inside
FI_15,FI1B,inside
FI_150,FI1D,inside
FI_151,FI1D,inside
FI_152,FI1D,inside
FI_153,FI1D,inside
FI_154,FI1D,inside
FI_155,FI1D,inside
FI_156,FI1D,inside
FI_157,FI1D,inside
FI_158,FI1D,inside
FI_159,FI1D,inside
FI_16,FI1B,inside
FI_160,FI1D,inside
FI_161,FI1C,inside
FI_162,FI1C,inside
FI_163,FI1C,inside
FI_164,FI1C,inside
FI_165,FI1C,inside
FI_166,FI1C,inside
FI_167,FI1C,inside
FI_168,FI1C,inside
FI_169,FI1C,inside
FI_17,FI1D,inside
FI_170,FI1C,inside
FI_171,FI1C,inside
FI_172,FI1C,inside
FI_173,FI1C,inside
FI_174,FI1C,inside
FI_175,FI1C,inside
FI_176,FI1C,inside
FI_177,FI1C,inside
FI_178,FI1C,inside
FI_179,FI1C,inside
FI_18,FI1B,inside
FI_180,FI1C,inside
FI_181,FI1C,inside
FI_182,FI1C,inside
FI_183,FI1C,inside
FI_184,FI1C,inside
FI_185,FI1C,inside
FI_186,FI1C,inside
FI_187,FI1C,inside
FI_188,FI1C,inside
FI_189,FI1C,inside
FI_19,FI1D,inside
FI_190,FI1C,inside
FI_191,FI1D,inside
FI_192,FI1C,nearest_5km
FI_193,FI19,inside
FI_194,FI19,inside
FI_195,FI19,inside
FI_196,FI1C,inside
FI_197,FI1C,inside
FI_198,FI1C,inside
FI_199,FI1D,inside
FI_2,FI1B,inside
FI_20,FI1D,inside
FI_200,FI1D,inside
FI_201,FI1D,inside
FI_201655,FI19,inside
FI_201658,FI1C,inside
FI_201724,FI1C,inside
FI_202,FI1D,inside
FI_202807,FI1D,inside
FI_202891,FI1B,inside
FI_202973,FI1D,inside
FI_203,FI1D,inside
FI_203116,FI1C,inside
FI_203117,FI1C,inside
FI_203668,FI1C,inside
FI_203941,FI1D,inside
FI_204,FI1D,inside
FI_204381,FI19,inside
FI_204524,FI1C,inside
FI_205,FI1D,inside
FI_205649,FI1B,inside
FI_205650,FI1D,inside
FI_205888,FI19,inside
FI_205896,FI19,inside
FI_205902,FI19,inside
FI_205939,FI1B,inside
FI_205964,FI1C,inside
FI_205966,FI1C,inside
FI_206,FI1D,inside
FI_206040,FI1C,inside
FI_206070,FI1D,inside
FI_206088,FI1D,inside
FI_206103,FI1B,inside
FI_206121,FI1D,inside
FI_206122,FI19,inside
FI_206123,FI19,inside
FI_206126,FI19,inside
FI_206135,FI19,inside
FI_206136,FI19,inside
FI_206137,FI19,inside
FI_206140,FI1D,inside
FI_206161,FI1D,inside
FI_206187,FI1C,nearest_5km
FI_206283,FI1C,inside
FI_206287,FI1D,inside
FI_206314,FI1C,nearest_5km
FI_206824,FI1B,inside
FI_206840,FI1B,inside
FI_206841,FI1B,inside
FI_206842,FI1B,inside
FI_206931,FI19,inside
FI_206948,FI1B,inside
FI_207,FI1C,nearest_5km
FI_207402,FI1D,inside
FI_207549,FI1D,inside
FI_207645,FI19,inside
FI_207696,FI19,inside
FI_207707,FI1B,inside
FI_207730,FI1C,inside
FI_208,FI1D,inside
FI_208142,FI1C,inside
FI_208322,FI1D,inside
FI_208402,FI19,inside
FI_209,FI1D,inside
FI_209046,FI1B,inside
FI_209052,FI19,inside
FI_209085,FI19,inside
FI_21,FI1D,inside
FI_210,FI1B,inside
FI_210105,FI19,inside
FI_210165,FI1B,inside
FI_210222,FI1D,nearest_5km
FI_210372,FI1B,inside
FI_210413,FI19,inside
FI_210486,FI1D,inside
FI_210671,FI1B,inside
FI_210687,FI1D,inside
FI_210700,FI1C,inside
FI_211,FI1B,inside
FI_212,FI1D,inside
FI_213,FI1D,inside
FI_213822,FI1C,inside
FI_213823,FI1C,inside
FI_213824,FI1D,inside
FI_213880,FI19,inside
FI_214,FI1D,inside
FI_214060,FI1C,inside
FI_214080,FI1C,inside
FI_214320,FI1D,inside
FI_215,FI1D,inside
FI_215340,FI1D,inside
FI_215540,FI1B,inside
FI_216,FI1D,inside
FI_216120,FI1D,inside
FI_216300,FI1B,inside
FI_216340,FI1C,inside
FI_216341,FI1C,inside
FI_216380,FI19,inside
FI_216500,FI1C,nearest_5km
FI_217,FI1D,inside
FI_217400,FI1C,inside
FI_217921,FI19,inside
FI_217940,FI1D,inside
FI_218,FI1D,inside
FI_218380,FI1C,inside
FI_218720,FI1B,inside
FI_219,FI1D,inside
FI_219460,FI1C,inside
FI_219700,FI1C,inside
FI_219701,FI1C,inside
FI_219702,FI1C,inside
FI_219703,FI1C,inside
FI_219860,FI19,inside
FI_219861,FI19,inside
FI_219880,FI1C,inside
FI_219901,FI1D,inside
FI_219920,FI1C,inside
FI_22,FI1D,inside
FI_220,FI1D,inside
FI_220809,FI19,inside
FI_220810,FI19,inside
FI_221,FI1D,inside
FI_221146,FI1C,inside
FI_222,FI1D,inside
FI_222435,FI1C,inside
FI_222720,FI1D,inside
FI_223,FI1D,inside
FI_223880,FI1C,inside
FI_223881,FI19,inside
FI_224,FI1D,inside
FI_224300,FI19,inside
FI_225,FI1D,inside
FI_225430,FI1D,inside
FI_225431,FI1D,inside
FI_226,FI1C,inside
FI_227,FI1C,inside
FI_227114,FI1B,inside
FI_228,FI1C,inside
FI_229,FI1C,inside
FI_23,FI1B,inside
FI_230,FI1C,inside
FI_231,FI1C,inside
FI_231320,FI1B,inside
FI_231640,FI1C,inside
FI_231840,FI1C,inside
FI_232,FI1C,inside
FI_232440,FI1D,inside
FI_233,FI1C,inside
FI_234,FI1C,inside
FI_235,FI1C,inside
FI_236,FI1C,inside
FI_237,FI19,inside
FI_238,FI19,inside
FI_239,FI19,inside
FI_24,FI1D,inside
FI_240,FI1B,inside
FI_241,FI1B,inside
FI_242,FI1B,inside
FI_243,FI1B,inside
FI_244,FI1B,inside
FI_245,FI1B,inside
FI_246,FI1B,inside
FI_247,FI1B,inside
FI_248,FI1C,inside
FI_249,FI1C,inside
FI_25,FI1D,inside
FI_250,FI1C,inside
FI_251,FI1C,inside
FI_252,FI1C,inside
FI_253,FI1C,inside
FI_254,FI19,inside
FI_255,FI19,inside
FI_256,FI19,inside
FI_257,FI19,inside
FI_258,FI19,inside
FI_259,FI19,inside
FI_26,FI1B,inside
FI_260,FI19,inside
FI_261,FI19,inside
FI_262,FI1C,inside
FI_263,FI1C,inside
FI_264,FI1C,inside
FI_265,FI1C,inside
FI_266,FI1D,inside
FI_267,FI1D,inside
FI_268,FI1D,inside
FI_269,FI1D,inside
FI_27,FI1B,inside
FI_270,FI1D,inside
FI_271,FI1D,inside
FI_272,FI1D,inside
FI_273,FI1D,inside
FI_274,FI1C,inside
FI_275,FI1C,inside
FI_276,FI1C,inside
FI_277,FI1C,inside
FI_278,FI19,inside
FI_279,FI19,inside
FI_28,FI1D,inside
FI_280,FI19,inside
FI_281,FI19,inside
FI_282,FI1D,inside
FI_283,FI1D,inside
FI_284,FI1D,inside
FI_285,FI1D,inside
FI_286,FI1D,inside
FI_287,FI1D,inside
FI_288,FI1D,inside
FI_289,FI1D,inside
FI_29,FI1D,inside
FI_290,FI1D,inside
FI_291,FI1D,inside
FI_292,FI1D,inside
FI_293,FI1D,inside
FI_294,FI19,inside
FI_295,FI19,inside
FI_296,FI19,inside
FI_297,FI19,inside
FI_298,FI19,inside
FI_299,FI19,inside
FI_3,FI19,inside
FI_30,FI1B,inside
FI_300,FI19,inside
FI_301,FI19,inside
FI_302,FI19,inside
FI_303,FI19,inside
FI_304,FI19,inside
FI_305,FI19,inside
FI_306,FI19,inside
FI_307,FI19,inside
FI_308,FI19,inside
FI_309,FI1D,inside
FI_31,FI1B,inside
FI_310,FI1D,inside
FI_311,FI1D,inside
FI_312,FI1D,inside
FI_313,FI1D,inside
FI_314,FI1D,inside
FI_315,FI1D,inside
FI_316,FI1D,inside
FI_317,FI1D,inside
FI_318,FI1D,inside
FI_319,FI1D,inside
FI_32,FI1D,inside
FI_320,FI1D,inside
FI_321,FI19,inside
FI_322,FI19,inside
FI_323,FI19,inside
FI_324,FI19,nearest_5km
FI_325,FI19,inside
FI_326,FI19,inside
FI_327,FI19,inside
FI_328,FI19,inside
FI_329,FI19,inside
FI_33,FI1D,inside
FI_330,FI1B,inside
FI_331,FI1B,inside
FI_332,FI1B,inside
FI_333,FI1B,inside
FI_334,FI1B,inside
FI_335,FI1B,inside
FI_336,FI1D,inside
FI_337,FI1D,inside
FI_338,FI1D,inside
FI_339,FI1D,inside
FI_34,FI1D,inside
FI_340,FI1D,inside
FI_341,FI1D,inside
FI_342,FI1D,inside
FI_343,FI1D,inside
FI_344,FI1D,inside
FI_345,FI1D,inside
FI_346,FI1C,inside
FI_347,FI1C,inside
FI_348,FI1C,inside
FI_349,FI1C,inside
FI_35,FI1D,inside
FI_350,FI1D,inside
FI_351,FI1D,inside
FI_352,FI1D,inside
FI_353,FI1D,inside
FI_354,FI1D,inside
FI_355,FI1D,inside
FI_356,FI1D,inside
FI_357,FI19,inside
FI_358,FI19,nearest_5km
FI_359,FI19,inside
FI_36,FI1D,inside
FI_360,FI19,inside
FI_361,FI19,inside
FI_362,FI19,inside
FI_363,FI19,inside
FI_364,FI19,inside
FI_365,FI1C,inside
FI_366,FI1C,inside
FI_367,FI1C,inside
FI_368,FI1C,inside
FI_369,FI1C,inside
FI_37,FI1D,inside
FI_370,FI1C,inside
FI_371,FI1C,inside
FI_372,FI1C,inside
FI_373,FI1C,inside
FI_374,FI1C,inside
FI_375,FI1C,inside
FI_376,FI1C,inside
FI_377,FI1C,inside
FI_378,FI1C,inside
FI_379,FI1C,inside
FI_38,FI1C,inside
FI_380,FI1C,inside
FI_381,FI1C,inside
FI_382,FI1D,inside
FI_383,FI1D,inside
FI_384,FI1D,inside
FI_385,FI1D,inside
FI_386,FI1C,inside
FI_387,FI1C,inside
FI_388,FI1C,inside
FI_389,FI1C,inside
FI_39,FI1C,inside
FI_390,FI1C,inside
FI_391,FI1C,inside
FI_392,FI1C,inside
FI_393,FI1B,inside
FI_394,FI19,inside
FI_395,FI1C,inside
FI_396,FI1C,inside
FI_397,FI1C,inside
FI_398,FI1D,inside
FI_399,FI1D,inside
FI_4,FI19,nearest_5km
FI_40,FI1C,inside
FI_400,FI1D,inside
FI_401,FI1D,inside
FI_402,FI1C,inside
FI_403,FI1C,inside
FI_404,FI19,inside
FI_405,FI19,inside
FI_406,FI19,inside
FI_407,FI1D,inside
FI_408,FI1D,inside
FI_409,FI1C,inside
FI_41,FI1C,inside
FI_410,FI1C,inside
FI_411,FI19,inside
FI_412,FI1C,inside
FI_413,FI19,nearest_5km
FI_414,FI1D,inside
FI_415,FI19,inside
FI_416,FI19,inside
FI_417,FI1C,inside
FI_418,FI1C,inside
FI_419,FI19,inside
FI_42,FI1C,inside
FI_420,FI19,inside
FI_421,FI19,inside
FI_422,FI1D,inside
FI_423,FI1B,inside
FI_424,FI19,inside
FI_425,FI19,inside
FI_426,FI1B,inside
FI_427,FI19,inside
FI_428,FI19,inside
FI_429,FI19,inside
FI_43,FI1C,inside
FI_430,FI19,inside
FI_431,FI1D,inside
FI_432,FI1C,inside
FI_433,FI1C,inside
FI_434,FI1D,inside
FI_435,FI1C,inside
FI_436,FI1C,inside
FI_437,FI1D,inside
FI_438,FI1C,inside
FI_439,FI19,inside
FI_44,FI1C,inside
FI_440,FI19,inside
FI_441,FI1C,inside
FI_442,FI1B,inside
FI_443,FI1C,inside
FI_444,FI1D,inside
FI_445,FI1D,inside
FI_446,FI1C,inside
FI_447,FI1C,inside
FI_448,FI19,inside
FI_449,FI1B,inside
FI_45,FI1C,inside
FI_450,FI1C,inside
FI_451,FI19,inside
FI_452,FI1D,inside
FI_453,FI19,inside
FI_454,FI19,inside
FI_455,FI19,inside
FI_456,FI1B,nearest_5km
FI_457,FI1C,inside
FI_458,FI1D,inside
FI_459,FI19,inside
FI_46,FI1C,inside
FI_460,FI19,inside
FI_461,FI1B,inside
FI_462,FI1B,inside
FI_463,FI1B,inside
FI_464,FI1D,inside
FI_465,FI1B,inside
FI_466,FI19,inside
FI_467,FI19,inside
FI_468,FI1D,inside
FI_469,FI1B,inside
FI_47,FI1B,inside
FI_470,FI1C,inside
FI_471,FI19,inside
FI_472,FI1D,inside
FI_473,FI1D,inside
FI_474,FI1D,inside
FI_475,FI1C,inside
FI_476,FI1D,inside
FI_477,FI19,inside
FI_478,FI1B,inside
FI_479,FI1C,inside
FI_48,FI1D,inside
FI_480,FI1C,inside
FI_481,FI1C,inside
FI_482,FI19,inside
FI_483,FI1C,inside
FI_484,FI19,inside
FI_485,FI1C,inside
FI_486,FI1B,inside
FI_487,FI1D,inside
FI_488,FI1D,inside
FI_489,FI19,inside
FI_49,FI19,inside
FI_490,FI19,inside
FI_491,FI1C,inside
FI_492,FI19,inside
FI_493,FI1C,inside
FI_494,FI19,inside
FI_495,FI19,inside
FI_496,FI19,inside
FI_497,FI19,inside
FI_498,FI1D,inside
FI_499,FI1C,inside
FI_5,FI19,nearest_5km
FI_50,FI19,inside
FI_500,FI1C,inside
FI_501,FI1C,inside
FI_502,FI1D,inside
FI_503,FI19,inside
FI_504,FI1D,inside
FI_505,FI1D,inside
FI_506,FI1C,inside
FI_507,FI1C,inside
FI_508,FI1B,inside
FI_509,FI19,inside
FI_51,FI1D,inside
FI_510,FI19,inside
FI_511,FI1C,inside
FI_512,FI1C,inside
FI_513,FI1C,inside
FI_514,FI1D,inside
FI_515,FI19,inside
FI_516,FI19,nearest_5km
FI_517,FI1D,inside
FI_518,FI1B,inside
FI_519,FI19,inside
FI_52,FI1B,inside
FI_520,FI1B,nearest_5km
FI_521,FI1C,inside
FI_522,FI19,inside
FI_523,FI1B,inside
FI_524,FI1C,inside
FI_525,FI19,nearest_5km
FI_526,FI1B,inside
FI_527,FI1C,inside
FI_528,FI1B,inside
FI_529,FI1C,inside
FI_53,FI1C,inside
FI_530,FI1B,inside
FI_531,FI19,nearest_5km
FI_532,FI1C,inside
FI_533,FI19,inside
FI_534,FI1D,inside
FI_535,FI19,inside
FI_536,FI19,inside
FI_537,FI19,inside
FI_538,FI19,inside
FI_539,FI1D,inside
FI_54,FI1B,inside
FI_540,FI1B,inside
FI_541,FI19,inside
FI_542,FI1D,inside
FI_543,FI1D,inside
FI_544,FI1B,inside
FI_545,FI1D,inside
FI_546,FI1B,inside
FI_547,FI19,inside
FI_548,FI1B,inside
FI_549,FI1C,inside
FI_55,FI1B,inside
FI_550,FI1C,inside
FI_551,FI1C,inside
FI_552,FI1D,inside
FI_553,FI1B,inside
FI_554,FI19,inside
FI_555,FI1D,inside
FI_556,FI1C,inside
FI_557,FI1C,inside
FI_558,FI1C,inside
FI_559,FI1D,inside
FI_56,FI1B,inside
FI_560,FI1C,inside
FI_561,FI1C,inside
FI_562,FI1C,inside
FI_563,FI1C,inside
FI_564,FI19,inside
FI_565,FI19,inside
FI_566,FI19,inside
FI_567,FI19,inside
FI_568,FI1C,inside
FI_569,FI1D,inside
FI_57,FI1C,inside
FI_570,FI19,inside
FI_571,FI1D,inside
FI_572,FI1D,inside
FI_573,FI1D,inside
FI_574,FI1D,inside
FI_575,FI1D,inside
FI_576,FI1D,inside
FI_577,FI1C,inside
FI_578,FI19,inside
FI_579,FI19,inside
FI_58,FI1B,inside
FI_580,FI1C,inside
FI_581,FI1C,inside
FI_582,FI19,inside
FI_583,FI1D,inside
FI_584,FI1D,inside
FI_585,FI19,inside
FI_586,FI19,inside
FI_587,FI19,inside
FI_588,FI19,inside
FI_589,FI19,inside
FI_59,FI1C,inside
FI_590,FI19,inside
FI_591,FI1C,inside
FI_592,FI1C,inside
FI_593,FI1C,inside
FI_594,FI1D,inside
FI_595,FI1D,inside
FI_596,FI1C,inside
FI_597,FI19,inside
FI_598,FI1B,inside
FI_599,FI1B,inside
FI_6,FI19,inside
FI_60,FI1B,inside
FI_600,FI1C,inside
FI_601,FI19,inside
FI_602,FI1B,inside
FI_603,FI1D,inside
FI_604,FI1D,inside
FI_605,FI1C,inside
FI_606,FI19,inside
FI_607,FI1D,inside
FI_608,FI19,inside
FI_609,FI1D,inside
FI_61,FI1B,inside
FI_610,FI1D,nearest_5km
FI_611,FI19,inside
FI_612,FI1B,inside
FI_613,FI1B,inside
FI_614,FI1D,inside
FI_615,FI19,inside
FI_616,FI19,inside
FI_617,FI19,inside
FI_618,FI1C,inside
FI_619,FI1C,inside
FI_62,FI1B,inside
FI_620,FI1C,inside
FI_621,FI1C,inside
FI_622,FI19,inside
FI_623,FI1B,inside
FI_624,FI1C,inside
FI_625,FI1C,inside
FI_626,FI19,inside
FI_627,FI1D,inside
FI_628,FI1D,inside
FI_629,FI1C,inside
FI_63,FI1C,nearest_5km
FI_630,FI1D,inside
FI_631,FI1C,inside
FI_632,FI19,inside
FI_633,FI1B,inside
FI_634,FI1D,inside
FI_635,FI19,inside
FI_636,FI1C,inside
FI_637,FI1B,inside
FI_638,FI19,inside
FI_639,FI1B,inside
FI_64,FI1B,inside
FI_640,FI1C,inside
FI_641,FI1B,inside
FI_642,FI1B,inside
FI_643,FI19,inside
FI_644,FI1B,inside
FI_645,FI1C,inside
FI_646,FI1C,inside
FI_647,FI1D,inside
FI_649,FI1D,inside
FI_65,FI1B,inside
FI_650,FI1D,inside
FI_651,FI1B,inside
FI_652,FI1D,inside
FI_653,FI19,inside
FI_654,FI20,inside
FI_655,FI1C,inside
FI_656,FI19,inside
FI_657,FI1D,inside
FI_658,FI19,inside
FI_659,FI1D,inside
FI_66,FI1B,inside
FI_660,FI1C,inside
FI_661,FI1D,inside
FI_662,FI19,inside
FI_663,FI1B,inside
FI_67,FI1B,inside
FI_68,FI1B,nearest_5km
FI_69,FI1B,inside
FI_7,FI1C,inside
FI_70,FI1B,inside
FI_71,FI1C,inside
FI_72,FI1B,inside
FI_73,FI1B,inside
FI_74,FI1D,inside
FI_75,FI1D,inside
FI_76,FI1D,inside
FI_77,FI1B,inside
FI_78,FI1B,inside
FI_79,FI1B,inside
FI_8,FI1D,inside
FI_80,FI1B,inside
FI_81,FI1B,inside
FI_82,FI1C,inside
FI_83,FI1C,inside
FI_84,FI1C,inside
FI_85,FI1C,inside
FI_86,FI19,inside
FI_87,FI19,inside
FI_88,FI19,inside
FI_89,FI19,inside
FI_9,FI1C,inside
FI_90,FI1C,inside
FI_91,FI19,inside
FI_92,FI19,inside
FI_93,FI19,inside
FI_94,FI19,inside
FI_95,FI19,inside
FI_96,FI19,inside
FI_97,FI19,inside
FI_98,FI19,inside
FI_99,FI19,inside
FR_1,FRE2,inside
FR_10,FRE2,inside
FR_100,FRI1,inside
FR_1000,FRE1,inside
FR_1001,FRE1,inside
FR_1003,FRE1,inside
FR_1004,FRE1,inside
FR_1005,FRE1,inside
FR_1006,FRE1,inside
FR_1007,FRE1,inside
FR_1008,FRE1,inside
FR_1009,FRE1,inside
FR_101,FRI1,inside
FR_1010,FRE1,inside
FR_1011,FRE1,inside
FR_1012,FRE1,inside
FR_1014,FRE1,inside
FR_1015,FRI2,inside
FR_1016,FRY4,inside
FR_1017,FRI2,inside
FR_1018,FRJ2,inside
FR_102,FRI1,inside
FR_1020,FRI3,inside
FR_1021,FRI3,inside
FR_1022,FRI3,inside
FR_1023,FRI3,inside
FR_1024,FRI1,inside
FR_1025,FRI3,inside
FR_1026,FRI3,inside
FR_1027,FRI3,inside
FR_1028,FRI3,inside
FR_1029,FRI3,inside
FR_103,FRI1,inside
FR_1030,FRI3,inside
FR_1031,FRI3,inside
FR_1032,FRI3,inside
FR_1033,FRI3,inside
FR_1034,FRI3,inside
FR_1035,FRI3,inside
FR_1036,FRI3,inside
FR_1037,FRI3,inside
FR_1038,FRI3,inside
FR_1039,FRI3,inside
FR_104,FRI1,inside
FR_1040,FRM0,inside
FR_1041,FRM0,inside
FR_1042,FR10,inside
FR_1043,FRF2,inside
FR_1044,FR10,inside
FR_1045,FRF1,inside
FR_1046,FRD1,inside
FR_1047,FRI3,inside
FR_1048,FRH0,inside
FR_1049,FRK1,inside
FR_105,FRI1,inside
FR_1050,FRB0,inside
FR_1051,FRB0,inside
FR_1052,FRB0,inside
FR_1053,FR10,inside
FR_1054,FRB0,inside
FR_1055,FRB0,inside
FR_1056,FRB0,inside
FR_1057,FRB0,inside
FR_1058,FRB0,inside
FR_1059,FRB0,inside
FR_106,FRI1,inside
FR_1060,FRB0,inside
FR_1061,FRB0,inside
FR_1062,FRB0,inside
FR_1063,FRB0,inside
FR_1064,FRB0,inside
FR_1065,FRB0,inside
FR_1066,FRB0,inside
FR_1067,FRB0,inside
FR_1068,FRB0,inside
FR_1069,FRB0,inside
FR_107,FRI1,inside
FR_1070,FRB0,inside
FR_1071,FRB0,inside
FR_1072,FRB0,inside
FR_1073,FRB0,inside
FR_1074,FRB0,inside
FR_1075,FRB0,inside
FR_1076,FRB0,inside
FR_1077,FRB0,inside
FR_1078,FRB0,inside
FR_1079,FRB0,inside
FR_108,FRI1,inside
FR_1080,FRB0,inside
FR_1081,FRB0,inside
FR_1082,FRB0,inside
FR_1083,FRB0,inside
FR_1084,FRB0,inside
FR_1085,FRB0,inside
FR_1086,FRB0,inside
FR_1087,FRB0,inside
FR_1088,FRB0,inside
FR_1089,FRB0,inside
FR_109,FRI1,inside
FR_1090,FRB0,inside
FR_1091,FRB0,inside
FR_1092,FRB0,inside
FR_1093,FRB0,inside
FR_1094,FRB0,inside
FR_1095,FRB0,inside
FR_1096,FRB0,inside
FR_1097,FRB0,inside
FR_11,FRE2,inside
FR_110,FRI1,inside
FR_1100,FRK2,inside
FR_1101,FRK2,inside
FR_1102,FRK2,inside
FR_1103,FRK2,inside
FR_1104,FRK2,inside
FR_1105,FRK2,inside
FR_1106,FRK2,inside
FR_1107,FRY1,inside
FR_1108,FRI2,inside
FR_1109,,inside
FR_111,FRI1,inside
FR_1110,FRY1,nearest_5km
FR_1111,FRY1,inside
FR_1112,FRI2,inside
FR_1113,FRY1,nearest_5km
FR_1114,FRI2,inside
FR_1116,FRI2,inside
FR_1117,FRI2,inside
FR_1118,FRY2,inside
FR_1119,FRC1,inside
FR_112,FRI1,inside
FR_1120,FRD1,inside
FR_1121,FRD1,inside
FR_1122,FRF3,inside
FR_1123,FR10,inside
FR_1124,FRK2,inside
FR_1125,FRK2,inside
FR_1126,FR10,inside
FR_1127,FRC2,inside
FR_1128,FRC2,inside
FR_1129,FR10,inside
FR_113,FRD1,inside
FR_1130,FRJ1,inside
FR_1131,FRG0,inside
FR_1132,FRE2,inside
FR_1133,FRF3,inside
FR_1134,FRI2,inside
FR_1135,FRE2,inside
FR_1136,FRH0,inside
FR_1137,FRD2,inside
FR_1138,FRI2,inside
FR_1139,FRE2,inside
FR_114,FRD1,inside
FR_1140,FRI2,inside
FR_1141,FRG0,inside
FR_1142,FRY2,inside
FR_1143,FRH0,inside
FR_1144,FRE1,inside
FR_1145,FRK2,inside
FR_1146,FR10,inside
FR_1147,FRF2,inside
FR_1148,FRC1,inside
FR_1149,FRL0,inside
FR_115,FRD1,inside
FR_1150,FR10,inside
FR_1151,FRE1,inside
FR_1152,FRG0,inside
FR_1153,FRB0,inside
FR_1154,FRE1,inside
FR_1155,FRF3,inside
FR_1156,FRG0,inside
FR_1157,FRI1,inside
FR_1158,FRG0,inside
FR_1159,FRL0,inside
FR_116,FRD1,inside
FR_1160,FR10,inside
FR_1161,FRF2,inside
FR_1162,FRL0,inside
FR_1163,FRJ2,inside
FR_1164,FRI1,inside
FR_1165,FR10,inside
FR_1166,FRK1,inside
FR_1167,FRI3,inside
FR_1168,FRE1,inside
FR_1169,FRG0,inside
FR_117,FRD1,inside
FR_1170,FRI1,inside
FR_118,FRD1,inside
FR_119,FRD1,inside
FR_12,FRE2,inside
FR_120,FRD1,inside
FR_121,FRD1,inside
FR_122,FRD1,inside
FR_123,FRD1,inside
FR_124,FRD1,inside
FR_125,FRD1,inside
FR_126,FRD1,inside
FR_127,FRD1,inside
FR_128,FRD1,inside
FR_13,FRE2,inside
FR_130,FRD1,inside
FR_131,FRD1,inside
FR_132,FRD1,inside
FR_133,FRD1,inside
FR_134,FRC1,inside
FR_135,FRC1,inside
FR_136,FRC1,inside
FR_137,FRC1,inside
FR_138,FRC1,inside
FR_139,FRC1,inside
FR_14,FRE2,inside
FR_140,FRC1,inside
FR_141,FRC1,inside
FR_142,FRC1,inside
FR_143,FRC1,inside
FR_144,FRC1,inside
FR_145,FRC1,inside
FR_146,FRC1,inside
FR_147,FRC1,inside
FR_148,FRC1,inside
FR_149,FRC1,inside
FR_15,FRE2,inside
FR_150,FRC1,inside
FR_151,FRC1,inside
FR_152,FRK2,inside
FR_153,FRC1,inside
FR_154,FRC1,inside
FR_155,FRC1,inside
FR_156,FRC1,inside
FR_157,FRC1,inside
FR_158,FRC1,inside
FR_159,FRC1,inside
FR_16,FRE2,inside
FR_160,FRC1,inside
FR_161,FRC1,inside
FR_162,FRC1,inside
FR_163,FRC1,inside
FR_164,FRC1,inside
FR_165,FRC1,inside
FR_166,FRH0,inside
FR_167,FRH0,inside
FR_168,FRH0,inside
FR_169,FRH0,inside
FR_17,FRE2,inside
FR_170,FRH0,inside
FR_171,FRH0,inside
FR_172,FRH0,inside
FR_173,FRH0,inside
FR_174,FRH0,inside
FR_176,FRH0,inside
FR_177,FRH0,inside
FR_178,FRH0,inside
FR_179,FRH0,inside
FR_18,FRE2,inside
FR_180,FRH0,inside
FR_181,FRH0,inside
FR_182,FRH0,inside
FR_183,FRH0,inside
FR_184,FRH0,inside
FR_185,FRH0,inside
FR_186,FRH0,inside
FR_187,FRH0,inside
FR_188,FRH0,inside
FR_189,FRH0,inside
FR_19,FRE2,inside
FR_190,FRH0,inside
FR_191,FRH0,inside
FR_192,FRH0,inside
FR_193,FRH0,inside
FR_194,FRK1,inside
FR_195,FRK1,inside
FR_196,FRK1,inside
FR_197,FRK1,inside
FR_198,FRK1,inside
FR_199,FRK1,inside
FR_2,FRE2,inside
FR_20,FRE2,inside
FR_200,FRK1,inside
FR_201,FRK1,inside
FR_201340,FRY1,inside
FR_201469,FR10,inside
FR_201650,FRE1,inside
FR_202,FRK1,inside
FR_202377,FR10,inside
FR_202577,FRI2,inside
FR_203,FRK1,inside
FR_203083,FRF3,inside
FR_203536,FRK2,inside
FR_203580,FRB0,inside
FR_203582,FRI2,inside
FR_203712,FRK1,inside
FR_203713,FRF1,inside
FR_203838,FRK2,inside
FR_203840,FRK2,inside
FR_203841,FRK2,inside
FR_203914,FRI1,inside
FR_204,FRK1,inside
FR_204034,FRG0,inside
FR_204035,FRD1,inside
FR_204055,FRJ2,inside
FR_204056,FRE1,inside
FR_204057,FRF2,inside
FR_204058,FRH0,inside
FR_204059,FRH0,inside
FR_204060,FRD1,inside
FR_204061,FRG0,inside
FR_204062,FRF3,inside
FR_204063,FRD1,inside
FR_204064,FRG0,inside
FR_204076,FRG0,inside
FR_204077,FRI3,inside
FR_204080,FRD1,inside
FR_204087,FRE2,inside
FR_204088,FRH0,inside
FR_204205,FRD2,inside
FR_204207,FRD2,inside
FR_204209,FRD2,inside
FR_204210,FR10,inside
FR_204211,FR10,inside
FR_204214,FRE1,inside
FR_204218,FRF2,inside
FR_204292,FRJ1,inside
FR_204293,FRK2,inside
FR_204299,FRF3,inside
FR_204313,FR10,inside
FR_204318,FRI1,inside
FR_204319,FRI1,inside
FR_204444,FRB0,inside
FR_204782,FRK2,inside
FR_204783,FRK2,inside
FR_204784,FRK2,inside
FR_204861,FRD2,inside
FR_204905,FRH0,inside
FR_204907,FRK2,inside
FR_204921,FRK2,inside
FR_204944,FRL0,inside
FR_204945,FRK2,inside
FR_204970,FRF3,inside
FR_205,FRK1,inside
FR_205222,FRK2,inside
FR_205223,FRK2,inside
FR_205224,FRK2,inside
FR_205225,FRK2,inside
FR_205226,FRJ1,inside
FR_205261,FRF2,inside
FR_205263,FRF2,inside
FR_205264,FRF2,inside
FR_205277,FRE2,inside
FR_205336,FRE1,inside
FR_205423,FRF1,inside
FR_205428,FRE1,inside
FR_205436,FRK2,inside
FR_205437,FRE1,inside
FR_205461,FRD1,inside
FR_205482,FRK1,inside
FR_205488,FRE1,inside
FR_205489,FRF3,inside
FR_205500,FRI1,inside
FR_205506,FRE1,inside
FR_205521,FRF2,inside
FR_205522,FRF2,inside
FR_205523,FRF2,inside
FR_205524,FRF2,inside
FR_205531,FRI1,inside
FR_205532,FRG0,inside
FR_205574,FRE2,inside
FR_205575,FRI1,inside
FR_205576,FRL0,inside
FR_205578,FRL0,inside
FR_205579,FR10,inside
FR_205580,FRF1,inside
FR_205584,FRJ1,inside
FR_205588,FRI1,inside
FR_205589,FRI1,inside
FR_205590,FRF1,inside
FR_205612,FRG0,inside
FR_205614,FRK2,inside
FR_205620,FRD2,inside
FR_205635,FRF2,inside
FR_205636,FRF2,inside
FR_205637,FRF2,inside
FR_205638,FRF2,inside
FR_205639,FRF2,inside
FR_205659,FRC1,inside
FR_205660,FRE1,inside
FR_205670,FRK2,inside
FR_205672,FRC1,inside
FR_205676,FRL0,inside
FR_205686,FRK2,inside
FR_205688,FRF2,inside
FR_205689,FRF2,inside
FR_205690,FRF2,inside
FR_205702,FRF1,inside
FR_205703,FRD2,inside
FR_205704,FRL0,inside
FR_205706,FRK2,inside
FR_205716,FRD2,inside
FR_205729,FRJ2,inside
FR_205731,FRJ2,inside
FR_205732,FRJ2,inside
FR_205745,FRC2,inside
FR_205746,FRC2,inside
FR_205748,FRC2,inside
FR_205749,FRC2,inside
FR_205750,FRC2,inside
FR_205751,FRC2,inside
FR_205752,FRC2,inside
FR_205766,FRK2,inside
FR_205767,FRL0,inside
FR_205768,FRE1,inside
FR_205769,FRE1,inside
FR_205775,FRK2,inside
FR_205787,FRK1,inside
FR_205796,FRE1,inside
FR_205797,FRE2,inside
FR_205798,FRE2,inside
FR_205820,FRE1,inside
FR_205829,FRJ2,inside
FR_205830,FRE2,inside
FR_205831,FRJ2,inside
FR_205864,FRI1,inside
FR_205870,FRH0,inside
FR_205871,FRH0,inside
FR_205872,FRH0,inside
FR_205873,FRC1,inside
FR_205874,FR10,inside
FR_205876,FRI1,inside
FR_205877,FRI1,inside
FR_205878,FRI1,inside
FR_205881,FRI1,inside
FR_205885,FR10,inside
FR_205891,FRF1,inside
FR_205893,FRF1,inside
FR_205904,FRF2,inside
FR_205923,FRL0,inside
FR_205933,FRK1,inside
FR_205934,FRK1,inside
FR_205936,FRJ1,inside
FR_205940,FRK2,inside
FR_205944,FRC1,inside
FR_205945,FRE1,inside
FR_205947,FRE1,inside
FR_205948,FRD2,inside
FR_205949,FRE1,inside
FR_205960,FRE2,inside
FR_205967,FRJ1,inside
FR_205994,FRE1,inside
FR_205995,FRD1,inside
FR_206,FRK1,inside
FR_206004,FRI1,inside
FR_206024,FRK2,inside
FR_206025,FR10,inside
FR_206026,FRI3,inside
FR_206028,FR10,inside
FR_206029,FRD1,inside
FR_206030,FRM0,inside
FR_206032,FRL0,nearest_5km
FR_206033,FRE1,inside
FR_206037,FR10,inside
FR_206041,FRK1,inside
FR_206042,FRI1,inside
FR_206043,FRJ2,inside
FR_206044,FRI1,inside
FR_206047,FRE1,inside
FR_206055,FRL0,inside
FR_206056,FRL0,inside
FR_206065,FRF3,inside
FR_206087,FRG0,inside
FR_206099,FRI1,inside
FR_206127,FRF2,inside
FR_206131,FRK2,inside
FR_206132,FRF3,inside
FR_206138,FRE1,inside
FR_206143,FRE1,inside
FR_206150,FRJ1,inside
FR_206151,FRD2,inside
FR_206159,FRF2,inside
FR_206160,FRF3,inside
FR_206164,FRL0,inside
FR_206166,FRF2,inside
FR_206175,FRI1,inside
FR_206189,FRH0,inside
FR_206194,FRC2,inside
FR_206222,FRH0,inside
FR_206232,FRF1,inside
FR_206235,FR10,inside
FR_206243,FRI2,inside
FR_206268,FRL0,inside
FR_206269,FRE1,inside
FR_206273,FRF1,inside
FR_206282,FRF2,inside
FR_206290,FRE1,inside
FR_206291,FRK1,inside
FR_206292,FRK2,inside
FR_206302,FR10,inside
FR_206303,FRF3,inside
FR_206305,FRF3,inside
FR_206306,FRD2,inside
FR_206308,FRG0,inside
FR_206309,FRF2,inside
FR_206312,FR10,inside
FR_206313,FR10,inside
FR_206317,FRF1,inside
FR_206318,FRF3,inside
FR_206320,FRH0,inside
FR_206321,FR10,inside
FR_206322,FRE2,inside
FR_206343,FRE1,inside
FR_206344,FRK2,inside
FR_206345,FRI1,inside
FR_206348,FRF1,inside
FR_206351,FRK2,inside
FR_206352,FRK2,inside
FR_206353,FRK2,inside
FR_206354,FRC1,inside
FR_206355,FRK2,inside
FR_206356,FRK2,inside
FR_206357,FRK2,inside
FR_206358,FRK2,inside
FR_206359,FRI3,inside
FR_206360,FRE1,inside
FR_206361,FRE1,inside
FR_206363,FRI2,inside
FR_206364,FRI2,inside
FR_206365,FRI2,inside
FR_206367,FR10,inside
FR_206368,FR10,inside
FR_206370,FRK2,inside
FR_206371,FRJ2,inside
FR_206372,FRJ2,inside
FR_206373,FRJ2,inside
FR_206374,FRC1,inside
FR_206382,FRE1,inside
FR_206384,FRC1,inside
FR_206385,FRC1,inside
FR_206386,FRC1,inside
FR_206387,FRI3,inside
FR_206402,FRG0,inside
FR_206404,FRF3,inside
FR_206406,FRF1,inside
FR_206408,FRF1,inside
FR_206409,FRF1,inside
FR_206410,FRF1,inside
FR_206411,FRF1,inside
FR_206412,FRD1,inside
FR_206441,FRF1,inside
FR_206442,FRF3,inside
FR_206481,FRB0,inside
FR_206502,FRI2,inside
FR_206503,FRY5,inside
FR_206504,FR10,inside
FR_206521,FRI1,inside
FR_206562,FRK2,inside
FR_206583,FRK2,inside
FR_206588,FR10,inside
FR_206590,FRL0,inside
FR_206592,FR10,inside
FR_206602,FRI1,inside
FR_206603,FRF1,inside
FR_206604,FRF1,inside
FR_206622,FRH0,inside
FR_206642,FRK2,inside
FR_206703,FRF1,inside
FR_206722,FRF3,inside
FR_206723,FRB0,inside
FR_206792,FRI1,inside
FR_206793,FRI1,inside
FR_206799,FRF1,inside
FR_206804,FRK2,inside
FR_206829,FR10,inside
FR_206830,FR10,inside
FR_206831,FR10,inside
FR_206845,FRF1,inside
FR_206846,FRJ2,inside
FR_206851,FRY1,inside
FR_206913,FRI1,inside
FR_206981,FRE1,inside
FR_207,FRK1,inside
FR_207223,FRE1,inside
FR_207226,FRE1,inside
FR_207242,FRG0,inside
FR_207243,FRC2,inside
FR_207244,FRF3,inside
FR_207324,FRK1,inside
FR_207462,FRE1,inside
FR_207493,FR10,inside
FR_207494,FRF2,inside
FR_207558,FRE1,inside
FR_207574,FRE1,inside
FR_207602,FR10,inside
FR_207684,FRI3,inside
FR_207685,,inside
FR_207750,FRK2,inside
FR_207751,FRC2,inside
FR_207902,FRB0,inside
FR_207903,FRB0,inside
FR_208,FRK1,inside
FR_209,FRK1,inside
FR_209030,FRC1,inside
FR_209068,FRE1,inside
FR_209102,FRF1,inside
FR_209262,FRK2,inside
FR_209263,FRG0,inside
FR_209325,FRI2,inside
FR_209463,FR10,inside
FR_209464,FR10,inside
FR_209465,FR10,inside
FR_209503,FRI2,inside
FR_209522,FRF3,inside
FR_209562,FRJ1,inside
FR_209563,FRK2,inside
FR_209642,FRD2,inside
FR_209684,FR10,inside
FR_209702,FR10,inside
FR_209742,FR10,inside
FR_209743,FR10,inside
FR_209932,FR10,inside
FR_209943,FRD2,inside
FR_209944,FR10,inside
FR_209967,FRL0,inside
FR_209982,FRE1,inside
FR_21,FRE2,inside
FR_210,FRK1,inside
FR_210023,FRI1,inside
FR_210089,FR10,inside
FR_210090,FR10,inside
FR_210091,FR10,inside
FR_210099,FRE2,inside
FR_210102,FR10,inside
FR_210103,FRL0,inside
FR_210142,FRL0,inside
FR_210144,FRC1,inside
FR_210163,FRE1,inside
FR_210186,FRE2,inside
FR_210205,FR10,inside
FR_210207,FRF3,inside
FR_210214,FR10,inside
FR_210215,FR10,inside
FR_210242,FRH0,inside
FR_210263,FRB0,inside
FR_210283,FRC2,inside
FR_210347,FR10,inside
FR_210371,FRJ2,inside
FR_210373,FR10,inside
FR_210395,FRH0,inside
FR_210433,FRH0,inside
FR_210434,FR10,inside
FR_210435,FR10,inside
FR_210517,FRE1,inside
FR_210535,FRY4,inside
FR_210608,FRH0,inside
FR_210623,FRI1,inside
FR_210662,FRE2,inside
FR_210721,FRF2,inside
FR_210722,FRE1,inside
FR_210723,FRL0,inside
FR_210725,FR10,inside
FR_210797,FRF3,inside
FR_211,FRK1,inside
FR_211358,FRL0,inside
FR_211718,FRB0,inside
FR_211758,FRJ2,inside
FR_211858,FRL0,inside
FR_211959,FRF3,inside
FR_211960,FRL0,inside
FR_212,FRK1,inside
FR_212100,FRI2,inside
FR_212180,FRB0,inside
FR_212220,FRD2,inside
FR_212280,FRF3,inside
FR_212401,FRK2,inside
FR_212800,FRH0,inside
FR_212960,FRD2,inside
FR_213,FRK1,inside
FR_213060,FRL0,inside
FR_213120,FRF3,inside
FR_213300,FRK2,inside
FR_213380,FR10,inside
FR_213601,FR10,inside
FR_213602,FR10,inside
FR_213723,FRH0,inside
FR_213900,FRI1,inside
FR_213920,FRJ2,inside
FR_214,FRK1,inside
FR_214000,FRK2,inside
FR_214181,FRF3,inside
FR_214620,FRF1,inside
FR_214700,FRK2,inside
FR_214720,FRE1,inside
FR_214746,FRE1,inside
FR_214783,FRF2,inside
FR_215,FRK1,inside
FR_215160,FRF3,inside
FR_215180,FRH0,inside
FR_215440,FRL0,inside
FR_215520,FRL0,inside
FR_215561,FRK2,inside
FR_215562,FRB0,inside
FR_215563,FRI1,inside
FR_215564,FRK2,inside
FR_215565,FRD2,inside
FR_215566,FRB0,inside
FR_215581,FRB0,inside
FR_215582,FRF3,inside
FR_215583,FRB0,inside
FR_215584,FRF2,inside
FR_215585,FRI3,inside
FR_215586,FRK2,inside
FR_215587,FRD1,nearest_5km
FR_215588,FRJ2,inside
FR_215589,FRE1,inside
FR_215590,FRF2,inside
FR_215591,FRD2,inside
FR_215592,FRK2,inside
FR_215740,FR10,inside
FR_215760,FRD1,inside
FR_215780,FRK1,inside
FR_215801,FRG0,inside
FR_215841,FRE1,inside
FR_215900,FRE1,inside
FR_216,FRK1,inside
FR_216040,FR10,inside
FR_216100,FR10,inside
FR_216261,FR10,inside
FR_216443,FRK2,inside
FR_216562,FRK2,inside
FR_216860,FRF1,inside
FR_216920,FRB0,inside
FR_217,FRK1,inside
FR_217081,FR10,inside
FR_217240,FRF1,inside
FR_217260,FRF3,inside
FR_217520,FRE1,inside
FR_217660,FRG0,inside
FR_217880,FR10,inside
FR_218,FRF2,inside
FR_218040,FRE2,inside
FR_218080,FR10,inside
FR_218100,FRD2,inside
FR_218261,FRD2,inside
FR_218440,FRD2,inside
FR_218481,FRF2,inside
FR_218601,FR10,inside
FR_218741,FR10,inside
FR_218742,FRK1,inside
FR_218941,FRG0,inside
FR_218980,FRC1,inside
FR_218981,FRL0,inside
FR_219,FRF2,inside
FR_219220,FRE1,inside
FR_219740,FR10,inside
FR_22,FRE2,inside
FR_220,FRF2,inside
FR_220060,FR10,inside
FR_220541,FRF1,inside
FR_220624,FRF1,inside
FR_221,FRE1,inside
FR_222,FRF2,inside
FR_222500,FRK2,inside
FR_222687,FRE1,inside
FR_222741,FR10,inside
FR_223,FRF2,inside
FR_224,FRF2,inside
FR_224720,FRE1,inside
FR_224786,FRF3,inside
FR_225,FRF2,inside
FR_225180,FRL0,inside
FR_225689,FRK1,inside
FR_225862,FR10,inside
FR_225863,FRL0,inside
FR_226,FRF2,inside
FR_226527,FRE1,inside
FR_227,FRF2,inside
FR_228,FRF2,inside
FR_228685,FRH0,inside
FR_229,FRF2,inside
FR_229724,FRI1,inside
FR_23,FRE2,inside
FR_230,FRF2,inside
FR_230160,FRF3,inside
FR_230600,FR10,inside
FR_231,FRF2,inside
FR_231321,FRD2,inside
FR_231401,FRD1,inside
FR_231540,FRG0,inside
FR_231760,FRG0,inside
FR_231981,FRJ2,inside
FR_232,FRF2,inside
FR_232241,FRE2,inside
FR_233,FRF2,inside
FR_233300,FRF3,inside
FR_233522,FR10,inside
FR_233764,FR10,inside
FR_234,FRF2,inside
FR_235,FRF2,inside
FR_236,FRF2,inside
FR_237,FRF2,inside
FR_238,FRF2,inside
FR_239,FRF2,inside
FR_24,FRE2,inside
FR_240,FRF2,inside
FR_241,FRF2,inside
FR_242,FRF2,inside
FR_243,FRF2,inside
FR_244,FRF2,inside
FR_245,FRF2,inside
FR_246,FRF2,inside
FR_247,FRF2,inside
FR_248,FRF2,inside
FR_249,FRF2,inside
FR_25,FRE2,inside
FR_250,FRF2,inside
FR_251,FRF2,inside
FR_252,FRD2,inside
FR_253,FRD2,inside
FR_254,FRD2,inside
FR_255,FRD2,inside
FR_256,FRD2,inside
FR_257,FRD2,inside
FR_258,FRD2,inside
FR_259,FRD2,inside
FR_26,FRE2,inside
FR_260,FRD2,inside
FR_261,FRD2,inside
FR_262,FRD2,inside
FR_263,FRD2,inside
FR_264,FRD2,inside
FR_265,FRD2,inside
FR_266,FRD2,inside
FR_267,FRD2,inside
FR_268,FRD2,inside
FR_269,FRD2,inside
FR_27,FRE2,inside
FR_270,FRD2,inside
FR_271,FRD2,inside
FR_272,FRD2,inside
FR_273,FRD2,inside
FR_274,FRD2,inside
FR_275,FRD2,inside
FR_277,FRE2,inside
FR_278,FRD2,inside
FR_279,FRD2,inside
FR_28,FRE2,inside
FR_280,FRD2,inside
FR_281,FRD2,inside
FR_282,FRD2,inside
FR_283,FRD2,inside
FR_284,FRD2,inside
FR_285,FRD2,inside
FR_286,FRD2,inside
FR_287,FRD2,inside
FR_288,FRD2,inside
FR_289,FRD2,inside
FR_29,FRE2,inside
FR_290,FRD2,inside
FR_291,FRD2,inside
FR_292,FRD2,inside
FR_293,FRD2,inside
FR_294,FRD2,inside
FR_295,FRD2,inside
FR_296,FRD2,inside
FR_297,FRD2,inside
FR_298,FRD2,inside
FR_299,FRD2,inside
FR_3,FRE2,inside
FR_30,FRE2,inside
FR_300,FRD2,inside
FR_301,FRD2,inside
FR_302,FRD2,inside
FR_303,FRD2,inside
FR_304,FRD2,inside
FR_305,FRE2,inside
FR_306,FRD2,inside
FR_307,FRD2,inside
FR_308,FRD2,inside
FR_309,FRD2,inside
FR_31,FR10,inside
FR_310,FRC2,inside
FR_311,FRC2,inside
FR_312,FRC2,inside
FR_313,FRC2,inside
FR_314,FRC2,inside
FR_315,FRC2,inside
FR_316,FRC2,inside
FR_317,FRC2,inside
FR_318,FRC2,inside
FR_319,FRC2,inside
FR_32,FRE2,inside
FR_320,FRC2,inside
FR_321,FRC2,inside
FR_322,FRC2,inside
FR_324,FRF3,inside
FR_325,FRC2,inside
FR_326,FRC2,inside
FR_327,FRC2,inside
FR_328,FRC2,inside
FR_329,FRC2,inside
FR_33,FRE2,inside
FR_330,FRI2,inside
FR_331,FRI2,inside
FR_332,FRI2,inside
FR_333,FRI2,inside
FR_334,FRI2,inside
FR_335,FRI2,inside
FR_336,FRI2,inside
FR_337,FRI2,inside
FR_338,FRI2,inside
FR_339,FRI2,inside
FR_34,FRE2,inside
FR_340,FRI2,inside
FR_341,FRI2,inside
FR_342,FRI2,inside
FR_343,FRI2,inside
FR_344,FRK2,inside
FR_345,FRK2,inside
FR_346,FRK2,inside
FR_347,FRK2,inside
FR_348,FRK2,inside
FR_349,FRK2,inside
FR_35,FRE2,inside
FR_350,FRK2,inside
FR_351,FRK2,inside
FR_352,FRK2,inside
FR_353,FRK2,inside
FR_354,FRK2,inside
FR_355,FRK2,inside
FR_356,FRK2,inside
FR_357,FRK2,inside
FR_358,FRK2,inside
FR_359,FRK2,inside
FR_36,FRE2,inside
FR_360,FRK2,inside
FR_361,FRK2,inside
FR_362,FRK2,inside
FR_363,FRK2,inside
FR_364,FRK2,inside
FR_365,FRK2,inside
FR_366,FRK2,inside
FR_367,FRK2,inside
FR_368,FRK2,inside
FR_369,FRK2,inside
FR_37,FRE2,inside
FR_370,FRK2,inside
FR_371,FRK2,inside
FR_372,FRK2,inside
FR_373,FRK2,inside
FR_374,FRK2,inside
FR_375,FRK2,inside
FR_376,FRK2,inside
FR_377,FRK2,inside
FR_378,FRK2,inside
FR_379,FRK2,inside
FR_38,FRE2,inside
FR_380,FRK2,inside
FR_381,FRK2,inside
FR_382,FRK2,inside
FR_383,FRK2,inside
FR_384,FRK2,inside
FR_385,FRK2,inside
FR_386,FRK2,inside
FR_387,FRK2,inside
FR_388,FRK2,inside
FR_389,FRK2,inside
FR_39,FRE2,inside
FR_390,FRK2,inside
FR_391,FRK2,inside
FR_392,FRK2,inside
FR_393,FRK2,inside
FR_394,FRK2,inside
FR_395,FRK2,inside
FR_396,FRK2,inside
FR_397,FRK2,inside
FR_398,FRK2,inside
FR_399,FRK2,inside
FR_4,FRE2,inside
FR_40,FRE2,inside
FR_400,FRK2,inside
FR_402,FRK2,inside
FR_403,FRK2,inside
FR_404,FRK2,inside
FR_405,FRK2,inside
FR_406,FRK2,inside
FR_407,FRK2,inside
FR_408,FRK2,inside
FR_409,FRK2,inside
FR_41,FRI2,inside
FR_410,FRK2,inside
FR_411,FRK2,inside
FR_412,FRK2,inside
FR_413,FRK2,inside
FR_414,FRK2,inside
FR_415,FRK2,inside
FR_416,FRK2,inside
FR_417,FRK2,inside
FR_418,FRG0,inside
FR_419,FRK2,inside
FR_42,FRE2,inside
FR_422,FRK2,inside
FR_423,FRK2,inside
FR_424,FRK2,inside
FR_425,FRK2,inside
FR_426,FRK2,inside
FR_427,FRK2,inside
FR_428,FRK2,inside
FR_429,FRK2,inside
FR_43,FRE2,inside
FR_430,FRK2,inside
FR_431,FRK2,inside
FR_432,FRK2,inside
FR_433,FRK2,inside
FR_434,FRK2,inside
FR_435,FRK2,inside
FR_436,FRK2,inside
FR_437,FRK2,inside
FR_438,FRK2,inside
FR_439,FRK2,inside
FR_440,FRK2,inside
FR_441,FRK2,inside
FR_442,FRK2,inside
FR_443,FRK2,inside
FR_444,FRK2,inside
FR_445,FRK2,inside
FR_448,FRK2,inside
FR_449,FRF3,inside
FR_45,FRE2,inside
FR_450,FRF3,inside
FR_451,FRF3,inside
FR_452,FRF3,inside
FR_453,FRF3,inside
FR_454,FRF3,inside
FR_455,FRF3,inside
FR_456,FRF3,inside
FR_457,FRF3,inside
FR_458,FRF3,inside
FR_459,LU00,inside
FR_46,FRK1,inside
FR_461,FRF3,inside
FR_462,FRF3,inside
FR_463,FRF3,inside
FR_464,FRF3,inside
FR_465,FRF3,inside
FR_466,FRF3,inside
FR_467,FRF3,inside
FR_468,FRF3,inside
FR_469,FRF3,inside
FR_47,FRE2,inside
FR_470,FRF3,inside
FR_471,FRF3,inside
FR_472,FRF3,inside
FR_473,FRF3,inside
FR_474,FRF3,inside
FR_475,FRF3,inside
FR_476,FRF3,inside
FR_477,FRF3,inside
FR_478,FRF3,inside
FR_479,FRF3,inside
FR_48,FRE2,inside
FR_480,FRF3,inside
FR_481,FRF3,inside
FR_482,FRF3,inside
FR_483,FRF3,inside
FR_485,FRF3,inside
FR_486,FRF3,inside
FR_487,FRF3,inside
FR_488,FRF3,inside
FR_489,FRF3,inside
FR_49,FRE2,inside
FR_490,FRF3,inside
FR_491,FRF3,inside
FR_492,FRF3,inside
FR_494,FRF3,inside
FR_495,FRF3,inside
FR_496,FRF3,inside
FR_497,FRF3,inside
FR_498,FRF3,inside
FR_499,FRF3,inside
FR_5,FRE2,inside
FR_50,FRE2,inside
FR_500,FRF3,inside
FR_501,FRF3,inside
FR_502,FRF3,inside
FR_503,FRF3,inside
FR_504,FRF3,inside
FR_505,FRF3,inside
FR_506,FRF3,inside
FR_507,FRF3,inside
FR_508,FRF3,inside
FR_509,FRF3,inside
FR_51,FRE2,inside
FR_510,FRF3,inside
FR_511,FRF3,inside
FR_512,FRF3,inside
FR_513,FRF3,inside
FR_514,FRF3,inside
FR_515,FRF3,inside
FR_516,FRF3,inside
FR_517,FRF3,inside
FR_518,FRF3,inside
FR_519,FRF3,inside
FR_52,FRE2,inside
FR_521,FRF3,inside
FR_522,FRF3,inside
FR_523,FRF3,inside
FR_524,FRF3,inside
FR_525,FRF3,inside
FR_526,FRF3,inside
FR_527,FRF3,inside
FR_528,FRG0,inside
FR_529,FRG0,inside
FR_53,FRE2,inside
FR_530,FRG0,inside
FR_531,FRG0,inside
FR_532,FRG0,inside
FR_533,FRG0,inside
FR_534,FRG0,inside
FR_536,FRI3,inside
FR_537,FRG0,inside
FR_538,FRG0,inside
FR_539,FRG0,inside
FR_54,FRE2,inside
FR_540,FRG0,inside
FR_542,FRG0,inside
FR_543,FRG0,inside
FR_544,FRG0,inside
FR_545,FRG0,inside
FR_546,FRG0,inside
FR_548,FRG0,inside
FR_549,FRB0,inside
FR_55,FRE2,inside
FR_550,FRG0,inside
FR_551,FRG0,inside
FR_552,FRG0,inside
FR_553,FRG0,inside
FR_554,FRI3,inside
FR_555,FRG0,inside
FR_556,FRG0,inside
FR_557,FRG0,inside
FR_558,FRG0,inside
FR_559,FRG0,inside
FR_56,FRE2,inside
FR_560,FRG0,inside
FR_561,FRG0,inside
FR_562,FRG0,inside
FR_563,FRG0,inside
FR_564,FRG0,inside
FR_565,FRG0,inside
FR_567,FRG0,inside
FR_568,FRG0,inside
FR_569,FRG0,inside
FR_57,FRE2,inside
FR_570,FRG0,inside
FR_571,FRG0,inside
FR_572,FRG0,inside
FR_573,FRG0,inside
FR_574,FRG0,inside
FR_575,FRG0,inside
FR_576,FRG0,inside
FR_577,FRG0,inside
FR_578,FRG0,inside
FR_579,FRG0,inside
FR_58,FRE2,inside
FR_580,FRG0,inside
FR_581,FRG0,inside
FR_582,FRG0,inside
FR_583,FRG0,inside
FR_584,FRL0,inside
FR_585,FRL0,inside
FR_586,FRL0,inside
FR_587,FRL0,inside
FR_588,FRL0,inside
FR_589,FRL0,inside
FR_59,FRE2,inside
FR_590,FR10,inside
FR_591,FR10,inside
FR_592,FR10,inside
FR_593,FRG0,inside
FR_594,FRL0,inside
FR_595,FRL0,inside
FR_596,FRL0,inside
FR_597,FRL0,inside
FR_598,FRL0,inside
FR_599,FRL0,inside
FR_6,FRE2,inside
FR_60,FRE2,inside
FR_600,FRL0,inside
FR_601,FRL0,inside
FR_602,FRL0,inside
FR_603,FRL0,inside
FR_604,FRL0,inside
FR_605,FRL0,inside
FR_606,FRL0,inside
FR_607,FRL0,inside
FR_608,FRL0,inside
FR_609,FRL0,inside
FR_61,FRE2,inside
FR_610,FRL0,inside
FR_611,FRL0,inside
FR_612,FRL0,inside
FR_613,FRL0,inside
FR_614,FRL0,inside
FR_615,FRL0,inside
FR_616,FRL0,inside
FR_617,FRL0,inside
FR_618,FRL0,inside
FR_619,FRL0,inside
FR_62,FRE2,inside
FR_620,FR10,inside
FR_621,FRL0,inside
FR_622,FRL0,inside
FR_623,FRL0,inside
FR_624,FRL0,inside
FR_625,FRL0,inside
FR_626,FRL0,inside
FR_627,FRL0,inside
FR_628,FRL0,inside
FR_629,FRL0,inside
FR_63,FRE2,inside
FR_630,FRL0,nearest_5km
FR_632,FRL0,inside
FR_633,FRL0,inside
FR_634,FRL0,inside
FR_635,FRL0,inside
FR_636,FRL0,inside
FR_637,FRL0,inside
FR_638,FRL0,inside
FR_639,FRL0,inside
FR_64,FRE2,inside
FR_640,FR10,inside
FR_641,FRL0,inside
FR_642,FR10,inside
FR_643,FR10,inside
FR_644,FR10,inside
FR_645,FRL0,inside
FR_646,FRL0,inside
FR_647,FRL0,inside
FR_648,FRL0,inside
FR_649,FR10,inside
FR_65,FRE2,inside
FR_650,FR10,inside
FR_651,FR10,inside
FR_652,FR10,inside
FR_653,FR10,inside
FR_654,FR10,inside
FR_655,FR10,inside
FR_656,FR10,inside
FR_657,FR10,inside
FR_658,FR10,inside
FR_66,FRI1,inside
FR_660,FR10,inside
FR_661,FR10,inside
FR_662,FR10,inside
FR_663,FR10,inside
FR_664,FR10,inside
FR_665,FR10,inside
FR_666,FR10,inside
FR_667,FR10,inside
FR_668,FR10,inside
FR_669,FR10,inside
FR_67,FRI1,inside
FR_670,FR10,inside
FR_671,FR10,inside
FR_672,FR10,inside
FR_673,FR10,inside
FR_674,FR10,inside
FR_675,FR10,inside
FR_676,FR10,inside
FR_677,FR10,inside
FR_678,FR10,inside
FR_68,FRI1,inside
FR_680,FR10,inside
FR_681,FR10,inside
FR_682,FR10,inside
FR_683,FR10,inside
FR_684,FR10,inside
FR_685,FR10,inside
FR_686,FR10,inside
FR_687,FR10,inside
FR_688,FR10,inside
FR_689,FR10,inside
FR_69,FRI1,inside
FR_690,FR10,inside
FR_691,FR10,inside
FR_692,FR10,inside
FR_693,FR10,inside
FR_694,FR10,inside
FR_695,FR10,inside
FR_696,FR10,inside
FR_697,FR10,inside
FR_698,FR10,inside
FR_699,FR10,inside
FR_7,FRE2,inside
FR_70,FRI1,inside
FR_700,FR10,inside
FR_701,FR10,inside
FR_702,FR10,inside
FR_703,FR10,inside
FR_704,FR10,inside
FR_705,FR10,inside
FR_706,FR10,inside
FR_707,FR10,inside
FR_708,FR10,inside
FR_709,FR10,inside
FR_71,FRI1,inside
FR_710,FR10,inside
FR_711,FRC2,inside
FR_712,FR10,inside
FR_713,FR10,inside
FR_714,FR10,inside
FR_715,FR10,inside
FR_717,FR10,inside
FR_718,FR10,inside
FR_719,FR10,inside
FR_72,FRI1,inside
FR_720,FR10,inside
FR_721,FR10,inside
FR_722,FR10,inside
FR_724,FR10,inside
FR_725,FR10,inside
FR_726,FR10,inside
FR_727,FR10,inside
FR_728,FR10,inside
FR_729,FR10,inside
FR_73,FRI1,inside
FR_730,FR10,inside
FR_731,FR10,inside
FR_732,FR10,inside
FR_733,FR10,inside
FR_734,FR10,inside
FR_735,FR10,inside
FR_736,FR10,inside
FR_737,FR10,inside
FR_738,FR10,inside
FR_739,FR10,inside
FR_74,FRI1,inside
FR_740,FR10,inside
FR_741,FR10,inside
FR_742,FR10,inside
FR_743,FR10,inside
FR_744,FR10,inside
FR_745,FR10,inside
FR_746,FR10,inside
FR_747,FR10,inside
FR_748,FR10,inside
FR_749,FR10,inside
FR_75,FRI1,inside
FR_750,FR10,inside
FR_751,FR10,inside
FR_752,FR10,inside
FR_753,FR10,inside
FR_754,FR10,inside
FR_755,FR10,inside
FR_756,FR10,inside
FR_757,FR10,inside
FR_758,FR10,inside
FR_759,FR10,inside
FR_76,FRI1,inside
FR_760,FR10,inside
FR_761,FR10,inside
FR_762,FR10,inside
FR_763,FR10,inside
FR_764,FR10,inside
FR_765,FR10,inside
FR_766,FR10,inside
FR_767,FR10,inside
FR_768,FR10,inside
FR_769,FR10,inside
FR_77,FRI1,inside
FR_770,FR10,inside
FR_771,FR10,inside
FR_772,FR10,inside
FR_773,FR10,inside
FR_774,FR10,inside
FR_775,FR10,inside
FR_776,FR10,inside
FR_777,FR10,inside
FR_778,FRD2,inside
FR_779,FR10,inside
FR_78,FRI1,inside
FR_780,FRC2,inside
FR_781,FR10,inside
FR_782,FR10,inside
FR_783,FRJ1,inside
FR_784,FRJ1,inside
FR_785,FRJ1,inside
FR_786,FRJ1,inside
FR_787,FRJ1,inside
FR_788,FRJ1,inside
FR_789,FRJ1,inside
FR_79,FRI1,inside
FR_790,FRJ1,inside
FR_791,FRJ1,inside
FR_792,FRJ1,inside
FR_793,FRJ1,inside
FR_794,FRJ1,inside
FR_795,FRJ1,inside
FR_796,FRJ1,inside
FR_797,FRJ1,inside
FR_798,FRJ1,inside
FR_799,FRJ1,inside
FR_80,FRI1,inside
FR_800,FRJ1,inside
FR_801,FRJ1,inside
FR_802,FRJ1,inside
FR_803,FRJ1,inside
FR_804,FRJ1,inside
FR_805,FRJ1,inside
FR_807,FRF1,inside
FR_808,FRF1,inside
FR_809,FRF1,inside
FR_810,CH03,inside
FR_812,FRF1,inside
FR_813,FRF1,inside
FR_814,FRF1,inside
FR_815,FRF1,inside
FR_816,DE13,inside
FR_817,FRF1,inside
FR_818,FRF1,inside
FR_819,FRF1,inside
FR_82,FRI1,inside
FR_820,FRF1,inside
FR_821,FRF1,inside
FR_823,FRF1,inside
FR_824,FRF1,inside
FR_825,FRF1,inside
FR_826,FRF1,inside
FR_827,FRF1,inside
FR_828,FRF1,inside
FR_829,FRF1,inside
FR_83,FRI1,inside
FR_830,FRF1,inside
FR_831,FRF1,inside
FR_832,FRF1,inside
FR_833,FRF1,inside
FR_834,FRF1,inside
FR_835,FRF1,inside
FR_836,FRF1,inside
FR_837,FRF1,inside
FR_838,FRF1,inside
FR_839,FRF1,inside
FR_84,FRI1,inside
FR_840,FRF1,inside
FR_841,FRF1,inside
FR_842,FRF1,inside
FR_843,FRF1,inside
FR_844,FRF1,inside
FR_845,FRF1,inside
FR_846,FRF1,inside
FR_847,FRF1,inside
FR_848,FRF1,inside
FR_849,FRF1,inside
FR_85,FRI1,inside
FR_850,FRF1,inside
FR_851,FRF1,inside
FR_852,FRJ1,inside
FR_853,FRF1,inside
FR_854,FRF1,inside
FR_855,FRF1,inside
FR_856,FRJ2,inside
FR_857,FRJ2,inside
FR_858,FRJ2,inside
FR_859,FRJ2,inside
FR_86,FRI1,inside
FR_860,FRJ2,inside
FR_861,FRJ2,inside
FR_863,FRJ2,inside
FR_864,FRJ2,inside
FR_865,FRJ2,inside
FR_866,FRJ2,inside
FR_868,FRJ2,inside
FR_869,FRJ2,inside
FR_87,FRI1,inside
FR_870,FRJ2,inside
FR_871,FRJ2,inside
FR_872,FRJ2,inside
FR_873,FRJ2,inside
FR_874,FRJ2,inside
FR_875,FRJ2,inside
FR_876,FRJ2,inside
FR_878,FRJ2,inside
FR_879,FRJ2,inside
FR_88,FRI1,inside
FR_880,FRJ2,inside
FR_881,FRJ2,inside
FR_882,FRJ2,inside
FR_883,FRJ2,inside
FR_884,FRJ2,inside
FR_885,FRJ2,inside
FR_886,FRJ2,inside
FR_887,FRJ2,inside
FR_888,FRJ2,inside
FR_889,FRJ2,inside
FR_89,FRI1,inside
FR_890,FRJ2,inside
FR_891,FRJ2,inside
FR_892,FR10,inside
FR_893,FRY3,inside
FR_894,FRE1,inside
FR_895,FRE1,inside
FR_896,FRE1,inside
FR_897,FRE1,inside
FR_898,FRE1,inside
FR_899,FRE1,inside
FR_9,FRE2,inside
FR_90,FRI1,inside
FR_900,FRE1,inside
FR_901,FR10,inside
FR_902,FRE1,inside
FR_903,FRE1,inside
FR_904,FRE1,inside
FR_905,FRE1,inside
FR_906,FRE1,inside
FR_907,FRE1,inside
FR_908,FRE1,inside
FR_909,FRE1,inside
FR_91,FRI1,inside
FR_910,FRE1,inside
FR_911,FRE1,inside
FR_912,FRE1,inside
FR_913,FRE1,inside
FR_914,FRE1,inside
FR_915,FRE1,inside
FR_916,FRE1,inside
FR_917,FRE1,inside
FR_918,FRE1,inside
FR_919,FRE1,inside
FR_92,FRI1,inside
FR_920,FRE1,inside
FR_921,FRE1,inside
FR_922,FRE1,inside
FR_923,FRE1,inside
FR_924,FRE1,inside
FR_927,FRE1,inside
FR_928,FRE1,inside
FR_93,FRI1,inside
FR_930,FRE1,inside
FR_931,FRE1,inside
FR_932,FRE1,inside
FR_933,FRE1,inside
FR_934,FRE1,inside
FR_935,FRE1,inside
FR_936,FRE1,inside
FR_937,FRE1,inside
FR_938,FRE1,inside
FR_939,FRE1,inside
FR_94,FRI1,inside
FR_940,FRE1,inside
FR_941,FRE1,inside
FR_942,FRE1,inside
FR_943,FRE1,inside
FR_944,FRE1,inside
FR_945,FRE1,inside
FR_946,FRE1,inside
FR_947,FRE1,inside
FR_948,FRE1,inside
FR_949,FRE1,inside
FR_95,FRI1,inside
FR_950,FRE1,inside
FR_951,FRE1,inside
FR_952,FRE1,inside
FR_953,FRE1,inside
FR_954,FRE1,inside
FR_955,FRE1,inside
FR_956,FRE1,inside
FR_957,FRE1,inside
FR_958,FRE1,inside
FR_959,FRE1,inside
FR_96,FRI1,inside
FR_960,FRE1,inside
FR_961,FRE1,inside
FR_962,FRE1,inside
FR_963,FRE1,inside
FR_964,FRE1,inside
FR_965,FRE1,inside
FR_966,FRE1,inside
FR_967,FRE1,inside
FR_968,FRE1,inside
FR_969,FRE1,inside
FR_97,FRI1,inside
FR_970,FRE1,inside
FR_971,FRE1,inside
FR_972,FRE1,inside
FR_973,FRE1,inside
FR_974,FRE1,inside
FR_975,FRE1,inside
FR_976,FRE1,inside
FR_977,FRE1,inside
FR_978,FRE1,inside
FR_979,FRE1,inside
FR_98,FRI1,inside
FR_980,FRE1,inside
FR_981,FRE1,inside
FR_982,FRE1,inside
FR_983,FRE1,inside
FR_984,FRE1,inside
FR_985,FRE1,inside
FR_986,FRE1,inside
FR_987,FRE1,inside
FR_988,FRE1,inside
FR_989,FRE1,inside
FR_99,FRI1,inside
FR_990,FRE1,inside
FR_991,FRE1,inside
FR_992,FRF2,inside
FR_993,FRE1,inside
FR_994,FRE1,inside
FR_995,FRE1,inside
FR_996,FRE1,inside
FR_997,FRE1,inside
FR_998,FRE1,inside
FR_999,FRE1,inside
GB_1,,inside
GB_10,,inside
GB_100,,inside
GB_1000,,inside
GB_1001,,inside
GB_1002,,inside
GB_1003,,inside
GB_1004,,inside
GB_1005,,inside
GB_1006,,inside
GB_1007,,inside
GB_1008,,inside
GB_1009,,inside
GB_101,BE23,inside
GB_1010,,inside
GB_1011,,inside
GB_1012,,inside
GB_1013,,inside
GB_1014,,inside
GB_1015,,inside
GB_1016,,inside
GB_1017,,inside
GB_1018,,inside
GB_1019,,inside
GB_102,,inside
GB_1020,,inside
GB_1021,,inside
GB_1022,,inside
GB_1023,,inside
GB_1024,,inside
GB_1025,,inside
GB_1026,,inside
GB_1027,,inside
GB_1028,,inside
GB_1029,,inside
GB_103,,inside
GB_1031,,inside
GB_1032,,inside
GB_1033,,inside
GB_1034,,inside
GB_1035,,inside
GB_1038,,inside
GB_104,,inside
GB_1040,,inside
GB_1041,,inside
GB_1043,IE04,nearest_5km
GB_1044,,inside
GB_1045,,inside
GB_1046,,inside
GB_1047,,inside
GB_1048,,inside
GB_1049,,inside
GB_105,,inside
GB_1050,,inside
GB_1051,,inside
GB_1052,,inside
GB_1053,,inside
GB_1054,,inside
GB_1055,,inside
GB_1056,,inside
GB_1057,,inside
GB_1058,,inside
GB_1059,,inside
GB_106,,inside
GB_1060,,inside
GB_1061,,inside
GB_1062,,inside
GB_1063,,inside
GB_1064,,inside
GB_1065,,inside
GB_1066,,inside
GB_1067,,inside
GB_1068,,inside
GB_1069,,inside
GB_107,,inside
GB_1070,,inside
GB_1071,,inside
GB_1072,,inside
GB_1073,,inside
GB_1074,,inside
GB_1075,,inside
GB_1076,,inside
GB_1077,,inside
GB_1078,,inside
GB_1079,,inside
GB_108,,inside
GB_1080,,inside
GB_1081,,inside
GB_1082,,inside
GB_1083,,inside
GB_1084,,inside
GB_1085,,inside
GB_1086,,inside
GB_1087,,inside
GB_1088,,inside
GB_1089,,inside
GB_109,,inside
GB_1090,,inside
GB_1091,,inside
GB_1092,,inside
GB_1093,,inside
GB_1094,,inside
GB_1095,,inside
GB_1096,,inside
GB_1097,,inside
GB_1098,,inside
GB_1099,,inside
GB_11,,inside
GB_110,,inside
GB_1100,,inside
GB_1101,,inside
GB_1102,,inside
GB_1103,,inside
GB_1104,,inside
GB_1105,,inside
GB_1106,,inside
GB_1107,,inside
GB_1108,,inside
GB_1109,,inside
GB_111,,inside
GB_1110,,inside
GB_1111,,inside
GB_1112,,inside
GB_1113,,inside
GB_1114,,inside
GB_1118,,inside
GB_1119,,inside
GB_112,,inside
GB_1123,,inside
GB_1124,,inside
GB_1125,,inside
GB_113,,inside
GB_1130,,inside
GB_1131,,inside
GB_1132,,inside
GB_1133,,inside
GB_1134,,inside
GB_1135,,inside
GB_1137,,inside
GB_1138,,inside
GB_1139,,inside
GB_114,,inside
GB_1140,,inside
GB_115,,inside
GB_116,,inside
GB_117,,inside
GB_118,,inside
GB_119,,inside
GB_12,,inside
GB_120,,inside
GB_121,,inside
GB_122,,inside
GB_123,,inside
GB_124,,inside
GB_1243,,inside
GB_1244,,inside
GB_1245,,inside
GB_1246,,inside
GB_1247,,inside
GB_1248,,inside
GB_1249,,inside
GB_125,,inside
GB_1251,,inside
GB_1252,,inside
GB_1253,,inside
GB_1254,,inside
GB_1255,,inside
GB_1256,,inside
GB_1257,,inside
GB_1258,,inside
GB_1259,,inside
GB_126,,inside
GB_1260,,inside
GB_1261,,inside
GB_1262,,inside
GB_1263,,inside
GB_1265,,inside
GB_1266,,inside
GB_1267,,inside
GB_1268,,inside
GB_1269,,inside
GB_127,,inside
GB_1271,,inside
GB_1273,,inside
GB_128,,inside
GB_129,,inside
GB_13,,inside
GB_130,,inside
GB_131,,inside
GB_132,,inside
GB_133,,inside
GB_134,,inside
GB_135,,inside
GB_136,,inside
GB_137,,inside
GB_138,,inside
GB_139,,inside
GB_14,,inside
GB_140,,inside
GB_141,,inside
GB_142,,inside
GB_143,,inside
GB_144,,inside
GB_145,,inside
GB_146,,inside
GB_147,,inside
GB_148,,inside
GB_149,,inside
GB_15,,inside
GB_150,,inside
GB_151,,inside
GB_152,,inside
GB_153,,inside
GB_154,,inside
GB_155,,inside
GB_156,,inside
GB_157,,inside
GB_158,,inside
GB_16,,inside
GB_160,,inside
GB_161,,inside
GB_162,,inside
GB_163,,inside
GB_164,,inside
GB_165,,inside
GB_166,,inside
GB_167,,inside
GB_168,,inside
GB_169,,inside
GB_17,,inside
GB_170,,inside
GB_171,,inside
GB_172,,inside
GB_173,,inside
GB_174,,inside
GB_175,,inside
GB_176,,inside
GB_177,,inside
GB_178,,inside
GB_179,,inside
GB_18,,inside
GB_180,,inside
GB_181,,inside
GB_182,,inside
GB_183,,inside
GB_184,,inside
GB_185,,inside
GB_186,,inside
GB_187,,inside
GB_188,,inside
GB_189,,inside
GB_19,,inside
GB_190,,inside
GB_191,,inside
GB_192,,inside
GB_193,,inside
GB_194,,inside
GB_195,,inside
GB_196,,inside
GB_197,,inside
GB_198,,inside
GB_199,,inside
GB_2,,inside
GB_20,,inside
GB_200,,inside
GB_201,,inside
GB_201440,,inside
GB_201456,,inside
GB_201678,,inside
GB_201735,,inside
GB_201736,,inside
GB_201839,,inside
GB_201961,,inside
GB_202,,inside
GB_202236,,inside
GB_202238,,inside
GB_202259,,inside
GB_202260,,inside
GB_202261,,inside
GB_202262,,inside
GB_202280,,inside
GB_202375,,inside
GB_202391,,inside
GB_202392,,inside
GB_202508,,inside
GB_202518,,inside
GB_202585,,inside
GB_202656,,inside
GB_202711,,inside
GB_202906,,inside
GB_202908,,inside
GB_202916,,inside
GB_202976,,inside
GB_202986,,inside
GB_203,,inside
GB_203132,,inside
GB_203794,,inside
GB_203825,,inside
GB_204,,inside
GB_204036,,inside
GB_204054,,inside
GB_204232,,inside
GB_204463,,inside
GB_204525,,inside
GB_204541,,inside
GB_204624,,inside
GB_204625,,inside
GB_204661,,inside
GB_204723,,inside
GB_204764,,inside
GB_204922,,inside
GB_204943,,inside
GB_204969,,inside
GB_204983,,inside
GB_204984,,inside
GB_204985,,inside
GB_204986,,inside
GB_204988,,inside
GB_204989,,inside
GB_204992,,inside
GB_205,,inside
GB_205043,,inside
GB_205044,,inside
GB_205045,,inside
GB_205046,,inside
GB_205066,,inside
GB_205068,,inside
GB_205069,,inside
GB_205070,,inside
GB_205071,,inside
GB_205072,,inside
GB_205146,,inside
GB_205170,,inside
GB_205267,,inside
GB_205318,,inside
GB_205464,,inside
GB_205465,,inside
GB_205497,,inside
GB_205513,,inside
GB_205516,,inside
GB_205666,,inside
GB_205691,,inside
GB_205754,,inside
GB_205755,,inside
GB_205756,,inside
GB_205764,,inside
GB_205816,,inside
GB_205861,,inside
GB_205862,,inside
GB_205867,,inside
GB_205884,,inside
GB_205930,,inside
GB_205950,,inside
GB_206,,inside
GB_206035,,inside
GB_206046,,inside
GB_206068,,inside
GB_206071,,inside
GB_206073,,inside
GB_206083,,inside
GB_206084,,inside
GB_206090,,inside
GB_206094,,inside
GB_206095,,inside
GB_206096,,inside
GB_206104,,inside
GB_206107,,inside
GB_206108,,inside
GB_206109,,inside
GB_206110,,inside
GB_206111,,inside
GB_206133,ES61,nearest_5km
GB_206152,,inside
GB_206174,,inside
GB_206176,,inside
GB_206177,,inside
GB_206178,,inside
GB_206179,,inside
GB_206182,,inside
GB_206199,,inside
GB_206201,,inside
GB_206228,,inside
GB_206236,,inside
GB_206265,,inside
GB_206523,,inside
GB_206591,,inside
GB_206623,,inside
GB_206641,,inside
GB_206721,,inside
GB_206724,,inside
GB_206800,,inside
GB_206801,,inside
GB_206802,,inside
GB_206803,,inside
GB_206835,,inside
GB_206837,,inside
GB_206838,,inside
GB_206839,,inside
GB_206847,,inside
GB_206848,,inside
GB_206914,,inside
GB_206915,,inside
GB_206919,,inside
GB_206920,,inside
GB_206926,,inside
GB_206927,,inside
GB_206928,,inside
GB_206929,,inside
GB_206934,,inside
GB_206938,,inside
GB_206947,,inside
GB_206962,,inside
GB_206991,ES61,nearest_5km
GB_207,,inside
GB_207103,,inside
GB_207231,,inside
GB_207232,,inside
GB_207363,,inside
GB_207498,,inside
GB_207503,,inside
GB_207504,,inside
GB_207523,,inside
GB_207545,,inside
GB_207546,,inside
GB_207547,,inside
GB_207551,,inside
GB_207556,,inside
GB_207557,,inside
GB_207562,,inside
GB_207566,,inside
GB_207622,,inside
GB_207643,,inside
GB_207644,,inside
GB_207650,,inside
GB_207653,,inside
GB_207664,,inside
GB_207665,,inside
GB_207729,ES61,nearest_5km
GB_207731,,inside
GB_207765,,inside
GB_207767,,inside
GB_207922,,inside
GB_208,,inside
GB_208022,,inside
GB_208242,,inside
GB_208262,,inside
GB_208283,,inside
GB_208284,,inside
GB_208302,,inside
GB_208342,,inside
GB_208362,,inside
GB_208422,,inside
GB_208462,,inside
GB_208463,,inside
GB_208464,,inside
GB_208582,,inside
GB_208583,,inside
GB_208622,,inside
GB_208642,,inside
GB_208643,,inside
GB_208644,,inside
GB_208645,,inside
GB_208745,,inside
GB_208746,,inside
GB_208747,,inside
GB_208748,,inside
GB_208749,,inside
GB_208766,,inside
GB_208808,,inside
GB_208809,,inside
GB_208810,,inside
GB_208811,,inside
GB_208823,,inside
GB_208824,,inside
GB_208825,,inside
GB_208827,,inside
GB_208828,,inside
GB_208844,,inside
GB_208845,,inside
GB_208883,,inside
GB_208884,,inside
GB_208902,,inside
GB_208963,,inside
GB_208966,,inside
GB_208974,,inside
GB_209,,inside
GB_209011,,inside
GB_209013,,inside
GB_209014,,inside
GB_209015,,inside
GB_209017,,inside
GB_209025,,inside
GB_209026,,inside
GB_209076,,inside
GB_209107,,inside
GB_209122,,inside
GB_209182,,inside
GB_209242,,inside
GB_209322,,inside
GB_209323,,inside
GB_209344,,inside
GB_209402,,inside
GB_209462,,inside
GB_209466,,inside
GB_209467,,inside
GB_209468,,inside
GB_209469,,inside
GB_209524,,inside
GB_209525,,inside
GB_209662,,inside
GB_209687,,inside
GB_209744,,inside
GB_209745,,inside
GB_209767,,inside
GB_209768,,inside
GB_209769,,inside
GB_209783,,inside
GB_209884,,inside
GB_209902,,inside
GB_209904,,inside
GB_209925,,inside
GB_209926,,inside
GB_209927,,inside
GB_209928,,inside
GB_209937,,inside
GB_209938,,inside
GB_209939,,inside
GB_209971,,inside
GB_209984,,inside
GB_21,,inside
GB_210,,inside
GB_210007,,inside
GB_210008,,inside
GB_210010,,inside
GB_210027,,inside
GB_210029,,inside
GB_210085,,inside
GB_210086,,inside
GB_210087,,inside
GB_210106,,inside
GB_210107,,inside
GB_210135,,inside
GB_210143,,inside
GB_210220,,inside
GB_210262,,inside
GB_210269,,inside
GB_210303,,inside
GB_210345,,inside
GB_210349,,inside
GB_210350,,inside
GB_210394,,inside
GB_210454,,inside
GB_210455,,inside
GB_210464,,inside
GB_210465,,inside
GB_210466,,inside
GB_210467,,inside
GB_210468,,inside
GB_210471,,inside
GB_210472,,inside
GB_210479,,inside
GB_210481,,inside
GB_210482,,inside
GB_210484,,inside
GB_210488,,inside
GB_210501,,inside
GB_210502,,inside
GB_210503,,inside
GB_210504,,inside
GB_210505,,inside
GB_210513,,inside
GB_210515,,inside
GB_210519,,inside
GB_210523,,inside
GB_210533,,inside
GB_210536,,inside
GB_210580,,inside
GB_210585,,inside
GB_210586,,inside
GB_210626,,inside
GB_210627,,inside
GB_210669,,inside
GB_210699,,inside
GB_210757,,inside
GB_210881,,inside
GB_210918,,inside
GB_210978,,inside
GB_210979,,inside
GB_210981,,inside
GB_210982,,inside
GB_210983,,inside
GB_211,,inside
GB_211038,,inside
GB_211178,,inside
GB_211518,,inside
GB_211618,,inside
GB_211638,,inside
GB_211658,,inside
GB_211918,,inside
GB_211958,,inside
GB_212,,inside
GB_212079,,inside
GB_212340,,inside
GB_212380,,inside
GB_212400,,inside
GB_212520,,inside
GB_212521,,inside
GB_212522,,inside
GB_212621,,inside
GB_212704,,inside
GB_212740,,inside
GB_212940,ES61,nearest_5km
GB_212980,,inside
GB_213,,inside
GB_213041,,inside
GB_213361,,inside
GB_213420,,inside
GB_214,,inside
GB_214261,,inside
GB_214441,,inside
GB_215,,inside
GB_216,,inside
GB_217,,inside
GB_218,,inside
GB_219,,inside
GB_22,,inside
GB_220,,inside
GB_221,,inside
GB_222,,inside
GB_223,,inside
GB_224,,inside
GB_225,,inside
GB_226,,inside
GB_227,,inside
GB_228,,inside
GB_229,,inside
GB_23,,inside
GB_230,,inside
GB_231,,inside
GB_232,,inside
GB_233,,inside
GB_234,,inside
GB_235,,inside
GB_236,,inside
GB_237,,inside
GB_238,,inside
GB_239,,inside
GB_24,,inside
GB_240,,inside
GB_241,,inside
GB_242,,inside
GB_243,,inside
GB_244,,inside
GB_245,,inside
GB_246,,inside
GB_247,,inside
GB_248,,inside
GB_249,,inside
GB_25,,inside
GB_250,,inside
GB_251,,inside
GB_252,,inside
GB_253,,inside
GB_254,,inside
GB_255,,inside
GB_256,,inside
GB_257,,inside
GB_258,,inside
GB_259,,inside
GB_26,,inside
GB_260,,inside
GB_261,,inside
GB_262,,inside
GB_263,,inside
GB_264,,inside
GB_265,,inside
GB_266,,inside
GB_267,,inside
GB_268,,inside
GB_269,,inside
GB_27,,inside
GB_270,,inside
GB_271,,inside
GB_272,,inside
GB_273,,inside
GB_274,,inside
GB_275,,inside
GB_276,,inside
GB_277,,inside
GB_278,,inside
GB_279,,inside
GB_28,,inside
GB_280,,inside
GB_281,,inside
GB_282,,inside
GB_283,,inside
GB_284,,inside
GB_285,,inside
GB_286,,inside
GB_287,,inside
GB_288,,inside
GB_289,,inside
GB_29,,inside
GB_290,,inside
GB_291,,inside
GB_292,,inside
GB_293,,inside
GB_294,,inside
GB_295,,inside
GB_296,,inside
GB_297,,inside
GB_298,,inside
GB_299,,inside
GB_3,,inside
GB_30,,inside
GB_300,,inside
GB_301,,inside
GB_302,,inside
GB_303,,inside
GB_304,,inside
GB_305,,inside
GB_306,,inside
GB_307,,inside
GB_308,,inside
GB_309,,inside
GB_31,,inside
GB_310,,inside
GB_311,,inside
GB_312,,inside
GB_313,,inside
GB_314,,inside
GB_315,,inside
GB_316,,inside
GB_317,,inside
GB_318,,inside
GB_319,,inside
GB_32,,inside
GB_320,,inside
GB_321,,inside
GB_322,,inside
GB_323,,inside
GB_324,,inside
GB_325,,inside
GB_326,,inside
GB_327,,inside
GB_328,,inside
GB_329,,inside
GB_33,,inside
GB_330,,inside
GB_331,,inside
GB_332,,inside
GB_333,,inside
GB_334,,inside
GB_335,,inside
GB_336,,inside
GB_337,,inside
GB_338,,inside
GB_339,,inside
GB_34,,inside
GB_340,,inside
GB_341,,inside
GB_342,,inside
GB_343,,inside
GB_344,,inside
GB_345,,inside
GB_346,,inside
GB_347,,inside
GB_348,,inside
GB_349,,inside
GB_35,,inside
GB_350,,inside
GB_351,,inside
GB_352,,inside
GB_353,,inside
GB_354,,inside
GB_355,,inside
GB_356,,inside
GB_357,,inside
GB_358,,inside
GB_359,,inside
GB_36,,inside
GB_360,,inside
GB_361,,inside
GB_362,,inside
GB_363,,inside
GB_364,,inside
GB_365,,inside
GB_366,,inside
GB_367,,inside
GB_368,,inside
GB_369,,inside
GB_37,,inside
GB_370,,inside
GB_371,,inside
GB_372,,inside
GB_373,,inside
GB_374,,inside
GB_375,,inside
GB_376,,inside
GB_377,,inside
GB_378,,inside
GB_379,,inside
GB_38,,inside
GB_380,,inside
GB_381,,inside
GB_382,,inside
GB_383,,inside
GB_384,,inside
GB_385,,inside
GB_386,,inside
GB_387,,inside
GB_388,,inside
GB_389,,inside
GB_39,,inside
GB_390,,inside
GB_391,,inside
GB_392,,inside
GB_393,,inside
GB_394,,inside
GB_395,,inside
GB_396,,inside
GB_397,,inside
GB_398,,inside
GB_399,,inside
GB_4,,inside
GB_40,,inside
GB_400,,inside
GB_401,,inside
GB_402,,inside
GB_403,,inside
GB_404,,inside
GB_405,,inside
GB_406,,inside
GB_407,,inside
GB_408,,inside
GB_409,,inside
GB_41,,inside
GB_410,,inside
GB_411,,inside
GB_412,,inside
GB_413,,inside
GB_414,,inside
GB_415,,inside
GB_416,,inside
GB_417,,inside
GB_418,,inside
GB_419,,inside
GB_42,,inside
GB_420,,inside
GB_421,,inside
GB_422,,inside
GB_423,,inside
GB_424,,inside
GB_425,,inside
GB_426,,inside
GB_427,,inside
GB_428,,inside
GB_429,,inside
GB_43,,inside
GB_430,,inside
GB_431,,inside
GB_432,,inside
GB_433,,inside
GB_434,,inside
GB_435,,inside
GB_436,,inside
GB_437,,inside
GB_438,,inside
GB_439,,inside
GB_44,,inside
GB_440,,inside
GB_441,,inside
GB_442,,inside
GB_443,,inside
GB_444,,inside
GB_445,,inside
GB_446,,inside
GB_447,,inside
GB_448,,inside
GB_449,,inside
GB_45,,inside
GB_450,,inside
GB_451,,inside
GB_452,,inside
GB_453,,inside
GB_454,,inside
GB_455,,inside
GB_456,,inside
GB_457,,inside
GB_458,,inside
GB_459,,inside
GB_46,,inside
GB_460,,inside
GB_461,,inside
GB_462,,inside
GB_463,,inside
GB_464,,inside
GB_465,,inside
GB_466,,inside
GB_468,,inside
GB_469,,inside
GB_47,,inside
GB_470,,inside
GB_471,,inside
GB_472,,inside
GB_473,,inside
GB_474,,inside
GB_475,,inside
GB_476,,inside
GB_477,,inside
GB_478,,inside
GB_479,,inside
GB_48,,inside
GB_480,,inside
GB_481,,inside
GB_482,,inside
GB_483,,inside
GB_484,,inside
GB_485,,inside
GB_486,,inside
GB_487,,inside
GB_488,,inside
GB_489,,inside
GB_49,,inside
GB_490,,inside
GB_491,,inside
GB_492,,inside
GB_493,,inside
GB_494,,inside
GB_496,,inside
GB_497,,inside
GB_498,,inside
GB_499,,inside
GB_5,,inside
GB_50,,inside
GB_500,,inside
GB_501,,inside
GB_502,,inside
GB_503,,inside
GB_504,,inside
GB_505,,inside
GB_506,,inside
GB_507,,inside
GB_508,,inside
GB_509,,inside
GB_51,,inside
GB_510,,inside
GB_511,,inside
GB_512,,inside
GB_513,,inside
GB_514,,inside
GB_515,,inside
GB_516,,inside
GB_517,,inside
GB_518,,inside
GB_519,,inside
GB_52,,inside
GB_520,,inside
GB_521,,inside
GB_522,,inside
GB_523,,inside
GB_524,,inside
GB_525,,inside
GB_526,,inside
GB_527,,inside
GB_528,,inside
GB_529,,inside
GB_53,,inside
GB_530,,inside
GB_531,,inside
GB_532,,inside
GB_533,,inside
GB_534,,inside
GB_535,,inside
GB_536,,inside
GB_537,,inside
GB_538,,inside
GB_539,,inside
GB_54,,inside
GB_540,,inside
GB_541,,inside
GB_542,,inside
GB_543,,inside
GB_544,,inside
GB_545,,inside
GB_546,,inside
GB_547,,inside
GB_548,,inside
GB_549,,inside
GB_55,,inside
GB_550,,inside
GB_551,,inside
GB_552,,inside
GB_553,,inside
GB_554,,inside
GB_555,,inside
GB_556,,inside
GB_557,,inside
GB_558,,inside
GB_559,,inside
GB_56,,inside
GB_560,,inside
GB_561,,inside
GB_562,,inside
GB_563,,inside
GB_564,,inside
GB_565,,inside
GB_566,,inside
GB_567,,inside
GB_569,,inside
GB_57,,inside
GB_570,IE04,nearest_5km
GB_571,,inside
GB_572,,inside
GB_573,IE04,nearest_5km
GB_574,,inside
GB_575,IE04,nearest_5km
GB_576,,inside
GB_577,,inside
GB_579,,inside
GB_58,,inside
GB_580,,inside
GB_581,,inside
GB_582,,inside
GB_584,,inside
GB_585,,inside
GB_586,,inside
GB_587,,inside
GB_588,,inside
GB_589,,inside
GB_59,,inside
GB_590,,inside
GB_591,,inside
GB_592,,inside
GB_593,,inside
GB_594,,inside
GB_595,,inside
GB_596,,inside
GB_597,,inside
GB_598,,inside
GB_599,,inside
GB_6,,inside
GB_60,,inside
GB_600,,inside
GB_601,,inside
GB_602,,inside
GB_604,,inside
GB_605,,inside
GB_606,,inside
GB_607,,inside
GB_608,,inside
GB_609,,inside
GB_61,,inside
GB_610,,inside
GB_611,,inside
GB_612,,inside
GB_613,,inside
GB_614,,inside
GB_615,,inside
GB_616,,inside
GB_617,,inside
GB_618,,inside
GB_619,,inside
GB_62,,inside
GB_620,,inside
GB_621,,inside
GB_622,,inside
GB_623,,inside
GB_624,,inside
GB_625,,inside
GB_626,,inside
GB_627,,inside
GB_628,,inside
GB_629,,inside
GB_63,,inside
GB_630,,inside
GB_631,,inside
GB_632,,inside
GB_633,,inside
GB_634,,inside
GB_635,,inside
GB_636,,inside
GB_637,,inside
GB_638,,inside
GB_639,,inside
GB_64,,inside
GB_640,,inside
GB_641,,inside
GB_642,,inside
GB_643,,inside
GB_644,,inside
GB_645,,inside
GB_646,,inside
GB_647,,inside
GB_648,,inside
GB_649,,inside
GB_65,,inside
GB_650,,inside
GB_651,,inside
GB_652,,inside
GB_653,,inside
GB_654,,inside
GB_655,,inside
GB_656,,inside
GB_657,,inside
GB_658,,inside
GB_659,,inside
GB_66,,inside
GB_660,,inside
GB_661,,inside
GB_662,IE06,inside
GB_663,IE06,inside
GB_664,,inside
GB_665,,inside
GB_666,,inside
GB_667,,inside
GB_668,,inside
GB_669,,inside
GB_67,,inside
GB_670,,inside
GB_671,,inside
GB_672,,inside
GB_673,,inside
GB_674,,inside
GB_675,ES61,nearest_5km
GB_676,,inside
GB_677,ES61,nearest_5km
GB_678,ES61,nearest_5km
GB_679,,inside
GB_68,,inside
GB_680,,inside
GB_681,,inside
GB_682,,inside
GB_683,,inside
GB_684,,inside
GB_685,,inside
GB_686,,inside
GB_687,,inside
GB_688,,inside
GB_689,,inside
GB_69,,inside
GB_690,,inside
GB_691,,inside
GB_692,,inside
GB_693,,inside
GB_694,,inside
GB_695,,inside
GB_696,,inside
GB_697,,inside
GB_698,,inside
GB_699,,inside
GB_7,,inside
GB_70,,inside
GB_700,,inside
GB_701,,inside
GB_702,,inside
GB_703,,inside
GB_704,,inside
GB_705,,inside
GB_706,,inside
GB_707,,inside
GB_708,,inside
GB_709,,inside
GB_71,,inside
GB_710,,inside
GB_711,,inside
GB_712,,inside
GB_713,,inside
GB_714,,inside
GB_715,,inside
GB_716,,inside
GB_717,,inside
GB_718,,inside
GB_719,,inside
GB_72,,inside
GB_720,,inside
GB_721,,inside
GB_722,,inside
GB_723,,inside
GB_724,,inside
GB_725,,inside
GB_726,,inside
GB_727,,inside
GB_728,,inside
GB_729,,inside
GB_73,,inside
GB_730,,inside
GB_731,,inside
GB_732,,inside
GB_733,,inside
GB_734,,inside
GB_735,,inside
GB_736,,inside
GB_737,,inside
GB_738,,inside
GB_739,,inside
GB_74,,inside
GB_740,,inside
GB_741,,inside
GB_742,,inside
GB_743,,inside
GB_744,,inside
GB_745,,inside
GB_746,,inside
GB_747,,inside
GB_748,,inside
GB_749,,inside
GB_75,,inside
GB_750,,inside
GB_751,,inside
GB_752,IE04,nearest_5km
GB_753,,inside
GB_754,,inside
GB_755,,inside
GB_756,,inside
GB_757,,inside
GB_758,,inside
GB_759,,inside
GB_76,,inside
GB_760,,inside
GB_761,,inside
GB_762,,inside
GB_763,,inside
GB_764,,inside
GB_765,,inside
GB_766,,inside
GB_767,,inside
GB_768,,inside
GB_769,,inside
GB_77,,inside
GB_770,,inside
GB_771,,inside
GB_772,,inside
GB_773,,inside
GB_774,,inside
GB_775,,inside
GB_776,,inside
GB_777,,inside
GB_778,,inside
GB_779,,inside
GB_78,,inside
GB_780,,inside
GB_781,,inside
GB_782,,inside
GB_783,,inside
GB_784,,inside
GB_785,,inside
GB_786,,inside
GB_787,,inside
GB_788,,inside
GB_789,,inside
GB_79,,inside
GB_790,,inside
GB_791,,inside
GB_792,,inside
GB_793,,inside
GB_794,,inside
GB_795,,inside
GB_796,,inside
GB_797,,inside
GB_798,,inside
GB_799,,inside
GB_8,,inside
GB_80,,inside
GB_800,,inside
GB_801,,inside
GB_802,,inside
GB_803,,inside
GB_804,,inside
GB_805,,inside
GB_806,,inside
GB_807,,inside
GB_808,,inside
GB_809,,inside
GB_81,,inside
GB_810,,inside
GB_811,,inside
GB_812,,inside
GB_813,,inside
GB_814,,inside
GB_815,,inside
GB_816,,inside
GB_817,,inside
GB_818,,inside
GB_819,,inside
GB_82,,inside
GB_820,,inside
GB_821,,inside
GB_822,,inside
GB_823,,inside
GB_824,,inside
GB_825,,inside
GB_826,,inside
GB_827,,inside
GB_828,,inside
GB_829,,inside
GB_83,,inside
GB_830,,inside
GB_831,,inside
GB_832,,inside
GB_833,,inside
GB_834,,inside
GB_835,,inside
GB_836,,inside
GB_837,,inside
GB_838,,inside
GB_839,,inside
GB_84,,inside
GB_840,,inside
GB_841,,inside
GB_842,,inside
GB_843,,inside
GB_844,,inside
GB_845,,inside
GB_846,,inside
GB_847,,inside
GB_848,,inside
GB_849,,inside
GB_85,,inside
GB_850,,inside
GB_851,IE04,nearest_5km
GB_852,,inside
GB_853,,inside
GB_854,,inside
GB_855,,inside
GB_856,,inside
GB_857,,inside
GB_858,,inside
GB_859,,inside
GB_86,,inside
GB_860,,inside
GB_861,,inside
GB_862,,inside
GB_863,,inside
GB_864,,inside
GB_865,,inside
GB_866,,inside
GB_867,,inside
GB_868,,inside
GB_869,,inside
GB_87,,inside
GB_870,,inside
GB_871,,inside
GB_872,,inside
GB_873,,inside
GB_874,,inside
GB_875,,inside
GB_876,,inside
GB_877,,inside
GB_878,,inside
GB_879,,inside
GB_88,,inside
GB_880,,inside
GB_881,,inside
GB_882,,inside
GB_883,,inside
GB_884,,inside
GB_885,,inside
GB_886,,inside
GB_887,,inside
GB_888,,inside
GB_889,,inside
GB_89,,inside
GB_890,,inside
GB_891,,inside
GB_892,,inside
GB_893,,inside
GB_894,,inside
GB_895,,inside
GB_896,,inside
GB_897,,inside
GB_898,,inside
GB_899,,inside
GB_9,,inside
GB_90,,inside
GB_900,,inside
GB_901,,inside
GB_902,,inside
GB_903,,inside
GB_904,,inside
GB_905,,inside
GB_906,,inside
GB_907,,inside
GB_908,,inside
GB_909,,inside
GB_91,,inside
GB_910,,inside
GB_911,,inside
GB_912,,inside
GB_913,,inside
GB_914,,inside
GB_915,,inside
GB_916,,inside
GB_917,,inside
GB_918,,inside
GB_919,,inside
GB_92,,inside
GB_920,,inside
GB_921,,inside
GB_922,,inside
GB_923,,inside
GB_924,,inside
GB_925,,inside
GB_926,,inside
GB_927,,inside
GB_928,,inside
GB_929,,inside
GB_93,,inside
GB_930,,inside
GB_931,,inside
GB_932,,inside
GB_933,,inside
GB_934,,inside
GB_935,,inside
GB_936,,inside
GB_937,,inside
GB_938,,inside
GB_939,,inside
GB_94,,inside
GB_940,,inside
GB_941,,inside
GB_942,,inside
GB_943,,inside
GB_944,,inside
GB_945,,inside
GB_946,,inside
GB_947,,inside
GB_948,,inside
GB_949,,inside
GB_95,,inside
GB_950,,inside
GB_951,,inside
GB_952,,inside
GB_953,,inside
GB_954,,inside
GB_955,,inside
GB_956,,inside
GB_957,,inside
GB_958,,inside
GB_959,,inside
GB_96,,inside
GB_960,,inside
GB_961,,inside
GB_962,,inside
GB_963,,inside
GB_964,,inside
GB_965,,inside
GB_966,,inside
GB_967,,inside
GB_968,,inside
GB_969,,inside
GB_97,,inside
GB_970,,inside
GB_971,,inside
GB_972,,inside
GB_973,,inside
GB_974,,inside
GB_975,,inside
GB_976,,inside
GB_977,,inside
GB_978,,inside
GB_979,,inside
GB_98,,inside
GB_980,,inside
GB_981,,inside
GB_982,,inside
GB_983,,inside
GB_984,,inside
GB_985,,inside
GB_986,,inside
GB_987,,inside
GB_988,,inside
GB_989,,inside
GB_99,,inside
GB_990,,inside
GB_991,,inside
GB_992,,inside
GB_993,,inside
GB_994,,inside
GB_995,,inside
GB_996,,inside
GB_997,,inside
GB_998,,inside
GB_999,,inside
GR_1,EL30,inside
GR_10,EL52,inside
GR_100,EL61,inside
GR_102,EL52,inside
GR_103,EL63,inside
GR_104,EL30,inside
GR_105,EL30,inside
GR_106,EL30,inside
GR_107,EL61,inside
GR_108,EL52,inside
GR_109,EL64,inside
GR_11,EL63,inside
GR_110,EL63,inside
GR_111,EL65,inside
GR_112,EL51,inside
GR_113,EL52,inside
GR_114,EL64,inside
GR_115,EL65,inside
GR_116,EL43,inside
GR_117,EL64,inside
GR_118,EL61,inside
GR_119,EL65,inside
GR_12,EL53,inside
GR_123,EL52,inside
GR_124,EL61,inside
GR_125,EL64,inside
GR_126,EL65,inside
GR_127,EL52,inside
GR_128,EL64,inside
GR_129,EL65,inside
GR_13,EL53,inside
GR_130,EL54,inside
GR_131,EL63,nearest_5km
GR_132,EL63,inside
GR_133,EL52,inside
GR_134,EL63,inside
GR_135,EL64,nearest_5km
GR_136,EL61,inside
GR_137,EL65,inside
GR_138,EL63,nearest_5km
GR_139,EL65,inside
GR_14,EL53,inside
GR_140,EL52,inside
GR_141,EL65,inside
GR_142,EL52,inside
GR_143,EL52,inside
GR_145,EL51,inside
GR_147,EL30,inside
GR_15,EL53,inside
GR_154,EL52,inside
GR_158,EL52,inside
GR_159,EL53,inside
GR_16,EL53,inside
GR_160,EL51,inside
GR_161,EL52,inside
GR_162,EL63,inside
GR_163,EL52,inside
GR_164,EL52,inside
GR_165,EL52,inside
GR_166,EL64,inside
GR_167,EL42,inside
GR_168,EL42,inside
GR_169,EL51,inside
GR_17,EL65,inside
GR_174,EL30,inside
GR_176,EL52,inside
GR_179,EL52,inside
GR_18,EL65,inside
GR_180,EL61,inside
GR_181,EL53,inside
GR_182,EL30,nearest_5km
GR_183,EL64,inside
GR_184,EL64,inside
GR_185,EL64,inside
GR_186,EL52,inside
GR_187,EL51,inside
GR_19,EL53,inside
GR_2,EL30,inside
GR_20,EL30,inside
GR_201467,EL65,nearest_5km
GR_201547,EL30,nearest_5km
GR_202609,EL52,inside
GR_203018,EL64,inside
GR_203073,EL52,inside
GR_203127,EL52,inside
GR_203866,EL51,inside
GR_204153,EL52,inside
GR_204621,EL64,inside
GR_204622,EL64,inside
GR_204623,EL64,inside
GR_204689,EL52,inside
GR_204843,EL30,inside
GR_205354,EL52,inside
GR_205485,EL53,inside
GR_205542,EL52,inside
GR_205569,EL52,inside
GR_205640,EL53,inside
GR_205898,EL63,nearest_5km
GR_205899,EL52,inside
GR_205942,EL63,inside
GR_206054,EL63,inside
GR_206060,EL30,inside
GR_206162,EL52,inside
GR_206233,EL52,inside
GR_207652,EL64,inside
GR_207882,EL51,inside
GR_21,EL30,inside
GR_210463,EL30,inside
GR_210534,EL53,inside
GR_210616,EL42,inside
GR_213820,EL53,inside
GR_214180,EL30,inside
GR_216502,EL63,inside
GR_216940,EL61,inside
GR_217180,EL51,inside
GR_217580,EL52,inside
GR_217842,EL52,inside
GR_218060,EL61,inside
GR_218120,EL64,inside
GR_218160,EL61,inside
GR_218220,EL64,inside
GR_218400,EL52,inside
GR_218422,EL52,inside
GR_218500,EL42,inside
GR_218501,EL64,inside
GR_218520,EL52,inside
GR_218600,EL65,inside
GR_218602,EL52,inside
GR_218620,EL30,inside
GR_22,EL51,inside
GR_222270,EL53,inside
GR_225925,EL51,inside
GR_226081,EL61,inside
GR_23,EL64,inside
GR_24,EL43,inside
GR_25,EL43,inside
GR_26,EL42,inside
GR_27,EL41,inside
GR_28,EL42,inside
GR_29,EL30,inside
GR_3,EL43,inside
GR_30,EL42,nearest_5km
GR_31,EL41,inside
GR_32,EL41,inside
GR_33,EL52,inside
GR_34,EL42,inside
GR_35,EL42,inside
GR_36,EL42,nearest_5km
GR_37,EL52,inside
GR_38,EL41,inside
GR_39,EL42,inside
GR_4,EL65,inside
GR_40,EL52,inside
GR_41,EL42,nearest_5km
GR_42,EL63,inside
GR_43,,inside
GR_44,EL42,inside
GR_45,EL61,inside
GR_46,EL43,nearest_5km
GR_47,EL61,inside
GR_48,EL64,inside
GR_49,EL61,inside
GR_5,EL64,inside
GR_50,EL64,inside
GR_51,EL64,inside
GR_52,EL64,inside
GR_53,EL52,inside
GR_54,EL64,inside
GR_55,EL63,inside
GR_56,EL51,inside
GR_57,EL30,inside
GR_58,EL51,inside
GR_59,EL64,inside
GR_6,EL30,inside
GR_60,EL52,inside
GR_61,EL30,inside
GR_62,EL63,inside
GR_63,EL30,inside
GR_64,EL52,inside
GR_65,EL30,inside
GR_66,EL51,inside
GR_67,EL52,inside
GR_68,EL30,inside
GR_69,EL61,inside
GR_7,EL51,inside
GR_70,EL43,inside
GR_71,EL52,inside
GR_72,EL52,inside
GR_73,EL30,inside
GR_74,EL51,inside
GR_75,EL30,inside
GR_76,EL52,inside
GR_77,EL51,inside
GR_78,EL30,inside
GR_79,EL61,inside
GR_8,EL52,inside
GR_80,EL61,inside
GR_81,EL61,inside
GR_82,EL51,inside
GR_83,EL30,inside
GR_84,EL52,inside
GR_85,EL61,inside
GR_86,EL30,inside
GR_87,EL61,inside
GR_88,EL65,inside
GR_89,EL30,inside
GR_9,EL52,inside
GR_90,EL64,inside
GR_91,EL30,inside
GR_92,EL30,nearest_5km
GR_93,EL30,inside
GR_94,EL52,inside
GR_96,EL61,inside
GR_97,EL61,inside
GR_98,EL61,inside
GR_99,EL52,inside
HR_203853,HR02,inside
HR_203858,HR03,inside
HR_203859,HR06,inside
HR_203861,HR02,inside
HR_203867,HR06,inside
HR_203870,HR06,inside
HR_203875,HR02,inside
HR_203878,HR05,inside
HR_203879,HR05,inside
HR_203883,HR06,inside
HR_203888,HR06,inside
HR_203889,HR02,inside
HR_203945,HR03,inside
HR_203950,HR03,inside
HR_203974,HR03,inside
HR_203977,HR03,inside
HR_204012,HR02,inside
HR_204086,HR05,inside
HR_204105,HR02,inside
HR_204107,HR02,inside
HR_204295,HR02,inside
HR_204297,HR05,inside
HR_204298,HR03,inside
HR_204321,HR02,inside
HR_204341,HR03,inside
HR_204403,HR02,inside
HR_204425,HR02,inside
HR_204942,HR06,inside
HR_205084,HR05,inside
HR_205104,HR02,inside
HR_205122,HR02,inside
HR_205176,HR02,inside
HR_205183,HR02,inside
HR_205184,HR02,inside
HR_205185,HR02,inside
HR_205194,HR03,inside
HR_205247,HR02,inside
HR_205424,HR06,inside
HR_205425,HR06,inside
HR_205463,HR03,inside
HR_205486,HR06,inside
HR_205570,HR03,nearest_5km
HR_205675,HR06,inside
HR_205677,HR06,inside
HR_205681,HR03,inside
HR_205682,HR02,inside
HR_205683,HR02,inside
HR_205907,HR02,inside
HR_205953,HR02,inside
HR_205956,HR02,inside
HR_206077,HR02,inside
HR_206092,HR03,inside
HR_206102,HR02,inside
HR_206173,HR03,inside
HR_206263,HR02,inside
HR_206319,HR03,inside
HR_206341,HR06,inside
HR_206369,HR02,inside
HR_211258,HR03,inside
HR_211261,HR06,inside
HR_211262,HR02,inside
HR_214880,HR02,inside
HR_215260,HR03,inside
HR_228665,HR02,inside
HR_229940,HR06,inside
HR_229952,HR03,inside
HU_1,HU31,inside
HU_10,HU21,inside
HU_100,HU33,inside
HU_1000,HU11,inside
HU_1004,HU32,inside
HU_1005,HU23,inside
HU_1006,HU33,inside
HU_101,HU22,inside
HU_102,HU31,inside
HU_103,HU23,inside
HU_104,HU11,inside
HU_105,HU32,inside
HU_106,HU33,inside
HU_107,HU31,inside
HU_108,HU21,inside
HU_109,HU32,inside
HU_11,HU32,inside
HU_110,HU12,inside
HU_111,HU21,inside
HU_112,HU11,inside
HU_113,HU33,inside
HU_114,HU23,inside
HU_115,HU22,inside
HU_116,HU32,inside
HU_117,HU32,inside
HU_118,HU22,inside
HU_119,HU31,inside
HU_12,HU21,inside
HU_120,HU32,inside
HU_121,HU33,inside
HU_122,HU33,inside
HU_123,HU32,inside
HU_124,HU31,inside
HU_125,HU33,inside
HU_126,HU21,inside
HU_127,HU33,inside
HU_128,HU33,inside
HU_129,HU33,inside
HU_13,HU21,inside
HU_130,HU22,inside
HU_131,HU12,inside
HU_132,HU21,inside
HU_133,HU12,inside
HU_134,HU31,inside
HU_135,HU31,inside
HU_136,HU21,inside
HU_137,HU31,inside
HU_138,HU22,inside
HU_139,HU31,inside
HU_14,HU23,inside
HU_140,HU32,inside
HU_141,HU31,inside
HU_142,HU31,inside
HU_143,HU22,inside
HU_144,HU23,inside
HU_145,HU22,inside
HU_146,HU31,inside
HU_147,HU31,inside
HU_148,HU23,inside
HU_149,HU32,inside
HU_15,HU31,inside
HU_150,HU22,inside
HU_151,HU12,inside
HU_152,HU22,inside
HU_153,HU21,inside
HU_154,HU32,inside
HU_155,HU31,inside
HU_156,HU31,inside
HU_157,HU22,inside
HU_158,HU23,inside
HU_159,HU23,inside
HU_16,HU31,inside
HU_160,HU23,inside
HU_161,HU21,inside
HU_162,HU33,inside
HU_163,HU21,inside
HU_164,HU21,inside
HU_165,HU11,inside
HU_166,HU22,inside
HU_167,HU22,inside
HU_168,HU11,inside
HU_169,HU11,inside
HU_17,HU33,inside
HU_170,HU12,inside
HU_171,HU11,inside
HU_172,HU31,inside
HU_173,HU22,inside
HU_174,HU22,inside
HU_175,HU22,inside
HU_176,HU31,inside
HU_177,HU31,inside
HU_178,HU33,inside
HU_179,HU33,inside
HU_18,HU31,inside
HU_180,HU33,inside
HU_181,HU33,inside
HU_182,HU33,inside
HU_183,HU33,inside
HU_184,HU21,inside
HU_185,HU33,inside
HU_186,HU12,inside
HU_187,HU33,inside
HU_188,HU22,inside
HU_189,HU21,inside
HU_19,HU31,inside
HU_190,HU31,inside
HU_191,HU21,inside
HU_192,HU12,inside
HU_193,HU32,inside
HU_194,HU12,inside
HU_195,HU23,inside
HU_196,HU22,inside
HU_197,HU33,inside
HU_198,HU21,inside
HU_199,HU33,inside
HU_2,HU31,inside
HU_20,HU12,inside
HU_200,HU31,inside
HU_201,HU11,inside
HU_201548,HU21,inside
HU_201649,HU22,inside
HU_201935,HU23,inside
HU_202,HU31,inside
HU_202569,HU32,inside
HU_202894,HU23,inside
HU_203,HU12,inside
HU_204,HU21,inside
HU_205,HU21,inside
HU_205815,HU31,inside
HU_205931,HU11,inside
HU_206,HU21,inside
HU_206134,HU12,inside
HU_206421,HU32,inside
HU_206762,HU12,inside
HU_206836,HU21,inside
HU_206949,HU12,inside
HU_207,HU21,inside
HU_207495,HU21,inside
HU_207499,HU32,inside
HU_207982,HU21,inside
HU_208,HU33,inside
HU_209,HU21,inside
HU_209147,HU32,inside
HU_209202,HU12,inside
HU_209905,HU31,inside
HU_21,HU11,inside
HU_210,HU11,inside
HU_210166,HU32,inside
HU_210522,HU33,inside
HU_210527,HU21,inside
HU_210641,HU31,inside
HU_211,HU12,inside
HU_211438,SK02,inside
HU_211678,HU32,inside
HU_211679,HU33,inside
HU_212,HU12,inside
HU_213,HU22,inside
HU_213600,HU32,inside
HU_214,HU23,inside
HU_214120,SK02,inside
HU_214160,HU12,inside
HU_215,HU12,inside
HU_216,HU23,inside
HU_216220,HU31,inside
HU_216441,HU32,inside
HU_216442,HU12,inside
HU_216820,HU12,inside
HU_216822,HU21,inside
HU_217,HU21,inside
HU_217042,HU31,inside
HU_218,HU22,inside
HU_218961,HU21,inside
HU_219,HU32,inside
HU_22,HU11,inside
HU_220,HU33,inside
HU_220322,HU21,inside
HU_220442,HU31,inside
HU_221,HU22,inside
HU_221664,HU21,inside
HU_222,HU22,inside
HU_223,HU23,inside
HU_224,HU32,inside
HU_225,HU32,inside
HU_225322,HU21,inside
HU_225427,HU21,inside
HU_226,HU22,inside
HU_227,HU31,inside
HU_228,HU22,inside
HU_229,SK02,inside
HU_23,HU11,inside
HU_230021,HU31,inside
HU_231300,HU23,inside
HU_232,HU11,inside
HU_233,HU22,inside
HU_234,HU11,inside
HU_235,HU12,inside
HU_236,HU11,inside
HU_237,HU23,inside
HU_238,HU32,inside
HU_239,HU23,inside
HU_24,HU11,inside
HU_240,HU33,inside
HU_241,HU12,inside
HU_242,HU32,inside
HU_245,HU12,inside
HU_246,HU21,inside
HU_247,HU31,inside
HU_248,HU31,inside
HU_249,HU21,inside
HU_25,HU11,inside
HU_250,HU21,inside
HU_251,HU21,inside
HU_252,HU21,inside
HU_253,HU21,inside
HU_254,HU11,inside
HU_255,HU32,inside
HU_256,HU21,inside
HU_257,HU21,inside
HU_258,HU23,inside
HU_259,HU31,inside
HU_26,HU11,inside
HU_260,HU31,inside
HU_261,HU21,inside
HU_262,HU21,inside
HU_263,HU31,inside
HU_264,HU32,inside
HU_265,HU31,inside
HU_266,HU33,inside
HU_267,HU32,inside
HU_268,HU21,inside
HU_269,HU22,inside
HU_27,HU11,inside
HU_270,HU33,inside
HU_271,HU23,inside
HU_28,HU11,inside
HU_29,HU11,inside
HU_3,HU31,inside
HU_30,HU11,inside
HU_31,HU11,inside
HU_32,HU32,inside
HU_33,HU11,inside
HU_34,HU21,inside
HU_35,HU23,inside
HU_36,HU11,inside
HU_37,HU11,inside
HU_38,HU22,inside
HU_39,HU31,inside
HU_4,HU11,inside
HU_40,HU31,inside
HU_41,HU32,inside
HU_42,HU32,inside
HU_43,HU21,inside
HU_44,HU32,inside
HU_45,HU11,inside
HU_46,HU21,inside
HU_47,HU12,inside
HU_48,HU23,inside
HU_49,HU21,inside
HU_5,HU32,inside
HU_50,HU21,inside
HU_51,HU21,inside
HU_52,HU21,inside
HU_53,HU11,inside
HU_54,HU12,inside
HU_55,HU11,inside
HU_56,HU33,inside
HU_57,HU11,inside
HU_58,HU22,inside
HU_59,HU31,inside
HU_6,HU21,inside
HU_60,HU33,inside
HU_61,HU11,inside
HU_62,HU32,inside
HU_63,HU21,inside
HU_64,HU32,inside
HU_65,HU32,inside
HU_66,HU11,inside
HU_67,HU22,inside
HU_68,HU21,inside
HU_69,HU22,inside
HU_7,HU23,inside
HU_70,HU31,inside
HU_71,HU11,inside
HU_72,HU21,inside
HU_73,HU12,inside
HU_74,HU22,inside
HU_75,HU11,inside
HU_76,HU22,inside
HU_77,HU11,inside
HU_78,HU33,inside
HU_79,HU22,inside
HU_8,HU32,inside
HU_80,HU22,inside
HU_81,HU22,inside
HU_82,HU32,inside
HU_83,HU21,inside
HU_84,HU33,inside
HU_85,HU21,inside
HU_86,HU31,inside
HU_87,HU21,inside
HU_88,HU33,inside
HU_89,HU33,inside
HU_9,HU12,inside
HU_90,HU12,inside
HU_91,HU21,inside
HU_92,HU32,inside
HU_93,HU33,inside
HU_94,HU32,inside
HU_941,HU23,inside
HU_95,HU31,inside
HU_96,HU23,inside
HU_963,HU33,inside
HU_97,HU31,inside
HU_98,HU33,inside
HU_99,HU33,inside
IE_1,IE06,inside
IE_10,IE05,inside
IE_100,IE06,inside
IE_101,IE04,inside
IE_102,IE05,inside
IE_103,IE05,inside
IE_104,IE05,inside
IE_105,IE05,inside
IE_106,IE05,inside
IE_107,IE06,inside
IE_108,IE06,inside
IE_109,IE05,inside
IE_11,IE05,inside
IE_110,IE06,inside
IE_111,IE04,inside
IE_112,IE06,inside
IE_113,IE04,inside
IE_114,IE05,inside
IE_115,IE06,inside
IE_116,IE05,inside
IE_117,IE06,inside
IE_118,IE06,inside
IE_119,IE06,inside
IE_12,IE05,inside
IE_120,IE06,inside
IE_121,IE06,inside
IE_122,IE05,inside
IE_128,IE06,inside
IE_129,IE05,inside
IE_13,IE04,inside
IE_130,IE05,inside
IE_14,IE06,inside
IE_15,IE04,inside
IE_16,IE05,inside
IE_17,IE06,inside
IE_18,IE05,nearest_5km
IE_19,IE05,inside
IE_2,IE04,inside
IE_20,IE05,inside
IE_205782,IE06,inside
IE_205865,IE04,inside
IE_206852,IE06,inside
IE_206853,IE06,inside
IE_206854,IE06,inside
IE_206939,IE04,inside
IE_206992,IE06,inside
IE_207245,IE05,inside
IE_207487,IE05,inside
IE_207697,IE06,inside
IE_208162,IE06,inside
IE_208826,IE06,inside
IE_209047,IE06,inside
IE_209903,IE06,inside
IE_21,IE05,inside
IE_210096,IE06,inside
IE_210130,IE06,inside
IE_210211,IE06,inside
IE_210246,IE06,inside
IE_210539,IE06,inside
IE_210702,IE06,inside
IE_210704,IE06,inside
IE_211260,IE06,inside
IE_212920,IE06,inside
IE_213080,IE06,inside
IE_213140,IE06,inside
IE_213340,IE06,inside
IE_214040,IE06,inside
IE_214062,IE06,inside
IE_214063,IE06,inside
IE_215120,IE06,inside
IE_215860,IE06,inside
IE_215920,IE06,inside
IE_216202,IE06,inside
IE_218161,IE06,inside
IE_22,IE06,inside
IE_220321,IE06,inside
IE_221783,IE06,nearest_5km
IE_223398,IE05,inside
IE_224081,IE04,inside
IE_224184,IE06,inside
IE_226724,IE06,inside
IE_227238,IE06,inside
IE_23,IE05,inside
IE_230561,IE06,inside
IE_230941,IE06,inside
IE_231023,IE04,inside
IE_231301,IE05,inside
IE_231984,IE06,inside
IE_232388,IE06,inside
IE_24,IE06,inside
IE_25,IE05,inside
IE_26,IE06,inside
IE_27,IE04,inside
IE_28,IE04,inside
IE_29,IE06,inside
IE_3,IE05,inside
IE_30,IE04,inside
IE_31,IE05,inside
IE_32,IE06,inside
IE_33,IE05,inside
IE_34,IE06,inside
IE_35,IE05,inside
IE_36,IE06,inside
IE_37,IE05,inside
IE_38,IE04,inside
IE_39,IE05,inside
IE_4,IE05,inside
IE_40,IE05,inside
IE_41,IE05,inside
IE_42,IE06,inside
IE_43,IE06,inside
IE_44,IE06,inside
IE_45,IE06,inside
IE_46,IE06,inside
IE_47,IE05,inside
IE_48,IE06,inside
IE_49,IE05,inside
IE_5,IE05,inside
IE_50,IE04,inside
IE_51,IE05,inside
IE_52,IE04,inside
IE_53,IE05,inside
IE_54,IE05,nearest_5km
IE_55,IE06,inside
IE_56,IE06,nearest_5km
IE_57,IE05,nearest_5km
IE_58,IE04,inside
IE_59,IE04,inside
IE_6,IE06,inside
IE_60,IE05,inside
IE_61,IE05,inside
IE_62,IE06,inside
IE_63,IE06,inside
IE_64,IE05,inside
IE_65,IE06,inside
IE_66,IE05,inside
IE_67,IE05,inside
IE_68,IE05,inside
IE_69,IE04,inside
IE_7,IE05,inside
IE_70,IE06,inside
IE_71,IE04,inside
IE_72,IE04,inside
IE_73,IE06,inside
IE_74,IE05,inside
IE_75,IE06,inside
IE_76,IE06,inside
IE_77,IE05,inside
IE_78,IE04,inside
IE_79,IE05,inside
IE_8,IE05,inside
IE_80,IE05,inside
IE_81,IE04,inside
IE_82,IE06,inside
IE_83,IE05,inside
IE_84,IE05,inside
IE_85,IE05,inside
IE_86,IE05,inside
IE_87,IE05,inside
IE_88,IE06,inside
IE_89,IE05,inside
IE_9,IE04,inside
IE_90,IE05,inside
IE_91,IE06,inside
IE_92,IE05,inside
IE_93,IE04,inside
IE_94,IE05,inside
IE_95,IE06,inside
IE_96,IE06,inside
IE_97,IE04,inside
IE_98,IE05,inside
IE_99,IE05,inside
IS_201349,IS00,inside
IS_201350,IS00,inside
IS_201351,IS00,nearest_5km
IS_201365,IS00,nearest_5km
IS_204602,IS00,inside
IS_207501,IS00,inside
IS_208833,IS00,inside
IS_209622,IS00,inside
IS_210153,IS00,inside
IS_229567,IS00,inside
IT_1,ITC1,inside
IT_10,ITC1,inside
IT_100,ITC4,inside
IT_1000,ITF2,inside
IT_1001,ITH3,inside
IT_1002,ITI4,inside
IT_1003,ITH3,inside
IT_1004,ITC1,inside
IT_1005,ITC4,inside
IT_1006,ITC1,inside
IT_1007,ITC1,inside
IT_1008,ITC1,inside
IT_1009,ITC4,inside
IT_101,ITC4,inside
IT_1010,ITC1,inside
IT_1011,ITH4,inside
IT_1012,ITF4,inside
IT_1013,ITF6,inside
IT_1014,ITC1,inside
IT_1015,ITC4,inside
IT_1016,ITH5,inside
IT_1017,ITC1,inside
IT_1018,ITC4,inside
IT_1019,ITH5,inside
IT_102,ITC4,inside
IT_1020,ITC4,inside
IT_1021,ITH5,inside
IT_1022,ITC4,inside
IT_1024,ITH5,inside
IT_1025,ITI1,inside
IT_1026,ITC1,inside
IT_1027,ITI2,inside
IT_1028,ITI4,inside
IT_1029,ITH3,inside
IT_103,ITC4,inside
IT_1030,ITG2,inside
IT_1031,ITF6,inside
IT_1032,ITI2,inside
IT_1033,ITH5,inside
IT_1034,ITC4,inside
IT_1035,ITC1,inside
IT_1036,ITC1,inside
IT_1037,ITC1,inside
IT_1038,ITF3,inside
IT_1039,ITF3,inside
IT_104,ITC4,inside
IT_1040,ITF3,inside
IT_1041,ITF3,inside
IT_1042,ITH1,inside
IT_1043,ITG2,inside
IT_1044,ITF3,inside
IT_1045,ITC4,inside
IT_1046,ITH5,inside
IT_1047,ITC1,inside
IT_1049,ITH5,inside
IT_105,ITC4,inside
IT_1050,ITH5,inside
IT_1051,ITH5,inside
IT_1052,ITC1,inside
IT_1055,ITC4,inside
IT_1056,ITC4,inside
IT_1057,ITC4,inside
IT_1058,ITF1,inside
IT_1059,ITC4,inside
IT_106,ITC4,inside
IT_1060,ITH4,inside
IT_1061,ITH3,inside
IT_1062,ITH5,inside
IT_1063,ITC4,inside
IT_1065,ITI1,inside
IT_1066,ITH3,inside
IT_1068,ITF1,inside
IT_1069,ITC4,inside
IT_107,ITC4,inside
IT_1070,ITH3,inside
IT_1071,ITI4,inside
IT_1072,ITH2,inside
IT_1073,ITH5,inside
IT_1074,ITF4,inside
IT_1075,ITH4,inside
IT_1077,ITI2,inside
IT_1078,ITH3,inside
IT_1079,ITH5,inside
IT_108,ITC4,inside
IT_1080,ITH3,inside
IT_1081,ITC1,inside
IT_1082,ITC1,inside
IT_1083,ITC3,inside
IT_1084,ITI4,inside
IT_1086,ITC4,inside
IT_1087,ITF4,inside
IT_1088,ITG1,inside
IT_1089,ITI4,inside
IT_109,ITC4,inside
IT_1090,ITH3,inside
IT_1092,ITF3,inside
IT_1093,ITF6,inside
IT_1095,ITH5,inside
IT_1096,ITF2,inside
IT_1097,ITH5,inside
IT_1098,ITF4,inside
IT_11,ITC1,inside
IT_110,ITC4,inside
IT_1101,ITC4,inside
IT_1102,ITC4,inside
IT_1104,ITC1,inside
IT_1105,ITI1,inside
IT_1106,ITC4,inside
IT_1107,ITI4,inside
IT_1108,ITH5,inside
IT_1109,ITC4,inside
IT_111,ITC4,inside
IT_1110,ITC4,inside
IT_1114,ITC4,inside
IT_1115,ITI4,nearest_5km
IT_1116,ITC1,inside
IT_1117,ITC4,inside
IT_1119,ITH5,inside
IT_112,ITC4,inside
IT_1120,ITH3,inside
IT_1121,ITF3,inside
IT_1122,ITF3,inside
IT_1123,ITF3,inside
IT_1124,ITH3,inside
IT_1125,ITF1,inside
IT_1126,ITH3,inside
IT_1128,ITH5,inside
IT_1129,ITG2,inside
IT_113,ITC4,inside
IT_1130,ITC4,inside
IT_1131,ITH5,inside
IT_1132,ITC1,inside
IT_1133,ITC4,inside
IT_1134,ITH4,inside
IT_1135,ITH4,inside
IT_1137,ITG2,inside
IT_1138,ITC4,inside
IT_1139,ITC4,inside
IT_114,ITC4,inside
IT_1140,ITH3,inside
IT_1141,ITH4,inside
IT_1142,ITG1,inside
IT_1143,ITH1,inside
IT_1144,ITF4,inside
IT_1145,ITF3,inside
IT_1147,ITH5,inside
IT_1149,ITF3,inside
IT_115,ITC4,inside
IT_1150,ITF3,inside
IT_1151,ITF3,inside
IT_1153,ITH3,inside
IT_1154,ITH3,inside
IT_1157,ITC4,inside
IT_1158,ITF4,inside
IT_116,ITC4,inside
IT_1161,ITH5,inside
IT_1163,ITF4,inside
IT_1164,ITC4,inside
IT_1165,ITF4,inside
IT_1166,ITC4,inside
IT_1167,ITH3,inside
IT_1168,ITF3,inside
IT_1169,ITC1,inside
IT_117,ITC4,inside
IT_1170,ITF3,inside
IT_1171,ITI1,inside
IT_1172,ITH3,inside
IT_1173,ITF3,inside
IT_1174,ITF3,inside
IT_1175,ITF3,inside
IT_1176,ITF3,inside
IT_1177,ITF3,inside
IT_1178,ITF3,inside
IT_1179,ITF3,inside
IT_118,ITC4,inside
IT_1180,ITC4,inside
IT_1181,ITC1,inside
IT_1182,ITC4,inside
IT_1183,ITF3,inside
IT_1184,ITF3,inside
IT_1185,ITF3,inside
IT_1186,ITF3,inside
IT_1187,ITF3,inside
IT_1188,ITF3,inside
IT_1189,ITF3,inside
IT_119,ITC4,inside
IT_1190,ITF3,inside
IT_1191,ITF3,inside
IT_1192,ITF3,inside
IT_1194,ITF3,inside
IT_1196,ITF4,inside
IT_1197,ITI1,inside
IT_1198,ITF3,inside
IT_1199,ITH5,inside
IT_12,ITC1,inside
IT_120,ITC4,inside
IT_1201,ITF3,inside
IT_1203,ITF3,inside
IT_1204,ITI4,inside
IT_1205,ITH5,inside
IT_1206,ITF3,inside
IT_1208,ITF3,inside
IT_121,ITC4,inside
IT_1210,ITF3,inside
IT_1211,ITI1,inside
IT_1212,ITI4,inside
IT_1213,ITF3,inside
IT_1215,ITH5,inside
IT_1216,ITH3,inside
IT_1217,ITF3,inside
IT_1218,ITI1,inside
IT_122,ITC4,inside
IT_1220,ITG2,inside
IT_1221,ITC4,inside
IT_1222,ITI4,inside
IT_1223,ITH3,inside
IT_1224,ITC4,inside
IT_1225,ITH5,inside
IT_1226,ITF1,inside
IT_1227,ITC1,inside
IT_1228,ITH4,inside
IT_1229,ITC4,inside
IT_123,ITC4,inside
IT_1230,ITC4,inside
IT_1231,ITF3,inside
IT_1232,ITC4,inside
IT_1233,ITC1,inside
IT_1234,ITH3,inside
IT_1235,ITC4,inside
IT_1236,ITH4,inside
IT_1237,ITI4,inside
IT_1238,ITF3,inside
IT_1239,ITH3,inside
IT_124,ITC4,inside
IT_1240,ITC1,inside
IT_1241,ITC4,inside
IT_1242,ITF4,inside
IT_1243,ITC3,inside
IT_1244,ITH3,inside
IT_1245,ITC4,inside
IT_1246,ITC1,inside
IT_1247,ITI4,inside
IT_1248,ITF4,inside
IT_125,ITC4,inside
IT_1250,ITC4,inside
IT_1252,ITH5,inside
IT_1253,ITC1,inside
IT_126,ITC4,inside
IT_127,ITC4,inside
IT_128,ITC4,inside
IT_129,ITC4,inside
IT_13,ITC1,inside
IT_130,ITC4,inside
IT_131,ITC4,inside
IT_132,ITC1,inside
IT_133,ITC4,inside
IT_134,ITC4,inside
IT_135,ITC4,inside
IT_136,ITC4,inside
IT_137,ITC4,inside
IT_138,ITC4,inside
IT_139,ITC4,inside
IT_14,ITC1,inside
IT_140,ITC4,inside
IT_141,ITC4,inside
IT_142,ITC4,inside
IT_143,ITC4,inside
IT_144,ITC1,inside
IT_145,ITC4,inside
IT_146,ITC4,inside
IT_147,ITC4,inside
IT_148,ITC4,inside
IT_149,ITC4,inside
IT_15,ITC1,inside
IT_150,ITC4,inside
IT_151,ITC4,inside
IT_152,ITC4,inside
IT_153,ITC4,inside
IT_154,ITC4,inside
IT_155,ITC4,inside
IT_156,ITC4,inside
IT_157,ITC4,inside
IT_158,ITC4,inside
IT_159,ITC4,inside
IT_16,ITC1,inside
IT_160,ITC4,inside
IT_161,ITC4,inside
IT_162,ITC4,inside
IT_163,ITC4,inside
IT_164,ITC4,inside
IT_165,ITC4,inside
IT_166,ITC4,inside
IT_167,ITC4,inside
IT_168,ITC4,inside
IT_169,ITC4,inside
IT_17,ITC1,inside
IT_170,ITC4,inside
IT_171,ITC4,inside
IT_172,ITC4,inside
IT_173,ITC4,inside
IT_174,ITC4,inside
IT_175,ITC4,inside
IT_176,ITC4,inside
IT_177,ITC4,inside
IT_178,ITC4,inside
IT_179,ITC4,inside
IT_18,ITC1,inside
IT_180,ITC4,inside
IT_181,ITC4,inside
IT_182,ITC4,inside
IT_183,ITC4,inside
IT_184,ITC4,inside
IT_185,ITC4,inside
IT_186,ITC4,inside
IT_187,ITC4,inside
IT_188,ITC4,inside
IT_189,ITC4,inside
IT_19,ITC1,inside
IT_190,ITC4,inside
IT_191,ITC4,inside
IT_192,ITC4,inside
IT_193,ITC4,inside
IT_194,ITC4,inside
IT_195,ITC4,inside
IT_196,ITC4,inside
IT_197,ITC4,inside
IT_198,ITC4,inside
IT_199,ITC4,inside
IT_2,ITC1,inside
IT_20,ITC1,inside
IT_200,ITC4,inside
IT_201,ITC4,inside
IT_201371,ITC4,inside
IT_201420,ITI3,inside
IT_201507,ITH5,inside
IT_201609,ITF3,inside
IT_201666,ITF4,inside
IT_201680,ITI1,inside
IT_201688,ITC4,inside
IT_201759,ITH5,inside
IT_201764,ITH5,inside
IT_201769,ITC4,inside
IT_201775,ITC4,inside
IT_201844,ITC4,inside
IT_201845,ITC4,inside
IT_201846,ITI1,inside
IT_201848,ITH5,inside
IT_201849,ITH5,inside
IT_201859,ITI4,inside
IT_201869,ITI4,inside
IT_201873,ITC4,inside
IT_201893,ITH5,inside
IT_201899,ITC1,inside
IT_201915,ITF2,inside
IT_201923,ITC1,inside
IT_201926,ITH5,inside
IT_201927,ITC4,inside
IT_201931,ITH5,inside
IT_201945,ITH5,inside
IT_201974,ITH5,inside
IT_202,ITC4,inside
IT_202022,ITH5,inside
IT_202023,ITH5,inside
IT_202024,ITH5,inside
IT_202026,ITH5,inside
IT_202031,ITF6,inside
IT_202037,ITH5,inside
IT_202041,ITF6,inside
IT_202046,ITC4,inside
IT_202053,ITH5,inside
IT_202075,ITH5,inside
IT_202078,ITH5,inside
IT_202087,ITG1,inside
IT_202099,ITH3,nearest_5km
IT_202100,ITH3,inside
IT_202103,ITH5,inside
IT_202105,ITC4,inside
IT_202108,ITG2,inside
IT_202109,ITH5,inside
IT_202111,ITC4,inside
IT_202117,ITH3,inside
IT_202133,ITH5,inside
IT_202135,ITH5,inside
IT_202148,ITH3,inside
IT_202160,ITH5,inside
IT_202161,ITH5,inside
IT_202162,ITH5,inside
IT_202198,ITC4,inside
IT_202199,ITF4,inside
IT_202205,ITF3,inside
IT_202209,ITF3,inside
IT_202222,ITC4,inside
IT_202223,ITC4,inside
IT_202234,ITC4,inside
IT_202257,ITH5,inside
IT_202272,ITG1,inside
IT_202277,ITI2,inside
IT_202294,ITH5,inside
IT_202295,ITH5,inside
IT_202296,ITC4,inside
IT_202302,ITC4,inside
IT_202306,ITH5,inside
IT_202312,ITH5,inside
IT_202343,ITI2,inside
IT_202352,ITG2,inside
IT_202374,ITC4,inside
IT_202443,ITH5,inside
IT_202444,ITH5,inside
IT_202445,ITH5,inside
IT_202456,ITH5,inside
IT_202458,ITH5,inside
IT_202459,ITH5,inside
IT_202460,ITH5,inside
IT_202461,ITH5,inside
IT_202462,ITI4,inside
IT_202463,ITH5,inside
IT_202464,ITH5,inside
IT_202500,ITH5,inside
IT_202507,ITH5,inside
IT_202523,ITF1,inside
IT_202535,ITC1,inside
IT_202572,ITC1,inside
IT_202578,ITH5,inside
IT_202593,ITC1,inside
IT_202617,ITH5,inside
IT_202619,ITH5,inside
IT_202655,ITH5,inside
IT_202668,ITH5,inside
IT_202672,ITH5,inside
IT_202673,ITH5,inside
IT_202676,ITH5,inside
IT_202733,ITI1,inside
IT_202836,ITH3,inside
IT_202869,ITC4,inside
IT_202879,ITI1,inside
IT_202895,ITF6,inside
IT_202921,ITI2,inside
IT_202933,ITC3,inside
IT_202935,ITC1,inside
IT_202936,ITC4,inside
IT_202998,ITF4,inside
IT_203,ITC4,inside
IT_203023,ITC4,inside
IT_203040,ITF6,inside
IT_203480,ITI1,inside
IT_203637,ITH5,inside
IT_203638,ITH5,inside
IT_203639,ITH5,inside
IT_203647,ITH3,inside
IT_203785,ITI2,inside
IT_203786,ITI2,inside
IT_203789,ITC4,inside
IT_203797,ITC4,inside
IT_203813,ITC4,inside
IT_203815,ITC4,inside
IT_203816,ITC4,inside
IT_203817,ITH4,inside
IT_203822,ITH4,inside
IT_203843,ITH5,inside
IT_203869,ITC1,inside
IT_203871,ITH5,inside
IT_203872,ITH5,inside
IT_203874,ITC3,inside
IT_203885,ITH5,inside
IT_203918,ITH5,inside
IT_203932,ITC4,inside
IT_203933,ITH5,inside
IT_203934,ITC4,inside
IT_203935,ITC4,inside
IT_203948,ITH3,inside
IT_204,ITC4,inside
IT_204133,ITC4,inside
IT_204134,ITC4,inside
IT_204136,ITC4,inside
IT_204155,ITC4,inside
IT_204202,ITG1,inside
IT_204206,ITI4,inside
IT_204217,ITC4,inside
IT_204296,ITC4,inside
IT_204363,ITC4,inside
IT_204382,ITC4,inside
IT_204441,ITH3,inside
IT_204442,ITC4,inside
IT_204443,ITH3,inside
IT_204447,ITI4,inside
IT_204523,ITC1,inside
IT_204901,ITI1,inside
IT_205,ITC4,inside
IT_205125,ITH5,inside
IT_205126,ITH5,inside
IT_205172,ITC4,inside
IT_205187,ITH3,inside
IT_205228,ITH5,inside
IT_205229,ITH5,inside
IT_205244,ITH5,inside
IT_205245,ITI1,nearest_5km
IT_205262,ITC4,inside
IT_205280,ITC4,inside
IT_205283,ITI4,inside
IT_205302,ITH3,inside
IT_205303,ITH4,inside
IT_205305,ITI1,inside
IT_205309,ITC4,inside
IT_205310,ITH3,inside
IT_205314,ITI2,inside
IT_205315,ITC1,inside
IT_205317,ITH5,inside
IT_205324,ITI4,inside
IT_205325,ITF5,inside
IT_205326,ITC4,inside
IT_205327,ITF5,inside
IT_205328,ITF3,inside
IT_205330,ITI1,inside
IT_205332,ITC4,inside
IT_205333,ITH4,inside
IT_205337,ITF3,inside
IT_205344,ITF1,inside
IT_205349,ITG2,inside
IT_205357,ITI1,inside
IT_205382,ITI1,inside
IT_205389,ITH5,inside
IT_205391,ITC1,inside
IT_205393,ITI1,inside
IT_205395,ITH3,inside
IT_205396,ITH3,inside
IT_205398,ITH3,inside
IT_205399,ITH3,inside
IT_205400,ITH3,inside
IT_205429,ITH5,inside
IT_205481,ITC1,inside
IT_205492,ITH4,inside
IT_205493,ITC4,inside
IT_205494,ITC4,inside
IT_205517,ITH3,inside
IT_205525,ITF3,inside
IT_205527,ITH3,inside
IT_205530,ITI2,inside
IT_205535,ITI3,inside
IT_205541,ITG2,inside
IT_205545,ITI4,inside
IT_205547,ITF2,nearest_5km
IT_205548,ITH5,inside
IT_205565,ITH5,inside
IT_205567,ITG1,inside
IT_205573,ITC4,inside
IT_205583,ITH3,inside
IT_205585,ITH3,inside
IT_205586,ITH5,inside
IT_205587,ITH4,inside
IT_205591,ITC4,inside
IT_205592,ITH4,inside
IT_205601,ITC3,inside
IT_205604,ITH5,inside
IT_205605,ITG2,inside
IT_205606,ITH5,inside
IT_205615,ITC1,inside
IT_205618,ITC4,inside
IT_205624,ITH5,inside
IT_205643,ITF1,inside
IT_205654,ITH5,inside
IT_205655,ITH5,inside
IT_205657,ITH5,inside
IT_205661,ITC4,inside
IT_205777,ITI1,inside
IT_205811,ITH3,inside
IT_205818,ITH3,inside
IT_205823,ITC1,inside
IT_205825,ITC4,inside
IT_205905,ITC1,inside
IT_205908,ITH5,inside
IT_205909,ITH5,inside
IT_205920,ITC4,inside
IT_205941,ITI1,inside
IT_205954,ITH5,inside
IT_205986,ITH5,inside
IT_206,ITH1,inside
IT_206085,ITC1,inside
IT_206086,ITH3,inside
IT_206155,ITH3,inside
IT_206165,ITI1,inside
IT_206171,ITC1,inside
IT_206172,ITC1,inside
IT_206237,ITH5,inside
IT_206238,ITH5,inside
IT_206262,ITH5,inside
IT_206271,ITC4,inside
IT_206285,ITI1,inside
IT_206346,ITH5,inside
IT_206403,ITC1,inside
IT_206662,ITH5,inside
IT_206681,ITH5,inside
IT_206805,ITC4,inside
IT_206826,ITH5,inside
IT_206827,ITF3,inside
IT_206849,ITI1,inside
IT_206855,ITC2,inside
IT_206930,ITC1,inside
IT_206941,ITH5,inside
IT_206944,ITF2,inside
IT_206953,ITH5,inside
IT_206982,ITC1,inside
IT_207,ITH2,inside
IT_207014,ITG2,inside
IT_207182,ITI4,inside
IT_207225,ITG2,inside
IT_207228,ITI1,inside
IT_207229,ITI1,inside
IT_207265,ITF4,inside
IT_207342,ITH3,inside
IT_207403,ITH5,inside
IT_207442,ITH4,inside
IT_207496,ITC4,inside
IT_207550,ITI1,inside
IT_207560,ITG1,inside
IT_207570,ITH5,inside
IT_207572,ITC1,inside
IT_207573,ITC1,inside
IT_207648,ITH3,inside
IT_207692,ITF3,inside
IT_207703,ITH3,inside
IT_207704,ITC1,inside
IT_207746,ITH3,inside
IT_207762,ITI2,inside
IT_207768,ITH3,inside
IT_207769,ITH4,inside
IT_208,ITH2,inside
IT_208382,ITC4,inside
IT_208502,ITC1,inside
IT_208742,ITH2,inside
IT_208744,ITH5,inside
IT_208767,ITI1,inside
IT_208829,ITC1,inside
IT_208943,ITC1,inside
IT_209,ITH2,inside
IT_209324,ITC4,inside
IT_209504,ITC2,inside
IT_209643,ITI3,inside
IT_209663,ITC1,inside
IT_209686,ITC1,inside
IT_209723,ITH3,inside
IT_209746,ITF1,inside
IT_209747,ITH2,inside
IT_209748,ITC4,inside
IT_209802,ITC1,inside
IT_21,ITC1,inside
IT_210,ITH2,inside
IT_210014,ITC4,inside
IT_210098,ITH5,inside
IT_210125,ITC4,inside
IT_210266,ITF3,inside
IT_210370,ITF3,inside
IT_210415,ITC4,inside
IT_210417,ITC4,inside
IT_210418,ITH5,inside
IT_210497,ITH5,inside
IT_210541,ITH5,inside
IT_210544,ITH3,inside
IT_210593,ITF5,inside
IT_210598,ITF4,inside
IT_210667,ITF3,inside
IT_210668,ITI1,inside
IT_210679,ITH5,inside
IT_210840,ITC4,inside
IT_210859,ITC4,inside
IT_210898,ITI4,inside
IT_210938,ITC4,inside
IT_211,ITH2,inside
IT_211218,ITI1,inside
IT_211318,ITC1,inside
IT_211398,ITC1,inside
IT_211439,ITC1,inside
IT_211458,ITC4,inside
IT_211558,ITF3,inside
IT_211699,ITC4,inside
IT_212,ITH2,inside
IT_212320,ITC1,inside
IT_212360,ITF3,inside
IT_212501,ITF4,inside
IT_212523,ITC4,inside
IT_212720,ITF1,inside
IT_213,ITH2,inside
IT_213280,ITH4,inside
IT_214,ITH2,inside
IT_214220,ITG1,inside
IT_214562,ITH5,inside
IT_214861,ITC1,inside
IT_214862,ITF1,inside
IT_214980,ITI1,inside
IT_215,ITH2,inside
IT_215140,ITH5,inside
IT_215360,ITF3,inside
IT_215700,ITC4,inside
IT_215800,ITF3,inside
IT_215960,ITI4,inside
IT_216,ITH2,inside
IT_216000,ITH4,inside
IT_216280,ITH5,inside
IT_216620,ITH2,inside
IT_216780,ITI4,inside
IT_217,ITH2,inside
IT_217200,ITC4,inside
IT_217220,ITH5,inside
IT_217420,ITH4,inside
IT_217542,ITH4,inside
IT_217543,ITF3,inside
IT_217600,ITF1,inside
IT_217601,ITI1,nearest_5km
IT_217620,ITC4,inside
IT_217640,ITH3,inside
IT_217680,ITC4,inside
IT_217681,ITH4,inside
IT_217682,ITF5,inside
IT_218,ITH2,inside
IT_218320,ITI3,inside
IT_218683,ITF2,nearest_5km
IT_218740,ITI1,inside
IT_219,ITH2,inside
IT_219040,ITG1,inside
IT_219300,ITI1,nearest_5km
IT_219761,ITH5,inside
IT_22,ITC1,inside
IT_220,ITH3,inside
IT_220601,ITC4,inside
IT_221,ITH3,inside
IT_221089,ITF1,inside
IT_221345,ITC4,inside
IT_221380,ITC4,inside
IT_221923,ITG1,inside
IT_222,ITH3,inside
IT_222220,ITC4,inside
IT_222512,ITC1,inside
IT_222565,ITI4,inside
IT_222666,ITC1,inside
IT_222689,ITH4,inside
IT_223,ITH3,inside
IT_223082,ITI1,inside
IT_223084,ITI1,inside
IT_223085,ITI1,inside
IT_224,ITH3,inside
IT_224301,ITH5,inside
IT_224324,ITG1,inside
IT_225,ITH3,inside
IT_226,ITH3,inside
IT_226961,ITI1,inside
IT_227,ITH3,inside
IT_227052,ITF6,inside
IT_227284,ITF1,inside
IT_227340,ITF1,inside
IT_228,ITH3,inside
IT_228426,ITH5,inside
IT_228582,ITF3,inside
IT_229,ITH3,inside
IT_229348,ITF4,inside
IT_23,ITC1,inside
IT_230,ITH3,inside
IT_230266,ITG1,inside
IT_230761,ITC4,inside
IT_231,ITH3,inside
IT_231963,ITI3,inside
IT_232,ITH3,inside
IT_232300,ITC4,inside
IT_232720,ITC1,inside
IT_233,ITH3,inside
IT_233281,,inside
IT_234,ITH3,inside
IT_235,ITH3,inside
IT_236,ITH3,inside
IT_237,ITH3,inside
IT_238,ITH3,inside
IT_239,ITH3,inside
IT_24,ITC1,inside
IT_240,ITH3,inside
IT_241,ITH3,inside
IT_242,ITH3,inside
IT_243,ITH3,inside
IT_244,ITH3,inside
IT_245,ITH3,inside
IT_246,ITH3,inside
IT_247,ITH3,inside
IT_248,ITH3,inside
IT_249,ITH3,inside
IT_25,ITC1,inside
IT_250,ITH3,inside
IT_251,ITH3,inside
IT_252,ITH3,inside
IT_253,ITH3,inside
IT_254,ITH3,inside
IT_255,ITH3,inside
IT_256,ITH3,inside
IT_257,ITH3,inside
IT_258,ITH3,inside
IT_259,ITH3,inside
IT_26,ITC1,inside
IT_260,ITH3,inside
IT_261,ITH3,inside
IT_262,ITH3,inside
IT_263,ITH3,inside
IT_264,ITH3,inside
IT_265,ITH3,inside
IT_266,ITH3,inside
IT_267,ITH3,inside
IT_268,ITH3,inside
IT_269,ITH3,inside
IT_27,ITC1,inside
IT_270,ITH3,inside
IT_271,ITH3,inside
IT_272,ITH3,inside
IT_273,ITH3,inside
IT_274,ITH3,inside
IT_275,ITH3,nearest_5km
IT_276,ITH3,inside
IT_277,ITH3,inside
IT_278,ITH3,inside
IT_279,ITH3,inside
IT_28,ITC1,inside
IT_280,ITH3,inside
IT_281,ITH3,inside
IT_282,ITH3,inside
IT_283,ITH3,inside
IT_284,ITH3,inside
IT_285,ITH3,inside
IT_286,ITH3,inside
IT_287,ITH3,inside
IT_288,ITH3,inside
IT_289,ITH3,inside
IT_29,ITC1,inside
IT_290,ITH3,inside
IT_291,ITH3,inside
IT_292,ITH3,inside
IT_293,ITH4,inside
IT_294,ITH4,inside
IT_295,ITH4,inside
IT_296,ITH4,inside
IT_297,ITH4,inside
IT_298,ITH4,inside
IT_299,ITH4,inside
IT_3,ITC1,inside
IT_30,ITC1,inside
IT_300,ITH4,inside
IT_301,ITH4,inside
IT_302,ITH4,inside
IT_303,ITH4,inside
IT_304,ITH4,inside
IT_305,ITH4,inside
IT_306,ITH4,inside
IT_307,ITH5,inside
IT_308,ITH5,inside
IT_309,ITH5,inside
IT_31,ITC1,inside
IT_310,ITH5,inside
IT_311,ITH5,inside
IT_312,ITH5,inside
IT_313,ITH5,inside
IT_314,ITH5,inside
IT_315,ITH5,inside
IT_316,ITH5,inside
IT_317,ITH5,inside
IT_318,ITH5,inside
IT_319,ITH5,inside
IT_32,ITC1,inside
IT_320,ITH5,inside
IT_321,ITH5,inside
IT_322,ITH5,inside
IT_323,ITH5,inside
IT_324,ITH5,inside
IT_325,ITH5,inside
IT_326,ITH5,inside
IT_327,ITH5,inside
IT_328,ITH5,inside
IT_329,ITH5,inside
IT_33,ITC1,inside
IT_330,ITH5,inside
IT_331,ITH5,inside
IT_332,ITH5,inside
IT_333,ITH5,inside
IT_334,ITH5,inside
IT_335,ITH5,inside
IT_336,ITH5,inside
IT_337,ITH5,inside
IT_338,ITH5,inside
IT_339,ITH5,inside
IT_34,ITC1,inside
IT_340,ITH5,inside
IT_341,ITH5,inside
IT_342,ITH5,inside
IT_343,ITH5,inside
IT_344,ITH5,inside
IT_345,ITH5,inside
IT_346,ITH5,inside
IT_347,ITH5,inside
IT_348,ITH5,inside
IT_349,ITH5,inside
IT_35,ITC1,inside
IT_350,ITH5,inside
IT_351,ITH5,inside
IT_352,ITH5,inside
IT_353,ITH5,inside
IT_354,ITH5,inside
IT_355,ITH5,inside
IT_356,ITH5,inside
IT_357,ITH5,inside
IT_358,ITH5,inside
IT_359,ITH5,inside
IT_36,ITC1,inside
IT_360,ITI3,inside
IT_361,ITI3,inside
IT_362,ITI3,inside
IT_363,ITI3,inside
IT_364,ITI3,inside
IT_365,ITI3,inside
IT_366,ITI3,inside
IT_367,ITI1,inside
IT_368,ITI1,inside
IT_369,ITI1,inside
IT_37,ITG1,inside
IT_370,ITI1,inside
IT_371,ITI1,inside
IT_372,ITI1,inside
IT_373,ITI1,inside
IT_374,ITI1,inside
IT_375,ITI1,inside
IT_376,ITI1,inside
IT_377,ITI1,inside
IT_378,ITI1,inside
IT_379,ITI1,inside
IT_38,ITC1,inside
IT_380,ITI1,inside
IT_381,ITI1,inside
IT_382,ITI1,inside
IT_383,ITI1,inside
IT_384,ITI1,inside
IT_385,ITI1,inside
IT_386,ITI1,inside
IT_387,ITI1,inside
IT_388,ITI1,inside
IT_389,ITI1,inside
IT_39,ITC1,inside
IT_390,ITI1,inside
IT_391,ITI1,inside
IT_392,ITI1,inside
IT_393,ITI1,inside
IT_394,ITI1,inside
IT_395,ITI1,inside
IT_396,ITI1,inside
IT_397,ITI1,inside
IT_398,ITI1,inside
IT_399,ITI1,inside
IT_4,ITC1,inside
IT_40,ITC1,inside
IT_400,ITI1,inside
IT_401,ITI1,inside
IT_402,ITI1,inside
IT_403,ITI1,inside
IT_404,ITI1,inside
IT_405,ITI1,inside
IT_406,ITI1,nearest_5km
IT_407,ITI1,nearest_5km
IT_408,ITI1,nearest_5km
IT_409,ITI1,nearest_5km
IT_41,ITC1,inside
IT_410,ITI1,inside
IT_411,ITI1,inside
IT_412,ITI1,inside
IT_413,ITI1,inside
IT_414,ITI1,inside
IT_415,ITI1,inside
IT_416,ITI1,inside
IT_417,ITI1,inside
IT_418,ITI1,inside
IT_419,ITI1,inside
IT_42,ITC1,inside
IT_420,ITI1,inside
IT_421,ITI1,inside
IT_422,ITI1,inside
IT_423,ITI2,inside
IT_424,ITI2,inside
IT_425,ITI2,inside
IT_426,ITI2,inside
IT_427,ITI2,inside
IT_428,ITI2,inside
IT_429,ITI2,inside
IT_43,ITC1,inside
IT_430,ITI2,inside
IT_431,ITI2,inside
IT_432,ITI2,inside
IT_433,ITI2,inside
IT_434,ITI2,inside
IT_435,ITI2,inside
IT_436,ITI4,inside
IT_437,ITI4,inside
IT_438,ITI4,inside
IT_439,ITI4,inside
IT_44,ITC1,inside
IT_440,ITI4,inside
IT_441,ITI4,inside
IT_442,ITI4,inside
IT_443,ITI4,inside
IT_444,ITI4,inside
IT_445,ITI4,inside
IT_446,ITI4,inside
IT_447,ITI4,inside
IT_448,ITI4,inside
IT_449,ITI4,inside
IT_45,ITC1,inside
IT_450,ITI4,inside
IT_451,ITI4,inside
IT_452,ITI4,inside
IT_453,ITI4,inside
IT_454,ITI4,inside
IT_455,ITI4,inside
IT_456,ITI4,inside
IT_457,ITI4,inside
IT_458,ITI4,inside
IT_459,ITF3,inside
IT_46,ITC1,inside
IT_460,ITF3,inside
IT_461,ITF3,inside
IT_462,ITF3,inside
IT_463,ITF3,inside
IT_464,ITF3,inside
IT_465,ITF3,inside
IT_466,ITF3,inside
IT_467,ITF3,inside
IT_468,ITF3,inside
IT_469,ITF3,inside
IT_47,ITC1,inside
IT_470,ITF3,inside
IT_471,ITF3,inside
IT_472,ITF3,inside
IT_473,ITF3,inside
IT_474,ITF3,inside
IT_475,ITF3,inside
IT_476,ITF3,inside
IT_477,ITF3,inside
IT_478,ITF1,inside
IT_479,ITF1,inside
IT_48,ITC1,inside
IT_480,ITF1,inside
IT_481,ITF1,inside
IT_482,ITF1,inside
IT_483,ITF1,inside
IT_484,ITF1,inside
IT_485,ITF1,inside
IT_486,ITF1,inside
IT_487,ITF1,inside
IT_488,ITF1,inside
IT_489,ITF1,inside
IT_49,ITC1,inside
IT_490,ITF1,inside
IT_491,ITF1,inside
IT_492,ITF1,inside
IT_493,ITF1,inside
IT_494,ITF2,inside
IT_495,ITF2,inside
IT_496,ITF2,inside
IT_497,ITF2,inside
IT_498,ITF2,inside
IT_499,ITF2,inside
IT_5,ITC1,inside
IT_50,ITC1,inside
IT_500,ITF4,inside
IT_501,ITF4,inside
IT_502,ITF4,inside
IT_503,ITF4,inside
IT_504,ITF4,inside
IT_505,ITF4,inside
IT_506,ITF4,inside
IT_507,ITF4,inside
IT_508,ITF4,nearest_5km
IT_509,ITF4,inside
IT_51,ITC1,inside
IT_510,ITF4,inside
IT_511,ITF4,inside
IT_512,ITF6,inside
IT_513,ITF4,inside
IT_514,ITF4,inside
IT_515,ITF4,inside
IT_516,ITF4,inside
IT_517,ITF4,inside
IT_518,ITF4,inside
IT_519,ITF4,inside
IT_52,ITC1,inside
IT_520,ITF4,inside
IT_521,ITF4,inside
IT_522,ITF4,inside
IT_523,ITF5,inside
IT_524,ITF5,inside
IT_525,ITF5,inside
IT_526,ITF5,inside
IT_527,ITF6,inside
IT_528,ITF6,inside
IT_529,ITF6,inside
IT_53,ITC1,inside
IT_530,ITF6,inside
IT_531,ITF6,inside
IT_532,ITG1,inside
IT_533,ITG1,inside
IT_534,ITG1,nearest_5km
IT_535,ITG1,inside
IT_536,ITG1,nearest_5km
IT_537,ITG1,inside
IT_538,ITG1,inside
IT_539,ITG1,inside
IT_54,ITC1,inside
IT_540,ITG1,inside
IT_541,ITG1,inside
IT_542,ITG1,inside
IT_543,ITG1,inside
IT_544,ITG1,inside
IT_545,ITG1,inside
IT_546,ITG1,inside
IT_547,ITG1,inside
IT_548,ITG1,inside
IT_549,ITG1,inside
IT_55,ITC1,inside
IT_550,ITG1,inside
IT_551,ITG1,inside
IT_552,ITG1,inside
IT_553,ITG1,inside
IT_554,ITG1,inside
IT_555,ITG1,nearest_5km
IT_556,ITG1,nearest_5km
IT_557,ITG1,inside
IT_558,ITG1,inside
IT_559,ITG1,inside
IT_56,ITC1,inside
IT_560,ITG1,inside
IT_561,ITG1,inside
IT_562,ITG1,inside
IT_563,ITG1,inside
IT_564,ITG1,inside
IT_565,ITG2,inside
IT_566,ITG2,inside
IT_567,ITG2,inside
IT_568,ITF4,inside
IT_569,ITG2,inside
IT_57,ITC1,inside
IT_570,ITG2,inside
IT_571,ITG2,inside
IT_572,ITG2,nearest_5km
IT_573,ITG2,inside
IT_574,ITG2,inside
IT_575,ITG2,inside
IT_576,ITH4,inside
IT_577,ITH4,inside
IT_578,ITH4,inside
IT_579,ITH4,inside
IT_58,ITC1,inside
IT_580,ITH4,inside
IT_581,ITH4,inside
IT_582,ITF2,inside
IT_583,ITF2,inside
IT_584,ITC1,inside
IT_585,ITC1,inside
IT_586,ITC4,inside
IT_587,ITH5,inside
IT_588,ITH5,inside
IT_589,ITH5,inside
IT_59,ITC1,inside
IT_590,ITF6,inside
IT_591,ITF6,inside
IT_592,ITF6,inside
IT_593,ITF6,inside
IT_594,ITF6,inside
IT_595,ITC1,inside
IT_596,ITC1,inside
IT_597,ITC1,inside
IT_598,ITI1,inside
IT_599,ITI1,inside
IT_6,ITC1,inside
IT_60,ITC1,inside
IT_600,ITI1,inside
IT_601,ITC1,inside
IT_602,ITI1,inside
IT_603,ITC4,inside
IT_604,ITI1,inside
IT_605,ITC4,inside
IT_606,ITH2,inside
IT_607,ITF3,inside
IT_608,ITH5,inside
IT_609,ITI1,inside
IT_61,ITC1,inside
IT_610,ITC1,inside
IT_611,ITC1,inside
IT_612,ITF3,inside
IT_613,ITH4,inside
IT_614,ITC1,inside
IT_615,ITH5,inside
IT_616,ITC4,inside
IT_617,ITC1,inside
IT_618,ITF1,inside
IT_619,ITC3,inside
IT_62,ITC1,inside
IT_620,ITF5,inside
IT_621,ITI3,inside
IT_622,ITH5,inside
IT_623,ITH5,inside
IT_624,ITF1,inside
IT_625,ITC1,inside
IT_626,ITI3,inside
IT_627,ITI3,inside
IT_628,ITH5,inside
IT_629,ITH5,inside
IT_63,ITC1,inside
IT_630,ITF6,inside
IT_631,ITC1,inside
IT_632,ITH2,inside
IT_633,ITC4,inside
IT_634,ITC1,inside
IT_635,ITC3,inside
IT_636,ITH3,inside
IT_637,ITC1,inside
IT_638,ITC4,inside
IT_639,ITI4,inside
IT_64,ITC1,inside
IT_640,ITC4,inside
IT_641,ITH3,inside
IT_642,ITC1,inside
IT_643,ITI1,inside
IT_644,ITC4,inside
IT_645,ITF5,inside
IT_646,ITC4,inside
IT_647,ITH5,inside
IT_648,ITI1,inside
IT_649,ITG2,inside
IT_65,ITC1,inside
IT_650,ITC1,inside
IT_651,ITI1,inside
IT_652,ITH5,inside
IT_653,ITI3,inside
IT_654,ITC4,inside
IT_655,ITI4,inside
IT_656,ITI4,inside
IT_657,ITC4,inside
IT_658,ITI3,inside
IT_659,ITH3,inside
IT_66,ITC1,inside
IT_660,ITI1,inside
IT_661,ITI1,inside
IT_662,ITH5,inside
IT_663,ITH5,inside
IT_664,ITC4,inside
IT_665,ITH3,inside
IT_666,ITF3,inside
IT_667,ITC1,inside
IT_668,ITH5,inside
IT_669,ITC4,inside
IT_67,ITC1,inside
IT_670,ITC4,inside
IT_671,ITI4,inside
IT_672,ITC4,inside
IT_673,ITH5,inside
IT_674,ITH1,inside
IT_675,ITF4,inside
IT_676,ITC4,inside
IT_677,ITC4,inside
IT_678,ITH5,inside
IT_679,ITH5,inside
IT_68,ITC1,inside
IT_680,ITC1,inside
IT_681,ITG2,inside
IT_682,ITI4,inside
IT_683,ITC4,inside
IT_684,ITI1,inside
IT_685,ITF3,inside
IT_686,ITH3,inside
IT_687,ITC4,inside
IT_688,ITH3,inside
IT_689,ITH5,inside
IT_69,ITC1,inside
IT_690,ITH5,inside
IT_691,ITH5,inside
IT_692,ITI4,inside
IT_693,ITC1,inside
IT_694,ITI1,inside
IT_695,ITI1,inside
IT_696,ITC4,inside
IT_697,ITI3,inside
IT_698,ITI1,inside
IT_699,ITC3,inside
IT_7,ITC1,inside
IT_70,ITC1,inside
IT_700,ITC4,inside
IT_701,ITC1,inside
IT_702,ITH4,inside
IT_703,ITH5,inside
IT_704,ITI4,inside
IT_705,ITC4,inside
IT_706,ITC4,inside
IT_707,ITC4,inside
IT_708,ITC4,inside
IT_709,ITC4,inside
IT_71,ITC1,inside
IT_710,ITC4,inside
IT_711,ITH5,inside
IT_712,ITI4,inside
IT_713,ITI1,inside
IT_714,ITG1,inside
IT_715,ITF2,inside
IT_716,ITG1,inside
IT_717,ITH5,inside
IT_718,ITI3,inside
IT_719,ITC1,inside
IT_72,ITC1,inside
IT_720,ITC4,inside
IT_721,ITC1,inside
IT_722,ITH5,inside
IT_723,ITC4,inside
IT_724,ITH5,inside
IT_725,ITC4,inside
IT_726,ITC4,inside
IT_727,ITF5,inside
IT_728,ITH3,inside
IT_729,ITC2,inside
IT_73,ITC2,inside
IT_730,ITC4,inside
IT_731,ITF4,inside
IT_732,ITC1,inside
IT_733,ITC1,inside
IT_734,ITC4,inside
IT_735,ITH3,inside
IT_736,ITH5,inside
IT_737,ITI1,inside
IT_738,ITC4,inside
IT_739,ITF1,inside
IT_74,ITC3,inside
IT_740,ITF4,inside
IT_741,ITF4,inside
IT_742,ITC4,inside
IT_743,ITC4,inside
IT_744,ITH5,inside
IT_745,ITH5,inside
IT_746,ITF3,inside
IT_747,ITF3,inside
IT_748,ITC4,inside
IT_749,ITC4,inside
IT_75,ITC3,inside
IT_750,ITH3,inside
IT_751,ITH5,inside
IT_752,ITI1,inside
IT_753,ITI1,inside
IT_754,ITH5,inside
IT_755,ITF1,inside
IT_756,ITC4,inside
IT_757,ITH5,inside
IT_758,ITC4,inside
IT_759,ITG1,inside
IT_76,ITC3,inside
IT_760,ITI1,inside
IT_761,ITI1,inside
IT_762,ITH5,inside
IT_763,ITF2,inside
IT_764,ITG1,inside
IT_765,ITI1,inside
IT_766,ITI4,inside
IT_767,ITC1,inside
IT_768,ITC4,inside
IT_769,ITF3,inside
IT_77,ITC3,inside
IT_770,ITC4,inside
IT_771,ITI1,inside
IT_772,ITI4,inside
IT_773,ITI4,inside
IT_774,ITI4,inside
IT_775,ITH5,inside
IT_776,ITH5,inside
IT_777,ITH5,inside
IT_778,ITH3,inside
IT_779,ITH4,inside
IT_78,ITC3,inside
IT_780,ITH3,inside
IT_781,ITH2,inside
IT_782,ITH3,inside
IT_783,ITC4,inside
IT_784,ITC4,inside
IT_785,ITC4,inside
IT_786,ITC4,inside
IT_787,ITC4,inside
IT_788,ITC4,inside
IT_789,ITH3,inside
IT_79,ITC3,inside
IT_790,ITC4,inside
IT_791,ITF4,inside
IT_792,ITC4,inside
IT_793,ITF1,inside
IT_794,ITI1,inside
IT_795,ITH5,inside
IT_796,ITI2,inside
IT_797,ITI1,inside
IT_798,ITC4,inside
IT_799,ITF4,inside
IT_8,ITC1,inside
IT_80,ITH5,inside
IT_800,ITI2,inside
IT_801,ITC4,inside
IT_802,ITF4,inside
IT_803,ITH3,inside
IT_804,ITI1,inside
IT_805,ITC4,inside
IT_806,ITC4,inside
IT_807,ITI4,inside
IT_808,ITF3,inside
IT_809,ITF3,inside
IT_81,ITC3,inside
IT_810,ITC1,inside
IT_811,ITH5,inside
IT_812,ITI2,inside
IT_813,ITH5,inside
IT_814,ITC4,inside
IT_815,ITF4,inside
IT_816,ITF3,inside
IT_817,ITF4,inside
IT_818,ITI2,inside
IT_819,ITF3,inside
IT_82,ITC3,inside
IT_820,ITF3,inside
IT_821,ITH5,inside
IT_822,ITH5,inside
IT_823,ITC3,inside
IT_824,ITI1,inside
IT_825,ITH4,inside
IT_826,ITC3,inside
IT_827,ITC4,inside
IT_828,ITF3,inside
IT_829,ITI1,inside
IT_83,ITC3,inside
IT_830,ITC3,inside
IT_831,ITC1,inside
IT_832,ITF5,inside
IT_833,ITI4,inside
IT_834,ITI4,inside
IT_835,ITI4,inside
IT_836,ITG1,inside
IT_837,ITC1,inside
IT_838,ITH3,inside
IT_839,ITF1,inside
IT_84,ITC3,inside
IT_840,ITI4,inside
IT_841,ITC4,inside
IT_842,ITC4,inside
IT_843,ITH3,inside
IT_844,ITH4,inside
IT_845,ITH5,inside
IT_846,ITI3,inside
IT_847,ITI3,inside
IT_848,ITF5,inside
IT_849,ITI1,inside
IT_85,ITC3,inside
IT_850,ITF3,inside
IT_851,ITC1,inside
IT_852,ITH3,inside
IT_853,ITC4,inside
IT_854,ITC4,inside
IT_855,ITF3,inside
IT_856,ITH3,inside
IT_857,ITI1,inside
IT_858,ITF4,inside
IT_859,ITH3,inside
IT_86,ITC3,inside
IT_860,ITH3,inside
IT_861,ITH1,inside
IT_862,ITF3,inside
IT_863,ITF3,inside
IT_864,ITC4,inside
IT_865,ITH5,inside
IT_866,ITF1,inside
IT_867,ITC4,inside
IT_868,ITH5,inside
IT_869,ITG1,inside
IT_87,ITC3,inside
IT_870,ITC1,inside
IT_871,ITI1,inside
IT_872,ITF4,inside
IT_873,ITH4,inside
IT_874,ITC4,inside
IT_875,ITF3,inside
IT_876,ITG2,inside
IT_877,ITH5,inside
IT_878,ITC1,inside
IT_879,ITC1,inside
IT_88,ITC3,inside
IT_880,ITH5,inside
IT_881,ITF3,inside
IT_882,ITH4,inside
IT_883,ITH4,inside
IT_884,ITC4,inside
IT_885,ITI1,inside
IT_886,ITI1,inside
IT_887,ITC4,inside
IT_888,ITC3,inside
IT_889,ITF1,inside
IT_89,ITC3,nearest_5km
IT_890,ITI1,inside
IT_891,ITG2,inside
IT_892,ITH5,inside
IT_893,ITG2,inside
IT_894,ITF6,inside
IT_895,ITI1,inside
IT_896,ITG1,inside
IT_897,ITC4,inside
IT_898,ITC1,inside
IT_899,ITH3,inside
IT_9,ITC1,inside
IT_90,ITC4,inside
IT_900,ITH3,inside
IT_901,ITC1,inside
IT_902,ITH2,inside
IT_903,ITF3,inside
IT_904,ITI3,inside
IT_905,ITI4,inside
IT_906,ITC4,inside
IT_907,ITC4,inside
IT_908,ITC4,inside
IT_909,ITC4,inside
IT_91,ITC4,inside
IT_910,ITC4,inside
IT_911,ITC4,inside
IT_912,ITH5,inside
IT_913,ITC1,inside
IT_914,ITI4,inside
IT_915,ITC4,inside
IT_916,ITI4,inside
IT_917,ITH5,inside
IT_918,ITH5,inside
IT_919,ITG2,inside
IT_92,ITC4,inside
IT_920,ITC4,inside
IT_921,ITC4,inside
IT_922,ITC4,inside
IT_923,ITC1,inside
IT_924,ITC4,inside
IT_925,ITC1,inside
IT_926,ITC1,inside
IT_927,ITI1,inside
IT_928,ITI1,inside
IT_929,ITG2,inside
IT_93,ITC4,inside
IT_930,ITH5,inside
IT_931,ITC3,inside
IT_932,ITH5,inside
IT_933,ITH3,inside
IT_934,ITI4,inside
IT_935,ITI3,inside
IT_936,ITH5,inside
IT_937,ITG1,inside
IT_938,ITF2,inside
IT_939,ITH5,inside
IT_94,ITC4,inside
IT_940,ITH1,inside
IT_941,ITH3,inside
IT_942,ITF4,nearest_5km
IT_943,ITH5,inside
IT_944,ITI1,inside
IT_945,ITC4,inside
IT_946,ITH5,inside
IT_947,ITC4,inside
IT_948,ITC4,inside
IT_949,ITH4,inside
IT_95,ITC4,inside
IT_950,ITC4,inside
IT_952,ITF6,inside
IT_953,ITC1,inside
IT_954,ITH2,inside
IT_955,ITF6,inside
IT_956,ITF4,inside
IT_957,ITC4,inside
IT_958,ITH3,inside
IT_959,ITC4,inside
IT_96,ITC4,inside
IT_960,ITI1,inside
IT_961,ITI1,inside
IT_962,ITC4,inside
IT_963,ITI1,inside
IT_964,ITH3,inside
IT_965,ITF3,inside
IT_966,ITC4,inside
IT_967,ITC1,inside
IT_968,ITF4,inside
IT_969,ITH5,inside
IT_97,ITC4,inside
IT_970,ITH5,inside
IT_971,ITH5,inside
IT_972,ITH3,inside
IT_973,ITH5,inside
IT_974,ITC4,inside
IT_975,ITF1,inside
IT_976,ITC4,inside
IT_977,ITI1,inside
IT_978,ITH5,inside
IT_979,ITH5,inside
IT_98,ITC4,inside
IT_980,ITF4,inside
IT_981,ITH5,inside
IT_982,ITH5,inside
IT_983,ITC4,inside
IT_984,ITC4,inside
IT_985,ITF2,inside
IT_986,ITH4,inside
IT_987,ITG1,inside
IT_988,ITG1,nearest_5km
IT_989,ITF1,inside
IT_99,ITC4,inside
IT_990,ITI4,inside
IT_991,ITC1,inside
IT_992,ITF6,inside
IT_993,ITH2,inside
IT_994,ITF4,inside
IT_995,ITI1,inside
IT_996,ITI1,inside
IT_997,ITC1,inside
IT_998,ITF3,inside
IT_999,ITF3,inside
LI_1,LI00,inside
LI_2,LI00,inside
LT_1,LT02,inside
LT_10,LT02,inside
LT_100,LT02,inside
LT_101,LT02,inside
LT_102,LT02,inside
LT_103,LT02,inside
LT_104,LT01,inside
LT_105,LT02,inside
LT_106,LT02,inside
LT_107,LT01,inside
LT_108,LT01,inside
LT_109,LT01,inside
LT_11,LT02,inside
LT_110,LT01,inside
LT_111,LT02,inside
LT_112,LT02,inside
LT_113,LT02,inside
LT_114,LT02,inside
LT_115,LT02,inside
LT_12,LT02,inside
LT_13,LT02,inside
LT_14,LT02,inside
LT_15,LT02,inside
LT_16,LT01,inside
LT_17,LT02,inside
LT_18,LT02,inside
LT_19,LT02,inside
LT_2,LT02,inside
LT_20,LT02,inside
LT_205529,LT02,inside
LT_206274,LT02,inside
LT_206910,LT01,inside
LT_206978,LT02,inside
LT_209078,LT02,inside
LT_21,LT02,inside
LT_210042,LT02,inside
LT_211238,LT01,inside
LT_212661,LT02,inside
LT_213220,LT02,inside
LT_22,LT02,inside
LT_23,LT02,inside
LT_24,LT02,inside
LT_25,LT02,inside
LT_26,LT02,inside
LT_27,LT02,inside
LT_28,LT02,inside
LT_29,LT02,inside
LT_3,LT01,inside
LT_30,LT02,inside
LT_31,LT02,inside
LT_32,LT02,inside
LT_33,LT02,inside
LT_34,LT01,inside
LT_35,LT02,inside
LT_36,LT02,inside
LT_37,LT02,inside
LT_38,LT02,inside
LT_39,LT02,inside
LT_4,LT02,inside
LT_40,LT01,inside
LT_41,LT01,inside
LT_42,LT02,inside
LT_43,LT02,inside
LT_44,LT01,inside
LT_45,LT01,inside
LT_46,LT01,inside
LT_47,LT01,inside
LT_48,LT01,inside
LT_49,LT01,inside
LT_5,LT01,inside
LT_50,LT02,inside
LT_51,LT02,inside
LT_52,LT02,inside
LT_53,LT02,inside
LT_54,LT02,inside
LT_55,LT02,inside
LT_56,LT02,inside
LT_57,LT02,inside
LT_58,LT02,inside
LT_59,LT02,inside
LT_6,LT02,inside
LT_60,LT01,inside
LT_61,LT02,inside
LT_62,LT02,inside
LT_63,LT02,inside
LT_64,LT02,inside
LT_65,LT02,inside
LT_66,LT02,inside
LT_67,LT02,inside
LT_68,LT02,inside
LT_69,LT02,inside
LT_7,LT02,inside
LT_70,LT02,inside
LT_71,LT02,inside
LT_72,LT02,inside
LT_73,LT02,inside
LT_74,LT02,inside
LT_75,LT02,inside
LT_76,LT02,inside
LT_77,LT02,inside
LT_78,LT02,inside
LT_79,LT02,inside
LT_8,LT01,inside
LT_80,LT02,inside
LT_81,LT02,inside
LT_82,LT02,inside
LT_83,LT02,inside
LT_84,LT02,inside
LT_85,LT02,inside
LT_86,LT02,inside
LT_87,LT01,inside
LT_88,LT02,inside
LT_89,LT02,inside
LT_9,LT02,inside
LT_90,LT02,inside
LT_91,LT02,inside
LT_92,LT02,inside
LT_93,LT02,inside
LT_94,LT01,inside
LT_95,LT02,inside
LT_96,LT02,inside
LT_97,LT02,inside
LT_98,LT02,inside
LT_99,LT01,inside
LU_1,LU00,inside
LU_10,LU00,inside
LU_11,LU00,inside
LU_12,LU00,inside
LU_13,LU00,inside
LU_14,LU00,inside
LU_15,LU00,inside
LU_2,LU00,inside
LU_205662,LU00,inside
LU_205707,LU00,inside
LU_205710,LU00,inside
LU_205712,LU00,inside
LU_205713,LU00,inside
LU_205992,LU00,inside
LU_205996,LU00,inside
LU_206912,LU00,inside
LU_207067,LU00,inside
LU_210122,LU00,inside
LU_210137,LU00,inside
LU_210690,LU00,inside
LU_3,LU00,inside
LU_4,LU00,inside
LU_5,LU00,inside
LU_6,LU00,inside
LU_7,LU00,inside
LU_8,LU00,inside
LU_9,LU00,inside
LV_1,LV00,inside
LV_10,LV00,inside
LV_100,LV00,inside
LV_101,LV00,inside
LV_102,LV00,inside
LV_103,LV00,inside
LV_104,LV00,inside
LV_105,LV00,inside
LV_106,LV00,inside
LV_107,LV00,inside
LV_108,LV00,inside
LV_109,LV00,inside
LV_11,LV00,inside
LV_110,LV00,inside
LV_111,LV00,inside
LV_112,LV00,inside
LV_113,LV00,inside
LV_114,LV00,inside
LV_12,LV00,inside
LV_13,LV00,inside
LV_14,LV00,inside
LV_15,LV00,inside
LV_16,LV00,inside
LV_17,LV00,inside
LV_18,LV00,inside
LV_19,LV00,inside
LV_2,LV00,inside
LV_20,LV00,inside
LV_204013,LV00,inside
LV_206234,LV00,inside
LV_206239,LV00,inside
LV_21,LV00,inside
LV_210002,LV00,inside
LV_210127,LV00,inside
LV_22,LV00,inside
LV_23,LV00,inside
LV_24,LV00,inside
LV_25,LV00,inside
LV_26,LV00,inside
LV_27,LV00,inside
LV_28,LV00,inside
LV_29,LV00,inside
LV_3,LV00,inside
LV_30,LV00,inside
LV_31,LV00,inside
LV_32,LV00,inside
LV_33,LV00,inside
LV_34,LV00,inside
LV_35,LV00,inside
LV_36,LV00,inside
LV_37,LV00,inside
LV_38,LV00,inside
LV_39,LV00,inside
LV_4,LV00,inside
LV_40,LV00,inside
LV_41,LV00,inside
LV_42,LV00,inside
LV_43,LV00,inside
LV_44,LV00,inside
LV_45,LV00,inside
LV_46,LV00,inside
LV_47,LV00,inside
LV_48,LV00,inside
LV_49,LV00,inside
LV_5,LV00,inside
LV_50,LV00,inside
LV_51,LV00,inside
LV_52,LV00,inside
LV_53,LV00,inside
LV_54,LV00,inside
LV_55,LV00,inside
LV_56,LV00,inside
LV_57,LV00,inside
LV_58,LV00,inside
LV_59,LV00,inside
LV_6,LV00,inside
LV_60,LV00,inside
LV_61,LV00,inside
LV_62,LV00,inside
LV_63,LV00,inside
LV_64,LV00,inside
LV_65,LV00,inside
LV_66,LV00,inside
LV_67,LV00,inside
LV_68,LV00,inside
LV_69,LV00,inside
LV_7,LV00,inside
LV_70,LV00,inside
LV_71,LV00,inside
LV_72,LV00,inside
LV_73,LV00,inside
LV_74,LV00,inside
LV_75,LV00,inside
LV_76,LV00,inside
LV_77,LV00,inside
LV_78,LV00,inside
LV_79,LV00,inside
LV_8,LV00,inside
LV_80,LV00,inside
LV_82,LV00,inside
LV_83,LV00,inside
LV_85,LV00,inside
LV_86,LV00,inside
LV_87,LV00,inside
LV_88,LV00,inside
LV_89,LV00,inside
LV_9,LV00,inside
LV_90,LV00,inside
LV_91,LV00,inside
LV_92,LV00,inside
LV_93,LV00,inside
LV_94,LV00,inside
LV_95,LV00,inside
LV_96,LV00,inside
LV_97,LV00,inside
LV_98,LV00,inside
LV_99,LV00,inside
MT_209863,MT00,inside
MT_210092,MT00,nearest_5km
MT_210138,MT00,inside
MT_210346,MT00,nearest_5km
MT_210348,MT00,inside
MT_220000000000001,MT00,inside
MT_220000000000002,MT00,nearest_5km
NL_1,NL32,inside
NL_10,NL32,inside
NL_100,NL34,inside
NL_101,NL36,inside
NL_102,NL12,nearest_5km
NL_103,NL36,inside
NL_104,NL36,inside
NL_105,NL36,inside
NL_106,NL21,inside
NL_107,NL42,inside
NL_108,NL32,inside
NL_109,NL36,inside
NL_11,NL36,inside
NL_110,NL36,inside
NL_111,NL36,inside
NL_112,NL34,inside
NL_113,NL36,inside
NL_114,NL41,inside
NL_115,NL42,inside
NL_116,NL36,inside
NL_117,NL11,inside
NL_118,NL11,inside
NL_119,NL41,inside
NL_12,NL13,inside
NL_120,NL36,inside
NL_121,NL36,inside
NL_122,NL36,inside
NL_123,NL36,inside
NL_124,NL36,inside
NL_125,NL22,inside
NL_126,NL32,inside
NL_127,NL41,inside
NL_128,NL34,inside
NL_129,NL11,inside
NL_13,NL13,inside
NL_130,NL13,inside
NL_131,NL22,inside
NL_132,NL42,inside
NL_133,NL36,inside
NL_134,NL22,inside
NL_135,NL41,inside
NL_136,NL11,inside
NL_137,NL41,inside
NL_138,NL41,inside
NL_139,NL42,inside
NL_14,NL13,inside
NL_140,NL22,inside
NL_141,NL22,inside
NL_142,NL32,inside
NL_143,NL42,inside
NL_144,NL32,inside
NL_145,NL36,inside
NL_146,NL42,inside
NL_147,NL11,inside
NL_148,NL34,inside
NL_149,NL41,inside
NL_15,NL32,inside
NL_150,NL34,nearest_5km
NL_151,NL12,inside
NL_152,NL22,inside
NL_153,NL21,inside
NL_154,NL11,nearest_5km
NL_155,NL23,inside
NL_156,NL23,inside
NL_157,NL23,inside
NL_158,NL36,inside
NL_159,NL36,inside
NL_16,NL11,inside
NL_160,NL36,inside
NL_161,NL36,inside
NL_162,NL36,inside
NL_163,NL36,inside
NL_164,NL34,nearest_5km
NL_165,NL41,inside
NL_166,NL21,inside
NL_167,NL13,inside
NL_168,NL41,inside
NL_169,NL41,inside
NL_17,NL36,inside
NL_170,NL13,inside
NL_171,NL41,inside
NL_172,NL41,inside
NL_173,NL42,inside
NL_174,NL41,inside
NL_175,NL42,inside
NL_176,NL41,inside
NL_177,NL41,inside
NL_178,NL21,inside
NL_179,NL41,inside
NL_18,NL36,inside
NL_180,NL22,inside
NL_181,NL42,inside
NL_182,NL22,inside
NL_183,NL32,inside
NL_184,NL32,inside
NL_185,NL32,inside
NL_186,NL32,inside
NL_187,NL35,inside
NL_188,NL32,inside
NL_189,NL36,inside
NL_19,NL36,inside
NL_190,NL22,inside
NL_191,NL13,inside
NL_192,NL34,inside
NL_193,NL41,inside
NL_194,NL41,inside
NL_195,NL41,inside
NL_196,NL11,inside
NL_197,NL36,inside
NL_198,NL36,inside
NL_199,NL36,inside
NL_2,NL36,inside
NL_20,NL36,inside
NL_200,NL36,inside
NL_201,NL36,inside
NL_202,NL35,inside
NL_203,NL11,inside
NL_203009,NL36,inside
NL_203196,NL36,inside
NL_203197,NL21,inside
NL_203198,NL35,inside
NL_203199,NL22,inside
NL_203202,NL11,nearest_5km
NL_203203,NL13,inside
NL_203205,NL41,inside
NL_203210,NL32,inside
NL_203211,NL42,inside
NL_203212,NL36,inside
NL_203650,NL42,inside
NL_203655,NL23,inside
NL_203740,NL12,inside
NL_203742,NL32,inside
NL_203764,NL21,inside
NL_203791,NL41,inside
NL_203796,NL34,inside
NL_203819,NL11,inside
NL_203824,NL13,inside
NL_203827,NL22,inside
NL_203828,NL36,inside
NL_203854,NL22,inside
NL_203855,NL36,inside
NL_203856,NL36,inside
NL_203857,NL36,inside
NL_203877,NL42,inside
NL_203881,NL36,inside
NL_203938,NL41,inside
NL_203939,NL22,inside
NL_203943,NL11,inside
NL_203946,NL22,inside
NL_203949,NL42,inside
NL_203953,NL36,inside
NL_203975,NL35,inside
NL_203976,NL41,inside
NL_203992,NL21,inside
NL_203993,NL35,inside
NL_203994,NL32,inside
NL_204,NL32,inside
NL_204095,NL21,inside
NL_204098,NL41,inside
NL_204099,NL32,inside
NL_204100,NL12,inside
NL_204101,NL41,inside
NL_204102,NL11,inside
NL_204103,NL32,inside
NL_204104,NL22,inside
NL_204200,NL21,inside
NL_204201,NL11,inside
NL_204314,NL42,inside
NL_204315,NL42,inside
NL_204316,NL22,inside
NL_204422,NL41,inside
NL_204445,NL36,inside
NL_204521,NL36,inside
NL_204522,NL36,inside
NL_204626,NL42,inside
NL_204627,NL42,inside
NL_204628,NL42,inside
NL_204629,NL42,inside
NL_204630,NL42,inside
NL_204631,NL42,inside
NL_204632,NL42,inside
NL_204633,NL42,inside
NL_204634,NL42,inside
NL_204635,NL42,inside
NL_204636,NL42,inside
NL_204637,NL42,inside
NL_204638,NL42,inside
NL_204681,NL34,inside
NL_204682,NL34,inside
NL_204683,NL34,inside
NL_204684,NL34,inside
NL_204685,NL34,inside
NL_204686,NL34,inside
NL_204687,NL34,inside
NL_204688,NL34,inside
NL_204691,NL34,inside
NL_204692,NL34,inside
NL_204693,NL34,inside
NL_204694,NL34,inside
NL_204695,NL34,inside
NL_204761,NL36,inside
NL_204762,NL36,inside
NL_204763,NL11,inside
NL_204781,NL32,inside
NL_204962,NL11,inside
NL_204966,NL36,inside
NL_205,NL22,inside
NL_205142,NL41,inside
NL_205143,NL36,inside
NL_205144,NL36,inside
NL_205145,NL36,inside
NL_205161,NL41,inside
NL_205162,NL41,inside
NL_205163,NL41,inside
NL_205164,NL41,inside
NL_205165,NL41,inside
NL_205166,NL41,inside
NL_205167,NL41,inside
NL_205345,NL12,inside
NL_205346,NL11,nearest_5km
NL_205347,NL34,inside
NL_205348,NL42,inside
NL_205387,NL35,inside
NL_205526,NL41,inside
NL_205611,NL32,inside
NL_205641,NL32,inside
NL_205646,NL36,inside
NL_205647,NL42,inside
NL_205669,NL22,inside
NL_205674,NL21,inside
NL_205724,NL36,inside
NL_205725,NL36,inside
NL_205726,NL36,inside
NL_205727,NL36,inside
NL_205728,NL36,inside
NL_205765,NL11,inside
NL_205785,NL41,inside
NL_205794,NL22,inside
NL_205804,NL13,inside
NL_205821,NL42,inside
NL_205868,NL36,inside
NL_205869,NL36,inside
NL_205886,NL13,inside
NL_205889,NL11,inside
NL_205890,NL32,inside
NL_205892,NL13,inside
NL_205894,NL13,inside
NL_205895,NL13,inside
NL_205917,NL11,inside
NL_205918,NL36,inside
NL_205919,NL32,inside
NL_205922,NL41,inside
NL_205924,NL36,inside
NL_205926,NL36,inside
NL_205927,NL36,inside
NL_205952,NL11,inside
NL_205955,NL36,inside
NL_205957,NL11,nearest_5km
NL_205959,NL34,inside
NL_205970,NL36,inside
NL_205971,NL36,inside
NL_205972,NL41,inside
NL_205987,NL32,inside
NL_205988,NL32,inside
NL_205989,NL36,inside
NL_206,NL32,inside
NL_206000,NL32,inside
NL_206006,NL32,inside
NL_206007,NL36,inside
NL_206018,NL11,inside
NL_206019,NL32,inside
NL_206048,NL13,inside
NL_206069,NL34,inside
NL_206128,NL34,inside
NL_206186,NL11,inside
NL_206188,NL11,inside
NL_206225,NL42,inside
NL_206407,NL41,inside
NL_206587,NL32,inside
NL_206832,NL22,inside
NL_206863,NL36,inside
NL_206917,NL36,inside
NL_206973,NL11,inside
NL_206980,NL12,inside
NL_207,NL36,inside
NL_207502,NL22,inside
NL_207677,NL36,inside
NL_207744,NL36,inside
NL_208,NL41,inside
NL_209,NL36,inside
NL_209002,NL32,inside
NL_209003,NL32,inside
NL_209045,NL32,inside
NL_209064,NL32,inside
NL_209065,NL32,inside
NL_209422,NL32,inside
NL_209882,NL32,inside
NL_209883,NL32,inside
NL_209963,NL41,inside
NL_209966,NL41,inside
NL_21,NL36,inside
NL_210,NL36,inside
NL_210134,NL32,inside
NL_210344,NL36,inside
NL_210396,NL36,inside
NL_210677,NL32,inside
NL_210685,NL42,inside
NL_211,NL36,inside
NL_211579,NL41,inside
NL_212,NL36,inside
NL_212481,NL32,inside
NL_212482,NL32,inside
NL_212483,NL11,nearest_5km
NL_213,NL32,inside
NL_213842,NL32,inside
NL_214,NL36,inside
NL_214082,NL32,inside
NL_214140,NL32,inside
NL_214141,NL32,inside
NL_214142,NL32,inside
NL_214143,NL32,inside
NL_214480,NL36,inside
NL_214561,NL32,inside
NL_214744,NL32,inside
NL_214900,NL21,inside
NL_215,NL34,inside
NL_215880,NL32,inside
NL_216,NL36,inside
NL_216240,NL34,nearest_5km
NL_216320,NL22,inside
NL_216580,NL22,inside
NL_216603,NL36,inside
NL_216700,NL34,inside
NL_216861,NL32,inside
NL_217,NL36,inside
NL_217003,NL32,inside
NL_218,NL42,inside
NL_218240,NL11,inside
NL_218982,NL36,inside
NL_219,NL42,inside
NL_22,NL36,inside
NL_220,NL36,inside
NL_220500,NL36,inside
NL_220641,NL32,inside
NL_220642,NL32,inside
NL_221,NL36,inside
NL_221329,NL32,inside
NL_221970,NL32,inside
NL_222,NL36,inside
NL_222254,NL32,inside
NL_223,NL36,inside
NL_224,NL36,inside
NL_224726,NL11,inside
NL_225,NL36,inside
NL_226,NL36,inside
NL_227,NL36,inside
NL_227087,NL22,inside
NL_227272,NL41,inside
NL_228,NL35,inside
NL_229,NL36,inside
NL_23,NL36,inside
NL_230,NL36,inside
NL_231,NL36,inside
NL_231315,NL36,inside
NL_232,NL36,inside
NL_232387,NL32,inside
NL_232513,NL11,inside
NL_233,NL34,inside
NL_233140,NL36,inside
NL_233163,NL36,inside
NL_233442,NL11,inside
NL_233447,NL32,inside
NL_234,NL12,inside
NL_235,NL13,inside
NL_236,NL12,inside
NL_237,NL41,inside
NL_238,NL42,inside
NL_239,NL23,inside
NL_24,NL36,inside
NL_240,NL34,inside
NL_241,NL35,inside
NL_242,NL35,inside
NL_243,NL35,inside
NL_244,NL35,inside
NL_245,NL35,inside
NL_246,NL32,inside
NL_247,NL32,inside
NL_248,NL32,inside
NL_249,NL22,inside
NL_25,NL36,inside
NL_250,NL22,inside
NL_251,NL22,inside
NL_252,NL22,inside
NL_253,NL22,inside
NL_254,NL42,inside
NL_255,NL41,inside
NL_256,NL41,inside
NL_257,NL22,inside
NL_258,DEA1,inside
NL_259,NL34,inside
NL_26,NL36,inside
NL_260,NL32,inside
NL_261,NL22,inside
NL_262,NL22,inside
NL_263,NL22,inside
NL_264,NL22,inside
NL_265,NL22,inside
NL_266,NL41,inside
NL_267,NL22,inside
NL_268,NL22,inside
NL_269,NL22,inside
NL_27,NL36,inside
NL_270,NL22,inside
NL_271,NL42,inside
NL_272,NL42,inside
NL_273,NL42,inside
NL_274,NL22,inside
NL_275,NL42,inside
NL_276,NL35,inside
NL_277,NL22,inside
NL_278,NL22,inside
NL_279,NL41,inside
NL_28,NL32,inside
NL_280,NL36,inside
NL_281,NL12,inside
NL_282,NL21,inside
NL_283,NL36,inside
NL_284,NL42,inside
NL_285,NL32,inside
NL_286,NL21,inside
NL_287,NL36,inside
NL_288,NL21,inside
NL_289,NL22,inside
NL_29,NL34,inside
NL_290,NL41,inside
NL_291,NL36,inside
NL_292,NL36,inside
NL_293,NL35,inside
NL_294,NL32,inside
NL_295,NL41,inside
NL_296,NL13,inside
NL_297,NL32,inside
NL_298,NL32,inside
NL_299,NL22,inside
NL_3,NL36,inside
NL_30,NL36,inside
NL_300,NL36,inside
NL_301,NL36,inside
NL_302,NL36,inside
NL_303,NL36,inside
NL_304,NL36,inside
NL_305,NL42,inside
NL_306,NL36,inside
NL_307,NL36,inside
NL_308,NL41,inside
NL_309,NL12,inside
NL_31,NL32,inside
NL_310,NL36,inside
NL_311,NL36,inside
NL_312,NL32,inside
NL_313,NL36,inside
NL_314,NL36,inside
NL_315,NL36,inside
NL_316,NL41,inside
NL_317,NL36,inside
NL_318,NL36,inside
NL_319,NL21,inside
NL_32,NL32,inside
NL_320,NL36,inside
NL_321,NL36,inside
NL_322,NL36,inside
NL_323,NL36,inside
NL_324,NL12,inside
NL_325,NL36,inside
NL_326,NL36,inside
NL_327,NL41,inside
NL_328,NL42,inside
NL_329,NL41,inside
NL_33,NL32,inside
NL_330,NL32,inside
NL_331,NL42,inside
NL_332,NL22,inside
NL_333,NL42,inside
NL_334,NL42,inside
NL_335,NL32,inside
NL_336,NL11,inside
NL_337,NL12,inside
NL_338,NL21,inside
NL_339,NL42,inside
NL_34,NL36,inside
NL_340,NL36,inside
NL_341,NL36,inside
NL_342,NL41,inside
NL_343,NL36,inside
NL_344,NL41,inside
NL_345,NL32,inside
NL_346,NL36,inside
NL_347,NL36,inside
NL_348,NL32,inside
NL_349,NL36,inside
NL_35,NL22,inside
NL_350,NL36,inside
NL_351,NL36,inside
NL_352,NL36,inside
NL_353,NL41,inside
NL_354,NL41,inside
NL_355,NL12,inside
NL_356,NL36,inside
NL_357,NL36,inside
NL_358,NL41,inside
NL_359,NL32,nearest_5km
NL_36,NL13,inside
NL_360,NL36,inside
NL_361,NL36,inside
NL_362,NL42,inside
NL_363,NL36,inside
NL_364,NL41,inside
NL_365,NL22,inside
NL_366,NL41,inside
NL_367,NL41,inside
NL_368,NL41,inside
NL_369,NL41,inside
NL_37,NL41,inside
NL_370,NL32,inside
NL_371,NL36,inside
NL_372,NL36,inside
NL_373,NL36,inside
NL_374,NL13,inside
NL_375,NL36,inside
NL_376,NL32,inside
NL_377,NL36,inside
NL_378,NL42,inside
NL_379,NL32,inside
NL_38,NL13,inside
NL_380,NL13,inside
NL_381,NL32,inside
NL_382,NL34,inside
NL_383,NL41,inside
NL_384,NL11,inside
NL_385,NL22,inside
NL_386,NL32,inside
NL_387,NL42,inside
NL_388,NL42,inside
NL_389,NL11,inside
NL_39,NL13,inside
NL_390,NL36,inside
NL_391,NL36,inside
NL_392,NL36,inside
NL_393,NL35,inside
NL_394,NL21,inside
NL_395,NL41,inside
NL_396,NL36,inside
NL_397,NL35,inside
NL_398,NL41,inside
NL_399,NL36,inside
NL_4,NL36,inside
NL_40,NL22,inside
NL_400,NL36,inside
NL_401,NL21,inside
NL_402,NL22,inside
NL_403,NL42,inside
NL_404,NL42,inside
NL_405,NL36,inside
NL_406,NL36,inside
NL_407,NL34,inside
NL_408,NL36,inside
NL_409,NL41,inside
NL_41,NL11,inside
NL_410,NL32,inside
NL_411,NL36,inside
NL_412,NL23,inside
NL_413,NL36,inside
NL_414,NL36,inside
NL_415,NL36,inside
NL_416,NL34,nearest_5km
NL_417,NL22,inside
NL_418,NL32,inside
NL_419,NL41,inside
NL_42,NL12,inside
NL_420,NL22,inside
NL_421,NL11,inside
NL_422,NL32,inside
NL_423,NL41,inside
NL_424,NL42,inside
NL_425,NL42,inside
NL_426,NL36,inside
NL_427,NL36,inside
NL_428,NL36,inside
NL_429,NL23,inside
NL_43,NL32,inside
NL_430,NL32,inside
NL_431,NL36,inside
NL_432,NL42,inside
NL_433,NL23,inside
NL_434,NL36,inside
NL_435,NL32,inside
NL_436,NL32,inside
NL_437,NL34,inside
NL_438,NL23,inside
NL_439,NL36,inside
NL_44,NL36,inside
NL_440,NL36,inside
NL_441,NL13,inside
NL_442,NL41,inside
NL_443,NL36,inside
NL_444,NL11,inside
NL_446,NL32,inside
NL_447,NL11,nearest_5km
NL_448,NL36,inside
NL_449,NL41,inside
NL_45,NL32,inside
NL_46,NL11,inside
NL_47,NL11,inside
NL_48,NL13,inside
NL_49,NL11,inside
NL_5,NL12,inside
NL_50,NL22,inside
NL_51,NL32,inside
NL_52,NL34,inside
NL_53,NL41,inside
NL_54,NL36,inside
NL_55,NL34,inside
NL_56,NL41,inside
NL_57,NL11,inside
NL_58,NL13,inside
NL_59,NL34,inside
NL_6,NL21,inside
NL_60,NL12,inside
NL_61,NL41,inside
NL_62,NL21,inside
NL_63,NL11,inside
NL_64,NL41,inside
NL_65,NL41,inside
NL_66,NL11,inside
NL_67,NL36,inside
NL_68,NL41,inside
NL_69,NL41,inside
NL_7,NL41,inside
NL_70,NL36,inside
NL_71,NL41,inside
NL_72,NL41,inside
NL_73,NL21,inside
NL_74,NL21,inside
NL_75,NL22,inside
NL_76,NL32,inside
NL_77,NL11,inside
NL_78,NL41,inside
NL_79,NL11,inside
NL_8,NL11,inside
NL_80,NL11,inside
NL_81,NL11,inside
NL_82,NL11,inside
NL_83,NL42,inside
NL_84,NL13,inside
NL_85,NL11,inside
NL_86,NL22,inside
NL_87,NL42,inside
NL_88,NL22,inside
NL_89,NL22,inside
NL_9,NL13,inside
NL_90,NL22,inside
NL_91,NL42,inside
NL_92,NL22,inside
NL_93,NL41,inside
NL_94,NL22,inside
NL_95,NL42,inside
NL_96,NL36,inside
NL_97,NL36,inside
NL_98,NL36,inside
NL_99,NL36,inside
NO_1,NO09,inside
NO_10,NO08,inside
NO_100,NO07,nearest_5km
NO_101,NO0A,inside
NO_102,NO06,nearest_5km
NO_103,NO08,inside
NO_104,NO06,inside
NO_105,NO08,inside
NO_106,NO0A,inside
NO_107,NO0A,inside
NO_108,NO08,inside
NO_109,NO07,inside
NO_11,NO0A,inside
NO_110,NO09,inside
NO_111,NO08,inside
NO_112,NO08,inside
NO_113,NO08,inside
NO_114,NO08,inside
NO_115,NO0A,nearest_5km
NO_116,NO0A,inside
NO_117,NO08,inside
NO_118,NO0A,inside
NO_119,NO0A,nearest_5km
NO_12,NO09,inside
NO_120,NO0A,inside
NO_121,NO0A,inside
NO_13,NO0A,inside
NO_14,NO0A,inside
NO_15,NO08,inside
NO_16,NO08,inside
NO_17,NO08,inside
NO_18,NO08,inside
NO_19,NO07,inside
NO_2,NO0A,inside
NO_20,NO0A,inside
NO_202505,NO07,inside
NO_202608,NO09,inside
NO_202628,NO0A,inside
NO_202629,NO09,inside
NO_202876,NO0A,inside
NO_203076,NO0A,inside
NO_203077,NO0A,inside
NO_203106,NO0A,inside
NO_203166,NO09,inside
NO_203167,NO06,inside
NO_203434,NO0A,inside
NO_203636,NO0A,nearest_5km
NO_203645,NO09,inside
NO_203646,NO0A,inside
NO_203648,NO07,inside
NO_203880,NO0A,inside
NO_203890,NO0A,inside
NO_203892,NO07,inside
NO_203893,NO06,inside
NO_203894,NO08,inside
NO_203942,NO06,inside
NO_203944,NO06,inside
NO_204072,NO0A,inside
NO_204073,NO07,inside
NO_204074,NO0A,inside
NO_204075,NO07,nearest_5km
NO_204078,NO0A,inside
NO_204079,NO0A,inside
NO_204081,NO09,inside
NO_204082,NO0A,nearest_5km
NO_204083,NO0A,inside
NO_204084,NO09,inside
NO_204085,NO07,inside
NO_204741,NO0A,inside
NO_205943,NO0A,inside
NO_206022,NO06,inside
NO_206170,NO0A,inside
NO_206342,NO06,inside
NO_206862,NO0A,inside
NO_206984,NO08,inside
NO_206985,NO08,inside
NO_207548,NO0A,inside
NO_207708,NO06,inside
NO_207728,,inside
NO_208682,NO0A,inside
NO_208683,NO0A,inside
NO_209077,NO0A,inside
NO_209688,NO0A,inside
NO_209935,NO0A,inside
NO_209936,NO0A,inside
NO_21,NO0A,inside
NO_210021,,inside
NO_210475,NO0A,inside
NO_210524,NO0A,inside
NO_210609,NO0A,inside
NO_211138,NO0A,inside
NO_211158,NO02,inside
NO_211259,NO08,inside
NO_211598,NO0A,inside
NO_212301,NO08,inside
NO_213640,NO0A,inside
NO_213922,NO09,inside
NO_214500,NO0A,inside
NO_215400,NO0A,inside
NO_216481,NO09,inside
NO_216821,NO0A,inside
NO_216961,NO08,inside
NO_216963,NO08,inside
NO_216964,NO08,inside
NO_217781,NO0A,inside
NO_219520,NO08,inside
NO_219780,NO08,inside
NO_22,NO0A,inside
NO_220481,NO08,inside
NO_227088,NO0A,nearest_5km
NO_227090,NO0A,nearest_5km
NO_227092,NO0A,nearest_5km
NO_227093,NO0A,nearest_5km
NO_227149,NO08,inside
NO_227260,NO09,inside
NO_227350,NO08,inside
NO_229527,NO08,inside
NO_23,NO0A,inside
NO_232061,NO09,inside
NO_232080,NO0A,inside
NO_24,NO09,inside
NO_25,NO08,inside
NO_26,NO06,inside
NO_27,NO08,inside
NO_28,NO02,inside
NO_29,NO08,inside
NO_3,NO0A,inside
NO_30,NO08,inside
NO_31,NO09,inside
NO_32,NO09,inside
NO_33,NO08,nearest_5km
NO_34,NO08,nearest_5km
NO_35,NO09,inside
NO_36,NO09,inside
NO_37,NO08,inside
NO_38,NO0A,inside
NO_39,NO08,inside
NO_4,,inside
NO_40,NO09,inside
NO_41,NO0A,inside
NO_42,NO06,inside
NO_43,NO08,inside
NO_44,NO07,inside
NO_45,NO0A,inside
NO_46,NO0A,nearest_5km
NO_47,NO09,inside
NO_48,NO07,inside
NO_49,NO08,inside
NO_5,NO08,inside
NO_50,NO09,inside
NO_51,NO06,inside
NO_52,NO08,inside
NO_53,NO06,inside
NO_54,NO0A,inside
NO_55,NO08,inside
NO_56,NO08,inside
NO_57,NO06,inside
NO_58,NO08,inside
NO_59,NO09,inside
NO_6,NO0A,inside
NO_60,NO08,inside
NO_61,NO06,inside
NO_62,NO07,inside
NO_63,NO09,inside
NO_64,NO08,inside
NO_65,NO0A,nearest_5km
NO_66,NO09,inside
NO_67,NO07,inside
NO_68,NO08,inside
NO_69,NO08,inside
NO_7,NO0A,inside
NO_70,NO0A,inside
NO_71,NO0A,inside
NO_72,NO0A,inside
NO_73,NO08,inside
NO_74,NO0A,inside
NO_75,NO0A,inside
NO_76,NO0A,inside
NO_77,NO0A,inside
NO_78,NO0A,inside
NO_79,NO0A,inside
NO_8,,inside
NO_80,NO0A,inside
NO_81,NO0A,inside
NO_82,NO0A,inside
NO_83,NO0A,inside
NO_84,NO0A,inside
NO_85,NO0A,inside
NO_86,NO0A,inside
NO_87,NO0A,inside
NO_88,NO0A,inside
NO_89,NO0A,inside
NO_9,NO08,inside
NO_90,NO0A,inside
NO_91,NO0A,inside
NO_92,NO0A,inside
NO_93,NO0A,nearest_5km
NO_94,NO06,inside
NO_95,NO08,nearest_5km
NO_96,NO0A,nearest_5km
NO_97,NO0A,inside
NO_98,NO0A,inside
NO_99,NO06,inside
PL_1,PL71,inside
PL_10,PL52,inside
PL_100,PL51,inside
PL_101,PL61,inside
PL_102,PL21,inside
PL_103,PL22,inside
PL_104,PL62,inside
PL_105,PL91,inside
PL_106,PL91,inside
PL_107,PL72,inside
PL_108,PL82,inside
PL_109,PL52,inside
PL_11,PL22,inside
PL_110,PL52,inside
PL_111,PL52,inside
PL_112,PL52,inside
PL_113,PL62,inside
PL_114,PL71,inside
PL_115,PL71,inside
PL_116,PL51,inside
PL_117,PL51,inside
PL_118,PL51,inside
PL_119,PL91,inside
PL_12,PL22,inside
PL_120,PL22,inside
PL_121,PL22,inside
PL_122,PL22,inside
PL_123,PL22,inside
PL_124,PL22,inside
PL_125,PL22,inside
PL_126,PL22,inside
PL_127,PL62,inside
PL_128,PL92,inside
PL_129,PL81,inside
PL_13,PL22,inside
PL_130,PL81,inside
PL_131,PL62,inside
PL_132,PL61,inside
PL_133,PL42,inside
PL_134,PL42,inside
PL_135,PL42,inside
PL_136,PL62,inside
PL_137,PL22,inside
PL_138,PL51,inside
PL_139,PL52,inside
PL_14,PL22,inside
PL_140,PL51,inside
PL_141,PL51,inside
PL_142,PL81,inside
PL_143,PL81,inside
PL_144,PL51,inside
PL_145,PL84,inside
PL_146,PL84,inside
PL_147,PL63,inside
PL_148,PL72,inside
PL_149,PL22,inside
PL_15,PL21,inside
PL_150,PL84,inside
PL_151,PL22,inside
PL_152,PL81,inside
PL_153,PL21,inside
PL_154,PL82,inside
PL_155,PL61,inside
PL_156,PL82,inside
PL_157,PL81,inside
PL_158,PL82,inside
PL_159,PL21,inside
PL_16,PL42,inside
PL_160,PL21,inside
PL_161,PL22,inside
PL_162,PL21,inside
PL_163,PL22,inside
PL_164,PL22,inside
PL_165,PL52,inside
PL_166,PL71,inside
PL_167,PL81,inside
PL_168,PL81,inside
PL_169,PL42,inside
PL_17,PL42,inside
PL_170,PL62,inside
PL_171,PL91,inside
PL_172,PL63,inside
PL_173,PL22,inside
PL_174,PL22,inside
PL_175,PL92,inside
PL_176,PL22,inside
PL_177,PL63,inside
PL_178,PL43,inside
PL_179,PL43,inside
PL_18,PL42,inside
PL_180,PL21,inside
PL_181,PL51,inside
PL_182,PL41,inside
PL_183,PL72,inside
PL_184,PL84,inside
PL_185,PL62,inside
PL_186,PL71,inside
PL_187,PL71,inside
PL_188,PL82,inside
PL_189,PL82,inside
PL_19,PL92,inside
PL_190,PL81,inside
PL_191,PL42,inside
PL_192,PL42,inside
PL_193,PL92,inside
PL_194,PL51,inside
PL_195,PL51,inside
PL_196,PL81,inside
PL_197,PL62,inside
PL_198,PL21,inside
PL_199,PL21,inside
PL_2,PL52,inside
PL_20,PL92,inside
PL_200,PL21,inside
PL_201,PL92,inside
PL_201356,PL72,inside
PL_202,PL63,inside
PL_202073,PL52,inside
PL_202074,PL52,inside
PL_202077,PL72,inside
PL_202080,PL72,inside
PL_202081,PL72,inside
PL_202095,PL72,inside
PL_202096,PL82,inside
PL_202107,PL21,inside
PL_202139,PL71,inside
PL_202140,PL71,inside
PL_202141,PL71,inside
PL_202217,PL81,inside
PL_202232,PL22,inside
PL_202254,PL21,inside
PL_202269,PL72,inside
PL_202274,PL71,inside
PL_202292,PL71,inside
PL_202383,PL42,inside
PL_202384,PL42,inside
PL_202385,PL42,inside
PL_202386,PL92,inside
PL_202387,PL82,inside
PL_202388,PL82,inside
PL_202433,PL51,inside
PL_202435,PL52,inside
PL_202453,PL72,inside
PL_202471,PL61,inside
PL_202473,PL92,inside
PL_202510,PL81,inside
PL_202534,PL42,inside
PL_202552,PL71,inside
PL_202611,PL22,inside
PL_202682,PL71,inside
PL_202697,PL61,inside
PL_202698,PL61,inside
PL_202699,PL61,inside
PL_202701,PL61,inside
PL_202779,PL72,inside
PL_202816,PL92,inside
PL_202825,PL51,inside
PL_202960,PL52,inside
PL_203,PL84,inside
PL_203087,PL52,inside
PL_203089,PL21,inside
PL_203105,PL51,inside
PL_203107,PL51,inside
PL_203112,PL21,inside
PL_203129,PL72,inside
PL_203131,PL72,inside
PL_203133,PL72,inside
PL_203135,PL72,inside
PL_203186,PL41,inside
PL_203200,PL52,inside
PL_203354,PL43,inside
PL_203607,PL71,inside
PL_203608,PL71,inside
PL_203609,PL71,inside
PL_203610,PL71,inside
PL_203611,PL71,inside
PL_203732,PL61,inside
PL_203733,PL61,inside
PL_203772,PL72,inside
PL_203846,PL22,inside
PL_203865,PL22,inside
PL_204,PL84,inside
PL_204402,PL63,inside
PL_204908,PL92,inside
PL_205,PL43,inside
PL_205281,PL51,inside
PL_205499,PL22,inside
PL_205678,PL22,inside
PL_205709,PL43,inside
PL_205935,PL22,inside
PL_206,PL43,inside
PL_206039,PL22,inside
PL_206072,PL92,inside
PL_206075,PL41,inside
PL_206089,PL51,inside
PL_206702,PL51,inside
PL_206786,PL41,inside
PL_206787,PL51,inside
PL_206967,PL62,inside
PL_207,PL81,inside
PL_207000,PL63,inside
PL_207262,PL22,inside
PL_207726,PL22,inside
PL_207783,PL72,inside
PL_207803,PL41,inside
PL_207962,PL41,inside
PL_208,PL52,inside
PL_208182,PL61,inside
PL_208202,PL51,inside
PL_208442,PL22,inside
PL_208562,PL92,inside
PL_208563,PL41,inside
PL_208723,PL92,inside
PL_208882,PL61,inside
PL_208923,PL42,inside
PL_209,PL71,inside
PL_209024,PL51,inside
PL_209104,PL61,inside
PL_209143,PL41,inside
PL_209148,PL42,inside
PL_209222,PL41,inside
PL_209223,PL71,inside
PL_209565,PL51,inside
PL_209782,PL71,inside
PL_209933,PL92,inside
PL_209934,PL92,inside
PL_209964,PL92,inside
PL_21,PL41,inside
PL_210,PL81,inside
PL_210094,PL62,inside
PL_210148,PL22,inside
PL_210351,PL92,inside
PL_210352,PL72,inside
PL_210474,PL72,inside
PL_210521,PL22,inside
PL_210531,PL84,inside
PL_210578,PL63,inside
PL_210589,PL91,inside
PL_210684,PL41,inside
PL_210697,PL22,inside
PL_210701,PL22,inside
PL_210718,PL62,inside
PL_210719,PL62,inside
PL_210720,PL92,inside
PL_211,PL22,inside
PL_211478,PL22,inside
PL_212,PL81,inside
PL_212018,PL62,inside
PL_212780,PL81,inside
PL_213,PL72,inside
PL_213200,PL82,inside
PL_213400,PL84,inside
PL_214,PL41,inside
PL_215,PL42,inside
PL_215320,PL22,inside
PL_215420,PL22,inside
PL_215821,PL51,inside
PL_215940,PL41,inside
PL_216,PL52,inside
PL_216140,PL62,inside
PL_216342,PL91,inside
PL_216343,PL61,inside
PL_216741,PL22,inside
PL_217,PL62,inside
PL_217140,PL52,inside
PL_217460,PL41,inside
PL_217540,PL61,inside
PL_217541,PL42,inside
PL_217761,PL61,inside
PL_218,PL62,inside
PL_218861,PL82,inside
PL_219,PL51,inside
PL_219020,PL41,inside
PL_219620,PL81,inside
PL_219660,PL42,inside
PL_22,PL41,inside
PL_220,PL22,inside
PL_220650,PL51,inside
PL_221,PL22,inside
PL_221282,PL91,inside
PL_221620,PL51,inside
PL_222,PL52,inside
PL_222241,PL22,inside
PL_222281,PL71,inside
PL_222516,PL72,inside
PL_222603,PL71,inside
PL_223,PL61,inside
PL_223263,PL41,inside
PL_223742,PL82,inside
PL_224,PL61,inside
PL_224129,PL42,inside
PL_225,PL41,inside
PL_225026,PL61,inside
PL_225227,PL41,inside
PL_226,PL43,inside
PL_227,PL72,inside
PL_228,PL72,inside
PL_229,PL61,inside
PL_23,PL41,inside
PL_230,PL91,inside
PL_231,PL92,inside
PL_231040,PL22,inside
PL_231800,PL41,inside
PL_232,PL92,inside
PL_232181,PL21,inside
PL_232600,PL51,inside
PL_232641,PL91,inside
PL_232643,PL91,inside
PL_232768,PL72,inside
PL_233,PL81,inside
PL_234,PL71,inside
PL_235,PL71,inside
PL_236,PL91,inside
PL_237,PL61,inside
PL_238,PL71,inside
PL_239,PL71,inside
PL_24,PL22,inside
PL_240,PL71,inside
PL_241,PL71,inside
PL_242,PL22,inside
PL_243,PL22,inside
PL_244,PL22,inside
PL_245,PL22,inside
PL_246,PL22,inside
PL_247,PL22,inside
PL_248,PL22,inside
PL_249,PL22,inside
PL_25,PL21,inside
PL_250,PL84,inside
PL_251,PL22,inside
PL_252,PL22,inside
PL_253,PL22,inside
PL_254,PL51,inside
PL_255,PL72,inside
PL_256,PL72,inside
PL_257,PL41,inside
PL_258,PL91,inside
PL_259,PL22,inside
PL_26,PL91,inside
PL_260,PL43,inside
PL_261,PL52,inside
PL_262,PL41,inside
PL_263,PL51,inside
PL_264,PL61,inside
PL_265,PL63,inside
PL_266,PL52,inside
PL_267,PL61,inside
PL_268,PL61,inside
PL_269,PL61,inside
PL_27,PL91,inside
PL_270,PL22,inside
PL_271,PL71,inside
PL_272,PL41,inside
PL_273,PL52,inside
PL_274,PL22,inside
PL_275,PL52,inside
PL_276,PL81,inside
PL_277,PL61,inside
PL_278,PL82,inside
PL_279,PL61,inside
PL_28,PL91,inside
PL_280,PL82,inside
PL_281,PL21,inside
PL_282,PL91,inside
PL_283,PL51,inside
PL_284,PL51,inside
PL_285,PL63,nearest_5km
PL_286,PL51,inside
PL_287,PL62,inside
PL_288,PL52,inside
PL_289,PL81,inside
PL_29,PL22,inside
PL_290,PL21,inside
PL_291,PL42,inside
PL_292,PL42,inside
PL_293,PL82,inside
PL_294,PL21,inside
PL_295,PL41,inside
PL_296,PL84,inside
PL_297,PL92,inside
PL_298,PL51,inside
PL_299,PL21,inside
PL_3,PL51,inside
PL_30,PL84,inside
PL_300,PL22,inside
PL_301,PL21,inside
PL_302,PL41,inside
PL_303,PL52,inside
PL_304,PL62,inside
PL_305,PL82,inside
PL_306,PL22,inside
PL_307,PL84,inside
PL_308,PL81,inside
PL_309,PL22,inside
PL_31,PL22,inside
PL_310,PL43,inside
PL_311,PL92,inside
PL_312,PL81,inside
PL_313,PL92,inside
PL_314,PL41,inside
PL_315,PL22,inside
PL_316,PL22,inside
PL_317,PL42,inside
PL_318,PL82,inside
PL_319,PL92,inside
PL_32,PL82,inside
PL_320,PL91,inside
PL_321,PL51,inside
PL_322,PL84,inside
PL_323,PL81,inside
PL_324,PL71,inside
PL_325,PL84,inside
PL_326,PL84,inside
PL_327,PL71,inside
PL_328,PL42,inside
PL_329,PL84,inside
PL_33,PL62,inside
PL_330,PL42,inside
PL_331,PL72,inside
PL_332,PL21,inside
PL_333,PL21,inside
PL_334,PL41,inside
PL_335,PL71,inside
PL_336,PL62,inside
PL_337,PL84,inside
PL_338,PL22,inside
PL_339,PL41,inside
PL_34,PL81,inside
PL_340,PL84,inside
PL_341,PL82,inside
PL_342,PL72,inside
PL_343,PL22,inside
PL_344,PL71,inside
PL_345,PL22,inside
PL_346,PL81,inside
PL_347,PL62,inside
PL_348,PL62,inside
PL_349,PL21,inside
PL_35,PL81,inside
PL_350,PL63,inside
PL_351,PL82,inside
PL_352,PL52,inside
PL_353,PL91,inside
PL_354,PL61,inside
PL_355,PL81,inside
PL_356,PL61,inside
PL_357,PL42,inside
PL_358,PL41,inside
PL_359,PL63,inside
PL_36,PL43,inside
PL_360,PL51,inside
PL_361,PL63,inside
PL_362,PL92,inside
PL_363,PL22,inside
PL_364,PL22,inside
PL_365,PL22,inside
PL_366,PL22,inside
PL_367,PL21,inside
PL_368,PL51,inside
PL_369,PL51,inside
PL_37,PL41,inside
PL_370,PL52,inside
PL_371,PL22,inside
PL_372,PL22,inside
PL_373,PL82,inside
PL_374,PL21,inside
PL_375,PL22,inside
PL_376,PL81,inside
PL_377,PL21,inside
PL_378,PL72,inside
PL_379,PL52,inside
PL_38,PL21,inside
PL_380,PL81,inside
PL_381,PL22,inside
PL_382,PL61,inside
PL_383,PL72,inside
PL_384,PL72,inside
PL_385,PL61,inside
PL_386,PL63,inside
PL_387,PL61,inside
PL_388,PL92,inside
PL_389,PL61,inside
PL_39,PL81,inside
PL_390,PL61,inside
PL_391,PL22,inside
PL_392,PL42,inside
PL_393,PL71,inside
PL_394,PL41,inside
PL_395,PL52,inside
PL_396,PL51,inside
PL_397,PL52,inside
PL_398,PL71,inside
PL_399,PL84,inside
PL_4,PL92,inside
PL_40,PL82,inside
PL_400,PL63,inside
PL_401,PL92,inside
PL_402,PL63,inside
PL_403,PL71,inside
PL_404,PL81,inside
PL_405,PL61,inside
PL_406,PL41,inside
PL_407,PL41,inside
PL_408,PL51,inside
PL_409,PL22,inside
PL_41,PL82,inside
PL_410,PL62,inside
PL_411,PL21,inside
PL_412,PL52,inside
PL_413,PL41,inside
PL_414,PL51,inside
PL_415,PL82,inside
PL_416,PL82,inside
PL_417,PL41,inside
PL_418,PL72,inside
PL_419,PL41,inside
PL_42,PL22,inside
PL_420,PL22,inside
PL_421,PL22,inside
PL_422,PL43,inside
PL_423,PL21,inside
PL_424,PL82,inside
PL_425,PL22,inside
PL_426,PL71,inside
PL_427,PL22,inside
PL_428,PL51,inside
PL_429,PL43,inside
PL_43,PL61,inside
PL_430,PL81,inside
PL_431,PL71,inside
PL_432,PL63,inside
PL_433,PL92,inside
PL_434,PL52,inside
PL_435,PL51,inside
PL_436,PL71,inside
PL_437,PL71,inside
PL_438,PL92,inside
PL_439,PL41,inside
PL_44,PL61,inside
PL_440,PL61,inside
PL_441,PL61,inside
PL_442,PL52,inside
PL_443,PL63,inside
PL_444,PL63,inside
PL_445,PL22,inside
PL_446,PL82,inside
PL_447,PL52,inside
PL_448,PL22,inside
PL_45,PL22,inside
PL_453,PL21,inside
PL_454,PL63,inside
PL_455,PL92,inside
PL_456,PL52,inside
PL_457,PL21,inside
PL_458,PL22,inside
PL_459,PL21,inside
PL_46,PL22,inside
PL_460,PL92,inside
PL_461,PL72,inside
PL_462,PL52,inside
PL_463,PL61,inside
PL_464,PL51,inside
PL_465,PL51,inside
PL_466,PL42,inside
PL_467,PL82,inside
PL_468,PL51,inside
PL_469,PL81,inside
PL_47,PL71,inside
PL_470,PL51,inside
PL_471,PL61,inside
PL_472,PL71,inside
PL_473,PL81,inside
PL_474,PL84,inside
PL_475,PL63,inside
PL_476,PL92,inside
PL_477,PL63,inside
PL_478,PL71,inside
PL_479,PL81,inside
PL_48,PL61,inside
PL_480,PL81,inside
PL_481,PL61,inside
PL_482,PL81,inside
PL_483,PL41,inside
PL_484,PL41,inside
PL_485,PL51,inside
PL_486,PL41,inside
PL_487,PL41,inside
PL_488,PL22,inside
PL_489,PL42,inside
PL_49,PL61,inside
PL_490,PL52,inside
PL_491,PL72,inside
PL_492,PL71,inside
PL_493,PL72,inside
PL_494,PL22,inside
PL_495,PL52,inside
PL_496,PL51,inside
PL_497,PL61,inside
PL_498,PL51,inside
PL_499,PL82,inside
PL_5,PL72,inside
PL_50,PL63,inside
PL_500,PL51,inside
PL_501,PL81,inside
PL_502,PL81,inside
PL_503,PL81,inside
PL_504,PL81,inside
PL_505,PL41,inside
PL_506,PL51,inside
PL_507,PL41,inside
PL_508,PL22,inside
PL_509,PL92,inside
PL_51,PL63,inside
PL_510,PL41,inside
PL_511,PL43,inside
PL_512,PL41,inside
PL_513,PL92,inside
PL_514,PL22,inside
PL_515,PL71,inside
PL_516,PL91,inside
PL_517,PL43,inside
PL_518,PL22,inside
PL_519,PL72,inside
PL_52,PL71,inside
PL_520,PL52,inside
PL_521,PL91,inside
PL_522,PL41,inside
PL_523,PL22,inside
PL_524,PL51,inside
PL_525,PL81,inside
PL_526,PL51,inside
PL_527,PL51,inside
PL_528,PL61,inside
PL_529,PL51,inside
PL_53,PL71,inside
PL_530,PL91,inside
PL_531,PL41,inside
PL_532,PL22,inside
PL_533,PL92,inside
PL_534,PL71,inside
PL_535,PL22,inside
PL_536,PL62,inside
PL_537,PL42,inside
PL_538,PL72,inside
PL_539,PL21,inside
PL_54,PL52,inside
PL_540,PL22,inside
PL_541,PL63,inside
PL_542,PL92,inside
PL_543,PL84,inside
PL_544,PL41,inside
PL_545,PL51,inside
PL_546,PL61,inside
PL_547,PL51,inside
PL_548,PL22,inside
PL_549,PL71,inside
PL_55,PL51,inside
PL_550,PL51,inside
PL_551,PL22,inside
PL_552,PL71,inside
PL_553,PL63,inside
PL_554,PL22,inside
PL_555,PL42,inside
PL_556,PL71,inside
PL_557,PL41,inside
PL_558,PL82,inside
PL_559,PL72,inside
PL_56,PL22,inside
PL_560,PL51,inside
PL_561,PL61,inside
PL_562,PL61,inside
PL_563,PL71,inside
PL_564,PL22,inside
PL_565,PL71,inside
PL_566,PL61,inside
PL_567,PL41,inside
PL_568,PL61,inside
PL_569,PL91,inside
PL_57,PL63,nearest_5km
PL_570,PL42,inside
PL_571,PL82,inside
PL_572,PL91,inside
PL_573,PL22,inside
PL_574,PL41,inside
PL_575,PL62,inside
PL_576,PL51,inside
PL_577,PL82,inside
PL_578,PL92,inside
PL_579,PL51,inside
PL_58,PL82,inside
PL_580,PL72,inside
PL_581,PL42,inside
PL_582,PL42,inside
PL_583,PL51,inside
PL_584,PL51,inside
PL_585,PL63,inside
PL_586,PL82,inside
PL_587,PL71,inside
PL_588,PL72,inside
PL_589,PL51,inside
PL_59,PL41,inside
PL_590,PL42,inside
PL_591,PL71,inside
PL_592,PL22,inside
PL_593,PL61,inside
PL_594,PL61,inside
PL_595,PL63,inside
PL_596,PL61,inside
PL_597,PL92,inside
PL_598,PL91,inside
PL_599,PL61,inside
PL_6,PL22,inside
PL_60,PL92,inside
PL_600,PL62,inside
PL_601,PL81,inside
PL_602,PL42,inside
PL_603,PL42,inside
PL_604,PL63,inside
PL_605,PL63,inside
PL_606,PL42,inside
PL_607,PL61,inside
PL_608,PL43,inside
PL_609,PL63,inside
PL_61,PL22,inside
PL_610,PL84,inside
PL_611,PL43,inside
PL_612,PL22,inside
PL_613,PL21,inside
PL_614,PL82,inside
PL_615,PL72,inside
PL_616,PL61,inside
PL_617,PL61,inside
PL_618,PL62,inside
PL_619,PL92,inside
PL_62,PL81,inside
PL_620,PL22,inside
PL_621,PL41,inside
PL_622,PL52,inside
PL_623,PL91,inside
PL_624,PL72,inside
PL_625,PL91,inside
PL_626,PL51,inside
PL_627,PL71,inside
PL_628,PL21,inside
PL_629,PL21,inside
PL_63,PL41,inside
PL_630,PL22,inside
PL_631,PL84,inside
PL_632,PL22,inside
PL_633,PL92,inside
PL_634,PL82,inside
PL_635,PL84,inside
PL_636,PL42,inside
PL_637,PL63,inside
PL_638,PL81,inside
PL_639,PL63,inside
PL_64,PL22,inside
PL_640,PL82,inside
PL_641,PL21,inside
PL_642,PL61,inside
PL_643,PL61,inside
PL_644,PL82,inside
PL_645,PL22,inside
PL_646,PL61,inside
PL_647,PL22,inside
PL_648,PL63,inside
PL_649,PL22,inside
PL_65,PL51,inside
PL_650,PL82,inside
PL_651,PL72,inside
PL_652,PL22,inside
PL_653,PL22,inside
PL_654,PL82,inside
PL_655,PL22,inside
PL_656,PL71,inside
PL_657,PL72,inside
PL_658,PL82,inside
PL_659,PL91,inside
PL_66,PL22,inside
PL_660,PL91,inside
PL_661,PL61,inside
PL_662,PL21,inside
PL_663,PL22,inside
PL_664,PL61,inside
PL_665,PL21,inside
PL_666,PL82,inside
PL_667,PL61,inside
PL_668,PL61,inside
PL_669,PL22,inside
PL_67,PL22,inside
PL_670,PL61,inside
PL_671,PL51,inside
PL_672,PL61,inside
PL_673,PL41,inside
PL_674,PL72,inside
PL_675,PL82,inside
PL_676,PL22,inside
PL_677,PL82,inside
PL_678,PL82,inside
PL_679,PL22,inside
PL_68,PL22,inside
PL_680,PL51,inside
PL_681,PL22,inside
PL_682,PL71,inside
PL_683,PL51,inside
PL_684,PL72,inside
PL_685,PL42,inside
PL_686,PL21,inside
PL_687,PL91,inside
PL_688,PL72,inside
PL_689,PL41,inside
PL_69,PL22,inside
PL_690,PL42,inside
PL_691,PL21,inside
PL_692,PL41,inside
PL_693,PL72,inside
PL_694,PL62,inside
PL_695,PL21,inside
PL_696,PL61,inside
PL_697,PL21,inside
PL_698,PL71,inside
PL_699,PL82,inside
PL_7,PL21,inside
PL_70,PL92,inside
PL_700,PL71,inside
PL_701,PL82,inside
PL_702,PL41,inside
PL_703,PL92,inside
PL_704,PL22,inside
PL_705,PL63,inside
PL_706,PL61,inside
PL_707,PL41,inside
PL_708,PL84,inside
PL_709,PL62,inside
PL_71,PL22,inside
PL_710,PL51,inside
PL_711,PL82,inside
PL_712,PL84,inside
PL_713,PL91,inside
PL_714,PL51,inside
PL_715,PL91,inside
PL_716,PL22,inside
PL_717,PL22,inside
PL_718,PL91,inside
PL_719,PL21,inside
PL_72,PL22,inside
PL_720,PL62,inside
PL_721,PL41,inside
PL_722,PL52,inside
PL_723,PL22,inside
PL_724,PL22,inside
PL_725,PL41,inside
PL_726,PL61,inside
PL_727,PL22,inside
PL_728,PL22,inside
PL_729,PL63,inside
PL_73,PL22,inside
PL_730,PL21,inside
PL_731,PL84,inside
PL_732,PL41,inside
PL_733,PL22,inside
PL_734,PL22,inside
PL_735,PL21,inside
PL_736,PL41,inside
PL_737,PL62,inside
PL_738,PL92,inside
PL_739,PL61,inside
PL_74,PL22,inside
PL_740,PL41,inside
PL_741,PL72,inside
PL_742,PL61,inside
PL_743,PL61,inside
PL_744,PL51,inside
PL_745,PL71,inside
PL_746,PL51,inside
PL_747,PL21,inside
PL_748,PL41,inside
PL_749,PL51,inside
PL_75,PL22,inside
PL_750,PL71,inside
PL_751,PL72,inside
PL_752,PL51,inside
PL_753,PL71,inside
PL_754,PL71,inside
PL_755,PL63,inside
PL_756,PL72,inside
PL_757,PL51,inside
PL_758,PL41,inside
PL_759,PL22,inside
PL_76,PL22,inside
PL_760,PL62,inside
PL_761,PL21,inside
PL_762,PL41,inside
PL_763,PL63,inside
PL_764,PL63,inside
PL_765,PL91,inside
PL_766,PL52,inside
PL_767,PL22,inside
PL_768,PL21,inside
PL_769,PL22,inside
PL_77,PL22,inside
PL_770,PL51,inside
PL_771,PL22,inside
PL_772,PL21,inside
PL_773,PL91,inside
PL_774,PL41,inside
PL_775,PL21,inside
PL_776,PL51,inside
PL_778,PL51,inside
PL_779,PL51,inside
PL_78,PL22,inside
PL_780,PL91,inside
PL_781,PL43,inside
PL_782,PL61,inside
PL_783,PL92,inside
PL_784,PL41,inside
PL_785,PL71,inside
PL_786,PL91,inside
PL_787,PL72,inside
PL_788,PL82,inside
PL_789,PL21,inside
PL_79,PL72,inside
PL_790,PL72,inside
PL_791,PL92,inside
PL_792,PL72,inside
PL_793,PL81,inside
PL_794,PL72,inside
PL_795,PL41,inside
PL_796,PL41,inside
PL_797,PL21,inside
PL_798,PL22,inside
PL_8,PL82,inside
PL_80,PL84,inside
PL_800,PL62,inside
PL_801,PL21,inside
PL_802,PL22,inside
PL_803,PL41,inside
PL_804,PL42,inside
PL_805,PL72,inside
PL_806,PL81,inside
PL_807,PL21,inside
PL_808,PL61,inside
PL_809,PL21,inside
PL_81,PL22,inside
PL_810,PL22,inside
PL_811,PL22,inside
PL_812,PL41,inside
PL_813,PL22,inside
PL_814,PL41,inside
PL_815,PL41,inside
PL_816,PL41,inside
PL_817,PL41,inside
PL_818,PL51,inside
PL_819,PL51,inside
PL_82,PL22,inside
PL_820,PL22,inside
PL_821,PL72,inside
PL_822,PL72,inside
PL_823,PL72,inside
PL_824,PL72,inside
PL_825,PL72,inside
PL_826,PL92,inside
PL_827,PL43,inside
PL_828,PL43,inside
PL_829,PL72,inside
PL_83,PL22,inside
PL_830,PL22,inside
PL_831,PL22,inside
PL_832,PL92,inside
PL_833,PL63,inside
PL_834,PL63,inside
PL_835,PL52,inside
PL_836,PL41,inside
PL_837,PL22,inside
PL_838,PL21,inside
PL_839,PL51,inside
PL_84,PL61,inside
PL_840,PL21,inside
PL_841,PL41,inside
PL_842,PL22,inside
PL_843,PL22,inside
PL_844,PL52,inside
PL_845,PL21,inside
PL_846,PL21,inside
PL_847,PL21,inside
PL_848,PL21,inside
PL_849,PL41,inside
PL_85,PL61,inside
PL_850,PL43,inside
PL_851,PL21,inside
PL_852,PL51,inside
PL_853,PL42,inside
PL_854,PL72,inside
PL_855,PL51,inside
PL_856,PL51,inside
PL_857,PL62,inside
PL_858,PL92,inside
PL_859,PL81,inside
PL_86,PL61,inside
PL_860,PL91,inside
PL_861,PL21,inside
PL_862,PL43,inside
PL_864,PL22,inside
PL_865,PL22,inside
PL_866,PL62,inside
PL_867,PL71,inside
PL_868,PL22,inside
PL_869,PL51,inside
PL_87,PL71,inside
PL_870,PL61,inside
PL_871,PL71,inside
PL_872,PL51,inside
PL_873,PL22,inside
PL_874,PL41,inside
PL_875,PL92,inside
PL_876,PL42,inside
PL_878,PL82,inside
PL_879,PL21,inside
PL_88,PL71,inside
PL_880,PL92,inside
PL_881,PL91,inside
PL_882,PL62,inside
PL_883,PL61,inside
PL_884,PL21,inside
PL_885,PL21,inside
PL_886,PL22,inside
PL_887,PL22,inside
PL_888,PL84,inside
PL_889,PL43,inside
PL_89,PL71,inside
PL_890,PL71,inside
PL_891,PL22,inside
PL_892,PL72,inside
PL_893,PL82,inside
PL_894,PL22,inside
PL_895,PL91,inside
PL_896,PL22,inside
PL_897,PL22,inside
PL_898,PL21,inside
PL_899,PL22,inside
PL_9,PL22,inside
PL_90,PL51,inside
PL_900,PL22,inside
PL_901,PL84,inside
PL_902,PL82,inside
PL_903,PL22,inside
PL_904,PL22,inside
PL_905,PL22,inside
PL_906,PL43,inside
PL_907,PL92,inside
PL_908,PL41,inside
PL_909,PL42,inside
PL_91,PL51,inside
PL_910,PL92,inside
PL_911,PL51,inside
PL_912,PL22,inside
PL_913,PL42,inside
PL_914,PL52,inside
PL_915,PL82,inside
PL_916,PL51,inside
PL_917,PL52,inside
PL_918,PL84,inside
PL_919,PL63,inside
PL_92,PL22,inside
PL_920,PL63,inside
PL_921,PL81,inside
PL_922,PL81,inside
PL_923,PL61,inside
PL_924,PL81,inside
PL_925,PL92,inside
PL_926,PL21,inside
PL_927,PL41,inside
PL_928,PL21,inside
PL_929,PL42,inside
PL_93,PL22,inside
PL_930,PL92,inside
PL_931,PL41,inside
PL_932,PL51,inside
PL_933,PL43,inside
PL_934,PL43,inside
PL_935,PL22,inside
PL_936,PL84,inside
PL_937,PL62,inside
PL_938,PL42,inside
PL_939,PL72,inside
PL_94,PL82,inside
PL_940,PL72,inside
PL_941,PL71,inside
PL_942,PL52,inside
PL_943,PL41,inside
PL_944,PL62,inside
PL_945,PL22,inside
PL_946,PL22,inside
PL_947,PL92,inside
PL_948,PL41,inside
PL_949,PL52,inside
PL_95,PL92,inside
PL_950,PL92,inside
PL_951,PL22,inside
PL_952,PL62,inside
PL_953,PL92,inside
PL_954,PL81,inside
PL_96,PL22,inside
PL_97,PL22,inside
PL_98,PL92,inside
PL_99,PL51,inside
PT_1,PT11,inside
PT_10,PT19,inside
PT_100,PT1C,inside
PT_101,PT11,inside
PT_102,PT11,inside
PT_103,PT11,inside
PT_104,PT1A,inside
PT_105,PT1B,inside
PT_106,PT1B,inside
PT_107,PT1B,inside
PT_108,PT1B,inside
PT_109,PT11,inside
PT_11,PT19,inside
PT_110,PT11,inside
PT_111,PT19,inside
PT_112,PT1D,inside
PT_113,PT1B,nearest_5km
PT_114,PT19,inside
PT_115,PT1D,inside
PT_116,PT19,inside
PT_117,PT20,inside
PT_118,PT1D,inside
PT_119,PT19,inside
PT_12,PT19,inside
PT_120,PT11,inside
PT_121,PT1D,inside
PT_122,PT1D,inside
PT_123,PT1A,inside
PT_124,PT1D,inside
PT_125,PT19,inside
PT_126,PT19,inside
PT_127,PT1D,inside
PT_128,PT1D,inside
PT_129,PT1D,inside
PT_13,PT1D,inside
PT_130,PT15,inside
PT_131,PT19,inside
PT_132,PT19,inside
PT_133,PT19,inside
PT_134,PT1D,inside
PT_135,PT1D,inside
PT_136,PT1D,inside
PT_137,PT1A,inside
PT_138,PT19,inside
PT_139,PT19,inside
PT_14,PT19,inside
PT_140,PT1B,inside
PT_141,PT19,inside
PT_142,PT1D,inside
PT_143,PT19,inside
PT_144,PT1D,inside
PT_145,PT19,inside
PT_146,PT11,inside
PT_147,PT11,inside
PT_148,PT1D,inside
PT_149,PT1D,inside
PT_15,PT1D,inside
PT_150,PT1B,inside
PT_151,PT19,inside
PT_152,PT19,inside
PT_153,PT19,inside
PT_154,PT1D,inside
PT_155,PT19,inside
PT_156,PT11,inside
PT_157,PT1D,inside
PT_158,PT19,inside
PT_159,PT19,inside
PT_16,PT19,inside
PT_160,PT19,inside
PT_161,PT19,inside
PT_162,PT19,inside
PT_163,PT19,inside
PT_164,PT1D,inside
PT_165,PT19,inside
PT_166,PT19,inside
PT_167,PT19,inside
PT_168,PT19,inside
PT_169,PT19,inside
PT_17,PT19,inside
PT_170,PT19,inside
PT_171,PT11,inside
PT_172,PT19,inside
PT_173,PT15,inside
PT_174,PT19,inside
PT_175,PT19,inside
PT_176,PT19,inside
PT_177,PT11,inside
PT_178,PT19,inside
PT_179,PT1D,inside
PT_18,PT19,inside
PT_180,PT19,inside
PT_181,PT1D,inside
PT_182,PT11,inside
PT_183,PT19,inside
PT_184,PT1B,nearest_5km
PT_185,PT11,inside
PT_186,PT11,inside
PT_187,PT1B,inside
PT_188,PT19,inside
PT_189,PT19,inside
PT_19,PT1D,inside
PT_190,PT1D,inside
PT_191,PT11,inside
PT_192,PT11,inside
PT_193,PT1B,inside
PT_194,PT30,nearest_5km
PT_195,PT30,inside
PT_196,PT19,inside
PT_197,PT19,inside
PT_198,PT1A,inside
PT_199,PT19,inside
PT_2,PT1D,inside
PT_20,PT1D,inside
PT_200,PT19,inside
PT_201,PT1A,inside
PT_201920,PT11,inside
PT_202,PT15,inside
PT_203,PT19,inside
PT_203314,PT1B,inside
PT_203829,PT19,inside
PT_204,PT19,inside
PT_205,PT19,inside
PT_205023,PT1B,nearest_5km
PT_205024,PT19,inside
PT_205074,PT19,inside
PT_205076,PT1D,inside
PT_205077,PT19,inside
PT_205078,PT1D,inside
PT_205083,PT1D,inside
PT_205102,PT19,inside
PT_205123,PT19,inside
PT_205127,PT11,inside
PT_205147,PT19,inside
PT_205168,PT19,inside
PT_205169,PT19,inside
PT_205178,PT19,inside
PT_205186,PT19,inside
PT_205188,PT19,inside
PT_205189,PT19,inside
PT_205195,PT19,inside
PT_205196,PT11,inside
PT_205231,PT1D,inside
PT_205242,PT19,inside
PT_205284,PT19,inside
PT_205390,PT19,inside
PT_205533,PT19,inside
PT_205551,PT19,inside
PT_205552,PT19,inside
PT_205553,PT19,inside
PT_205566,PT19,inside
PT_205572,PT19,inside
PT_205623,PT19,inside
PT_205629,PT19,inside
PT_205642,PT19,inside
PT_205653,PT1A,inside
PT_205680,PT1C,inside
PT_205802,PT19,inside
PT_205803,PT19,inside
PT_205819,PT1C,inside
PT_205827,PT11,inside
PT_205900,PT19,inside
PT_206,PT1C,inside
PT_206093,PT19,inside
PT_206190,PT19,inside
PT_206198,PT19,inside
PT_206231,PT19,inside
PT_206288,PT1D,inside
PT_207,PT19,inside
PT_207017,PT19,inside
PT_207706,PT11,inside
PT_208,PT11,inside
PT_208842,PT1C,inside
PT_209,PT19,inside
PT_21,PT1B,inside
PT_210,PT1A,nearest_5km
PT_210093,PT1D,inside
PT_210095,PT19,inside
PT_210637,PT11,inside
PT_210678,PT19,inside
PT_210683,PT19,inside
PT_211,PT11,inside
PT_212,PT1D,inside
PT_212703,PT19,inside
PT_213,PT1D,inside
PT_214,PT15,inside
PT_215,PT20,nearest_5km
PT_216,PT20,inside
PT_217,PT20,inside
PT_218,PT20,nearest_5km
PT_219,PT1D,inside
PT_219140,PT1C,inside
PT_22,PT19,inside
PT_220,PT11,inside
PT_221,PT11,inside
PT_222,PT19,inside
PT_223,PT19,inside
PT_224,PT11,inside
PT_225,PT1D,inside
PT_226,PT1D,inside
PT_226386,PT19,inside
PT_227,PT1A,inside
PT_227602,PT1A,nearest_5km
PT_228,PT1D,inside
PT_228130,PT1C,nearest_5km
PT_229,PT1D,inside
PT_229140,PT19,inside
PT_23,PT1D,inside
PT_230,PT11,inside
PT_231,PT1D,inside
PT_232,PT11,inside
PT_232160,PT19,inside
PT_233,PT19,inside
PT_234,PT19,inside
PT_235,PT19,inside
PT_236,PT19,inside
PT_237,PT11,inside
PT_238,PT19,inside
PT_239,PT19,inside
PT_24,PT19,inside
PT_240,PT19,inside
PT_241,PT1D,inside
PT_242,PT11,inside
PT_243,PT19,inside
PT_244,PT11,inside
PT_245,PT11,inside
PT_246,PT1B,inside
PT_247,PT11,inside
PT_248,PT1C,inside
PT_249,PT1C,inside
PT_25,PT1A,inside
PT_250,PT1A,inside
PT_251,PT11,inside
PT_252,PT20,inside
PT_253,PT11,inside
PT_254,PT19,inside
PT_255,PT1D,inside
PT_256,PT19,inside
PT_257,PT1A,inside
PT_258,PT1D,inside
PT_259,PT1C,inside
PT_26,PT19,inside
PT_260,PT19,inside
PT_263,PT11,inside
PT_265,PT19,inside
PT_269,PT11,inside
PT_27,PT19,inside
PT_270,PT11,inside
PT_272,PT1A,inside
PT_273,PT1C,inside
PT_275,PT1D,inside
PT_276,PT19,inside
PT_277,PT1B,inside
PT_28,PT1D,inside
PT_282,PT19,inside
PT_283,PT11,inside
PT_284,PT1B,inside
PT_285,PT19,inside
PT_286,PT19,inside
PT_287,PT1B,inside
PT_288,PT1D,inside
PT_289,PT19,inside
PT_29,PT19,inside
PT_290,PT1B,nearest_5km
PT_291,PT1D,inside
PT_292,PT11,inside
PT_293,PT1B,inside
PT_294,PT19,inside
PT_295,PT20,nearest_5km
PT_296,PT1C,inside
PT_297,PT1B,inside
PT_3,PT1B,inside
PT_30,PT11,inside
PT_31,PT19,inside
PT_32,PT19,inside
PT_33,PT11,inside
PT_34,PT19,inside
PT_35,PT1A,inside
PT_36,PT19,inside
PT_37,PT19,inside
PT_38,PT1D,inside
PT_39,PT1C,nearest_5km
PT_4,PT1D,inside
PT_40,PT19,inside
PT_41,PT1D,inside
PT_42,PT19,inside
PT_43,PT19,inside
PT_44,PT11,inside
PT_45,PT11,inside
PT_46,PT19,inside
PT_47,PT11,inside
PT_48,PT1A,inside
PT_49,PT19,inside
PT_5,PT1B,inside
PT_50,PT19,inside
PT_51,PT19,inside
PT_52,PT15,inside
PT_53,PT19,inside
PT_54,PT19,inside
PT_55,PT11,inside
PT_56,PT11,inside
PT_57,PT19,inside
PT_58,PT19,inside
PT_59,PT1A,inside
PT_6,PT19,inside
PT_60,PT1D,inside
PT_61,PT1D,inside
PT_62,PT11,inside
PT_63,PT1A,inside
PT_64,PT19,inside
PT_65,PT11,inside
PT_66,PT19,inside
PT_67,PT19,inside
PT_68,PT19,inside
PT_69,PT19,inside
PT_7,PT11,inside
PT_70,PT19,inside
PT_71,PT11,inside
PT_72,PT30,nearest_5km
PT_73,PT19,inside
PT_74,PT19,inside
PT_75,PT11,inside
PT_76,PT1D,inside
PT_77,PT19,inside
PT_78,PT1D,inside
PT_79,PT11,inside
PT_8,PT11,inside
PT_80,PT11,inside
PT_81,PT1A,inside
PT_82,PT1D,inside
PT_83,PT11,inside
PT_84,PT1D,inside
PT_85,PT19,inside
PT_86,PT19,inside
PT_87,PT11,inside
PT_88,PT19,inside
PT_89,PT19,inside
PT_9,PT11,inside
PT_90,PT11,inside
PT_91,PT1A,inside
PT_92,PT11,inside
PT_93,PT11,inside
PT_94,PT19,inside
PT_95,PT1A,inside
PT_96,PT15,inside
PT_97,PT1A,inside
PT_98,PT1B,nearest_5km
PT_99,PT1B,inside
RO_1,RO42,inside
RO_10,RO22,inside
RO_100,RO12,inside
RO_101,RO12,inside
RO_102,RO41,inside
RO_103,RO32,inside
RO_104,RO32,inside
RO_105,RO32,inside
RO_106,RO32,inside
RO_107,RO32,inside
RO_108,RO12,inside
RO_109,RO22,inside
RO_11,RO31,inside
RO_110,RO42,inside
RO_111,RO22,inside
RO_112,RO11,inside
RO_113,RO12,inside
RO_114,RO12,inside
RO_115,RO12,inside
RO_116,RO12,inside
RO_117,RO12,inside
RO_118,RO12,inside
RO_119,RO22,inside
RO_12,RO31,inside
RO_120,RO22,inside
RO_121,RO11,inside
RO_122,RO11,inside
RO_123,RO31,inside
RO_124,RO31,inside
RO_125,RO21,inside
RO_126,RO21,inside
RO_127,RO32,inside
RO_128,RO12,inside
RO_129,RO12,inside
RO_13,RO31,inside
RO_130,RO31,inside
RO_131,RO12,inside
RO_132,RO11,inside
RO_133,RO31,inside
RO_134,RO11,inside
RO_135,RO12,inside
RO_136,RO12,inside
RO_137,RO41,inside
RO_138,RO11,inside
RO_139,RO12,inside
RO_14,RO41,inside
RO_140,RO31,inside
RO_141,RO22,inside
RO_142,RO12,inside
RO_143,RO12,inside
RO_144,RO22,inside
RO_145,RO32,inside
RO_146,RO21,inside
RO_147,RO41,inside
RO_148,RO31,inside
RO_149,RO31,inside
RO_15,RO41,inside
RO_150,RO11,inside
RO_151,RO12,inside
RO_152,RO12,inside
RO_153,RO21,inside
RO_154,RO42,inside
RO_155,RO12,inside
RO_156,RO12,inside
RO_157,RO32,inside
RO_158,RO41,inside
RO_159,RO12,inside
RO_16,RO12,inside
RO_160,RO31,inside
RO_161,RO31,inside
RO_162,RO12,inside
RO_163,RO21,inside
RO_164,RO21,inside
RO_165,RO31,inside
RO_166,RO41,inside
RO_167,RO22,inside
RO_168,RO12,inside
RO_169,RO12,inside
RO_17,RO41,inside
RO_170,RO22,inside
RO_171,RO31,inside
RO_172,RO31,inside
RO_173,RO21,inside
RO_174,RO42,inside
RO_175,RO31,inside
RO_176,RO21,inside
RO_177,RO22,inside
RO_178,RO22,inside
RO_179,RO31,inside
RO_18,RO41,inside
RO_180,RO21,inside
RO_181,RO31,inside
RO_182,RO11,inside
RO_183,RO12,inside
RO_184,RO12,inside
RO_185,RO21,inside
RO_186,RO12,inside
RO_187,RO11,inside
RO_188,RO11,inside
RO_189,RO22,inside
RO_19,RO41,inside
RO_190,RO41,inside
RO_191,RO12,inside
RO_192,RO41,inside
RO_193,RO31,inside
RO_194,RO31,inside
RO_195,RO11,inside
RO_196,RO12,inside
RO_197,RO32,inside
RO_198,RO11,inside
RO_199,RO11,inside
RO_2,RO32,inside
RO_20,RO41,inside
RO_200,RO31,inside
RO_201,RO21,inside
RO_201674,RO21,inside
RO_202,RO21,inside
RO_203,RO21,inside
RO_204,RO31,inside
RO_204906,RO41,inside
RO_205,RO21,inside
RO_205990,RO31,inside
RO_206,RO21,inside
RO_206882,RO31,inside
RO_206922,RO31,inside
RO_207,RO22,inside
RO_207234,RO21,inside
RO_207235,RO11,inside
RO_207646,RO41,inside
RO_207678,RO41,inside
RO_207679,RO21,inside
RO_207680,RO11,inside
RO_208,RO31,inside
RO_209,RO42,inside
RO_209044,RO11,inside
RO_209602,RO12,inside
RO_209822,RO31,inside
RO_21,RO41,inside
RO_210,RO31,inside
RO_210324,RO12,inside
RO_210540,RO11,inside
RO_211,RO31,inside
RO_212,RO21,inside
RO_212300,RO41,inside
RO_213,RO41,inside
RO_213100,RO32,inside
RO_213221,RO31,inside
RO_213540,RO22,inside
RO_214,RO42,inside
RO_214780,RO31,inside
RO_215,RO42,inside
RO_215040,RO12,inside
RO_215500,RO31,inside
RO_216,RO12,inside
RO_216262,RO11,inside
RO_217,RO22,inside
RO_217760,RO41,inside
RO_218,RO31,inside
RO_219,RO42,inside
RO_219580,RO22,inside
RO_22,RO41,inside
RO_220,RO42,inside
RO_220945,RO22,inside
RO_221,RO42,inside
RO_222,RO31,inside
RO_223,RO11,inside
RO_224,RO31,inside
RO_224080,RO11,inside
RO_225,RO22,inside
RO_226,RO31,inside
RO_227,RO41,inside
RO_228,RO11,inside
RO_229,RO41,inside
RO_23,RO31,inside
RO_230,RO21,inside
RO_231,RO31,inside
RO_232,RO22,inside
RO_233,RO32,inside
RO_233260,RO12,inside
RO_233420,RO11,inside
RO_233683,RO11,inside
RO_234,RO11,inside
RO_235,RO31,inside
RO_236,RO12,inside
RO_237,RO12,inside
RO_238,RO22,inside
RO_239,RO31,inside
RO_24,RO42,inside
RO_240,RO21,inside
RO_241,RO31,inside
RO_242,RO41,inside
RO_243,RO12,inside
RO_244,RO22,inside
RO_25,RO31,inside
RO_250,RO21,inside
RO_251,RO31,inside
RO_253,RO22,inside
RO_254,RO31,inside
RO_255,RO42,inside
RO_256,RO31,inside
RO_258,RO31,inside
RO_259,RO21,inside
RO_26,RO31,inside
RO_260,RO22,inside
RO_262,RO42,inside
RO_263,RO12,inside
RO_264,RO32,inside
RO_266,RO11,inside
RO_267,RO32,inside
RO_268,RO12,inside
RO_269,RO12,inside
RO_27,RO32,inside
RO_270,RO12,inside
RO_272,RO31,inside
RO_273,RO11,inside
RO_274,RO42,inside
RO_275,RO22,inside
RO_279,RO11,inside
RO_28,RO41,inside
RO_282,RO31,inside
RO_283,RO31,inside
RO_284,RO22,inside
RO_285,RO31,inside
RO_286,RO21,inside
RO_287,RO12,inside
RO_289,RO31,inside
RO_29,RO11,inside
RO_290,RO22,inside
RO_291,RO31,inside
RO_292,RO31,inside
RO_293,RO21,inside
RO_294,RO41,inside
RO_3,RO41,inside
RO_30,RO22,inside
RO_303,RO42,inside
RO_304,RO22,inside
RO_31,RO42,inside
RO_32,RO21,inside
RO_33,RO22,inside
RO_34,RO21,inside
RO_35,RO41,inside
RO_36,RO41,inside
RO_37,RO22,inside
RO_38,RO21,inside
RO_39,RO31,inside
RO_4,RO11,inside
RO_40,RO21,inside
RO_41,RO42,inside
RO_42,RO42,inside
RO_43,RO21,inside
RO_44,RO22,inside
RO_45,RO42,inside
RO_46,RO42,inside
RO_47,RO11,inside
RO_48,RO11,inside
RO_49,RO31,inside
RO_5,RO11,inside
RO_50,RO12,inside
RO_51,RO31,inside
RO_52,RO12,inside
RO_53,RO11,inside
RO_54,RO41,inside
RO_55,RO31,inside
RO_56,RO31,inside
RO_57,RO42,inside
RO_58,RO31,inside
RO_59,RO42,inside
RO_6,RO12,inside
RO_60,RO21,inside
RO_61,RO12,inside
RO_62,RO12,inside
RO_63,RO31,inside
RO_64,RO22,inside
RO_65,RO41,inside
RO_66,RO11,inside
RO_67,RO31,inside
RO_68,RO21,inside
RO_69,RO11,inside
RO_7,RO22,inside
RO_70,RO12,inside
RO_71,RO12,inside
RO_72,RO42,inside
RO_73,RO41,inside
RO_74,RO32,inside
RO_75,RO21,inside
RO_76,RO21,inside
RO_77,RO21,inside
RO_78,RO21,inside
RO_79,RO22,inside
RO_8,RO31,inside
RO_80,RO21,inside
RO_81,RO41,inside
RO_82,RO11,inside
RO_83,RO42,inside
RO_84,RO42,inside
RO_85,RO31,inside
RO_86,RO41,inside
RO_87,RO41,inside
RO_88,RO41,inside
RO_89,RO42,inside
RO_9,RO22,inside
RO_90,RO31,inside
RO_91,RO32,inside
RO_92,RO11,inside
RO_93,RO21,inside
RO_94,RO21,inside
RO_95,RO31,inside
RO_96,RO31,inside
RO_97,RO32,inside
RO_98,RO42,inside
RO_99,RO42,inside
SE_1,SE12,inside
SE_10,SE11,inside
SE_100,SE31,inside
SE_101,SE23,inside
SE_102,SE23,inside
SE_103,SE21,inside
SE_104,SE23,inside
SE_105,SE23,inside
SE_106,SE23,inside
SE_107,SE33,inside
SE_108,SE23,inside
SE_109,SE23,inside
SE_11,SE11,inside
SE_110,SE23,inside
SE_111,SE22,inside
SE_112,SE23,inside
SE_113,SE23,inside
SE_114,SE23,inside
SE_115,SE23,inside
SE_116,SE23,inside
SE_117,SE32,inside
SE_118,SE23,inside
SE_119,SE33,inside
SE_12,SE11,inside
SE_120,SE31,inside
SE_121,SE31,inside
SE_122,SE12,inside
SE_123,SE32,inside
SE_124,SE22,inside
SE_125,SE32,inside
SE_126,SE32,inside
SE_127,SE32,inside
SE_128,SE23,inside
SE_129,SE21,inside
SE_13,SE11,inside
SE_130,SE21,inside
SE_131,SE21,inside
SE_132,SE21,inside
SE_133,SE21,inside
SE_134,SE22,inside
SE_135,SE22,inside
SE_136,SE22,inside
SE_137,SE22,inside
SE_138,SE22,inside
SE_139,SE12,inside
SE_14,SE11,inside
SE_140,SE12,inside
SE_141,SE22,inside
SE_142,SE22,nearest_5km
SE_143,SE31,inside
SE_144,SE31,inside
SE_145,SE31,inside
SE_146,SE31,inside
SE_147,SE31,inside
SE_148,SE23,inside
SE_149,SE12,inside
SE_15,SE11,inside
SE_150,SE12,inside
SE_151,SE32,inside
SE_152,SE12,inside
SE_153,SE23,inside
SE_154,SE12,inside
SE_155,SE12,inside
SE_156,SE12,inside
SE_157,SE22,inside
SE_158,SE22,inside
SE_159,SE22,inside
SE_16,SE11,inside
SE_160,SE21,inside
SE_161,SE23,inside
SE_162,SE21,inside
SE_163,SE12,inside
SE_164,SE12,inside
SE_165,SE22,inside
SE_166,SE22,inside
SE_167,SE21,nearest_5km
SE_168,SE22,inside
SE_169,SE22,inside
SE_17,SE11,inside
SE_170,SE31,inside
SE_171,SE12,inside
SE_172,SE12,inside
SE_173,SE23,inside
SE_174,SE23,inside
SE_175,SE12,inside
SE_176,SE21,inside
SE_177,SE31,inside
SE_178,SE33,inside
SE_179,SE12,inside
SE_18,SE31,inside
SE_180,SE33,inside
SE_181,SE33,inside
SE_182,SE33,inside
SE_183,SE22,inside
SE_184,SE22,inside
SE_185,SE22,inside
SE_186,SE22,nearest_5km
SE_187,SE33,inside
SE_188,SE23,inside
SE_189,SE12,inside
SE_19,SE11,inside
SE_190,SE12,inside
SE_191,SE12,inside
SE_192,SE12,inside
SE_193,SE12,inside
SE_194,SE12,inside
SE_195,SE12,inside
SE_196,SE23,inside
SE_197,SE23,inside
SE_198,SE11,inside
SE_199,SE31,inside
SE_2,SE12,inside
SE_20,SE11,inside
SE_200,SE11,inside
SE_201,SE11,inside
SE_201625,SE23,inside
SE_201843,SE22,inside
SE_202,SE21,inside
SE_202297,SE21,inside
SE_202298,SE32,inside
SE_202299,SE32,inside
SE_202713,SE23,inside
SE_202805,SE32,inside
SE_202809,SE32,inside
SE_202810,SE32,inside
SE_202835,SE12,inside
SE_202845,SE11,inside
SE_202860,SE21,inside
SE_202867,SE33,inside
SE_203,SE21,nearest_5km
SE_203005,SE33,inside
SE_203007,SE22,inside
SE_203014,SE21,inside
SE_203188,SE12,inside
SE_203201,SE32,inside
SE_203399,SE31,inside
SE_203743,SE33,inside
SE_203763,SE21,inside
SE_203917,SE22,inside
SE_204,SE21,inside
SE_204052,SE23,inside
SE_204053,SE23,inside
SE_204256,SE12,inside
SE_204726,SE22,inside
SE_204841,SE11,inside
SE_204842,SE11,inside
SE_204881,SE23,inside
SE_204948,SE23,inside
SE_205,SE23,inside
SE_205002,SE22,inside
SE_205175,SE31,inside
SE_205193,SE22,inside
SE_205221,SE12,inside
SE_205316,SE32,inside
SE_205634,SE23,inside
SE_205651,SE31,inside
SE_205652,SE23,inside
SE_205665,SE23,inside
SE_205685,SE11,inside
SE_205791,SE21,inside
SE_205792,SE21,inside
SE_205800,SE21,inside
SE_205805,SE33,inside
SE_205808,SE31,inside
SE_205887,SE22,inside
SE_205903,SE22,inside
SE_205906,SE11,inside
SE_206,SE22,inside
SE_206002,SE31,inside
SE_206045,SE31,inside
SE_206082,SE23,inside
SE_206192,SE12,inside
SE_206197,SE12,inside
SE_206229,SE32,inside
SE_206230,SE32,inside
SE_206541,SE33,inside
SE_206883,SE22,nearest_5km
SE_206924,SE23,inside
SE_206945,SE11,inside
SE_206966,SE23,inside
SE_207,SE33,inside
SE_207004,SE11,inside
SE_207022,SE32,inside
SE_207362,SE22,inside
SE_207488,SE22,inside
SE_207522,SE11,inside
SE_207555,SE31,inside
SE_207649,SE23,inside
SE_207651,SE22,inside
SE_207654,SE21,inside
SE_207662,SE11,inside
SE_207663,SE11,inside
SE_207666,SE21,inside
SE_207667,SE21,inside
SE_207668,SE21,inside
SE_207669,SE21,inside
SE_207673,SE22,nearest_5km
SE_207698,SE31,inside
SE_207747,SE23,inside
SE_207942,SE31,inside
SE_208,SE23,nearest_5km
SE_208282,SE21,inside
SE_208482,SE33,inside
SE_208543,SE31,inside
SE_208763,SE23,inside
SE_208764,SE23,inside
SE_208832,SE12,inside
SE_208942,SE22,inside
SE_209,SE22,inside
SE_209062,SE31,inside
SE_209072,SE11,inside
SE_209074,SE21,inside
SE_209722,SE32,inside
SE_209930,SE33,inside
SE_209970,SE23,inside
SE_21,SE11,inside
SE_210,SE22,inside
SE_210139,SE11,inside
SE_210477,SE33,inside
SE_210528,SE21,inside
SE_210529,SE21,inside
SE_210530,SE21,inside
SE_210538,SE11,inside
SE_210543,SE21,inside
SE_210587,SE22,inside
SE_210594,SE23,inside
SE_210595,SE23,inside
SE_210604,SE33,inside
SE_210611,SE23,inside
SE_210640,SE23,inside
SE_210698,SE11,inside
SE_211,SE22,inside
SE_211058,SE23,inside
SE_211078,SE33,inside
SE_211079,SE33,inside
SE_211080,SE33,inside
SE_211081,SE33,inside
SE_211082,SE33,inside
SE_211083,SE33,inside
SE_211098,SE12,inside
SE_211099,SE12,inside
SE_211100,SE12,inside
SE_211378,SE33,inside
SE_212,SE22,inside
SE_212038,SE21,inside
SE_212080,SE32,inside
SE_212782,SE22,inside
SE_213,SE33,inside
SE_213160,SE33,inside
SE_213260,SE23,inside
SE_213481,SE12,inside
SE_213500,SE21,inside
SE_213860,SE11,inside
SE_214,SE31,inside
SE_214020,SE11,inside
SE_215,SE31,inside
SE_215301,SE31,inside
SE_215541,SE21,inside
SE_215620,SE33,inside
SE_216,SE33,inside
SE_216020,SE11,inside
SE_216041,SE32,inside
SE_216381,SE12,inside
SE_216440,SE31,inside
SE_216660,SE21,inside
SE_217,SE22,inside
SE_217480,SE11,inside
SE_217481,SE23,inside
SE_217500,SE33,inside
SE_217840,SE22,inside
SE_217860,SE11,inside
SE_217861,SE11,inside
SE_218,SE23,inside
SE_218260,SE22,inside
SE_218381,SE23,inside
SE_218460,SE22,inside
SE_218561,SE31,inside
SE_218580,SE31,inside
SE_218760,SE33,inside
SE_218761,SE33,inside
SE_218762,SE33,inside
SE_219,SE23,inside
SE_219320,SE23,inside
SE_219340,SE33,inside
SE_219341,SE33,inside
SE_219342,SE33,inside
SE_219360,SE22,inside
SE_219720,SE11,inside
SE_22,SE31,inside
SE_220,SE23,inside
SE_220021,SE22,inside
SE_220041,SE31,inside
SE_220100,SE22,inside
SE_220200,SE32,inside
SE_220260,SE11,inside
SE_220744,SE12,inside
SE_220828,SE22,inside
SE_221,SE31,inside
SE_221481,SE32,inside
SE_221484,SE32,inside
SE_221485,SE32,inside
SE_221512,SE23,inside
SE_221800,SE23,inside
SE_222,SE22,inside
SE_223,SE11,inside
SE_223643,SE23,inside
SE_224,SE12,inside
SE_224010,SE32,inside
SE_224380,SE23,inside
SE_225,SE12,inside
SE_225382,SE32,inside
SE_226,SE12,inside
SE_226564,SE33,inside
SE_227,SE32,inside
SE_227143,SE31,inside
SE_227372,SE23,inside
SE_227400,SE11,inside
SE_228,SE32,inside
SE_229,SE32,inside
SE_23,SE31,inside
SE_230,SE32,inside
SE_230380,SE12,inside
SE_231,SE32,inside
SE_232,SE32,inside
SE_233,SE32,inside
SE_234,SE23,inside
SE_235,SE11,inside
SE_236,SE11,inside
SE_237,SE23,inside
SE_238,SE23,inside
SE_239,SE22,inside
SE_24,SE11,inside
SE_240,SE23,inside
SE_241,SE22,inside
SE_242,SE22,inside
SE_243,SE12,inside
SE_244,SE12,inside
SE_245,SE12,inside
SE_246,SE12,inside
SE_247,SE12,inside
SE_248,SE31,inside
SE_249,SE31,inside
SE_25,SE11,inside
SE_250,SE12,inside
SE_251,SE23,inside
SE_252,SE21,inside
SE_253,SE11,inside
SE_254,SE23,inside
SE_255,SE23,inside
SE_256,SE22,inside
SE_257,SE22,inside
SE_258,SE22,nearest_5km
SE_259,SE23,inside
SE_26,SE11,inside
SE_260,SE23,inside
SE_261,SE23,inside
SE_262,SE22,inside
SE_263,SE21,inside
SE_264,SE33,inside
SE_265,SE21,inside
SE_266,SE12,inside
SE_267,SE12,inside
SE_268,SE12,inside
SE_269,SE31,inside
SE_27,SE11,inside
SE_270,SE31,inside
SE_271,SE11,inside
SE_272,SE11,inside
SE_273,SE11,inside
SE_274,SE11,inside
SE_275,SE31,inside
SE_276,SE11,inside
SE_277,SE23,inside
SE_278,SE33,inside
SE_279,SE12,inside
SE_28,SE11,inside
SE_280,SE12,inside
SE_281,SE12,inside
SE_282,SE12,inside
SE_283,SE12,inside
SE_284,SE12,inside
SE_285,SE12,inside
SE_286,SE21,inside
SE_287,SE21,inside
SE_288,SE23,inside
SE_289,SE23,inside
SE_29,SE11,inside
SE_290,SE23,inside
SE_291,SE23,inside
SE_292,SE23,inside
SE_293,SE33,inside
SE_294,SE22,nearest_5km
SE_295,SE33,inside
SE_296,SE33,inside
SE_297,SE12,inside
SE_298,SE23,inside
SE_299,SE12,nearest_5km
SE_3,SE12,inside
SE_30,SE11,inside
SE_300,SE21,inside
SE_301,SE21,inside
SE_302,SE22,inside
SE_303,SE21,inside
SE_304,SE12,inside
SE_305,SE11,inside
SE_306,SE12,inside
SE_307,SE21,inside
SE_308,SE21,inside
SE_309,SE12,inside
SE_31,SE11,inside
SE_310,SE12,inside
SE_311,SE22,inside
SE_312,SE23,inside
SE_313,SE21,inside
SE_314,SE23,inside
SE_315,SE23,inside
SE_316,SE23,inside
SE_317,SE31,inside
SE_318,SE23,inside
SE_319,SE11,inside
SE_32,SE12,inside
SE_320,SE11,inside
SE_321,SE33,inside
SE_322,SE12,inside
SE_323,SE12,inside
SE_324,SE21,inside
SE_325,SE11,inside
SE_326,SE21,inside
SE_327,SE12,inside
SE_328,SE31,inside
SE_329,SE31,inside
SE_33,SE31,inside
SE_330,SE12,inside
SE_331,SE31,inside
SE_332,SE21,inside
SE_333,SE21,inside
SE_334,SE21,inside
SE_335,SE21,inside
SE_336,SE21,inside
SE_337,SE22,inside
SE_338,SE12,inside
SE_339,SE22,inside
SE_34,SE31,inside
SE_340,SE22,inside
SE_341,SE21,inside
SE_342,SE22,inside
SE_343,SE11,inside
SE_344,SE22,inside
SE_345,SE32,inside
SE_346,SE11,inside
SE_347,SE31,inside
SE_348,SE31,inside
SE_349,SE12,inside
SE_35,SE31,inside
SE_350,SE23,inside
SE_351,SE32,inside
SE_352,SE31,inside
SE_353,SE21,inside
SE_354,SE11,inside
SE_355,SE12,inside
SE_356,SE33,nearest_5km
SE_357,SE23,inside
SE_358,SE23,inside
SE_359,SE23,inside
SE_36,SE33,inside
SE_360,SE11,inside
SE_361,SE31,inside
SE_362,SE22,inside
SE_363,SE22,inside
SE_364,SE22,inside
SE_365,SE22,inside
SE_366,SE12,inside
SE_367,SE22,inside
SE_368,SE22,inside
SE_369,SE23,inside
SE_37,SE11,inside
SE_370,SE21,inside
SE_371,SE22,inside
SE_372,SE31,inside
SE_373,SE22,inside
SE_374,SE22,inside
SE_375,SE33,inside
SE_376,SE23,inside
SE_377,SE33,inside
SE_378,SE31,inside
SE_379,SE22,inside
SE_38,SE31,inside
SE_380,SE22,inside
SE_381,SE23,inside
SE_382,SE12,inside
SE_383,SE32,inside
SE_384,SE21,inside
SE_385,SE11,inside
SE_386,SE31,inside
SE_387,SE12,inside
SE_388,SE31,inside
SE_389,SE22,inside
SE_39,SE31,inside
SE_390,SE12,inside
SE_391,SE23,inside
SE_392,SE33,inside
SE_393,SE12,inside
SE_394,SE12,inside
SE_395,SE12,inside
SE_396,SE12,inside
SE_397,SE22,inside
SE_398,SE23,inside
SE_399,SE12,inside
SE_4,SE11,inside
SE_40,SE11,inside
SE_400,SE33,inside
SE_401,SE31,inside
SE_402,SE23,inside
SE_403,SE32,inside
SE_404,SE21,inside
SE_405,SE23,inside
SE_406,SE21,inside
SE_407,SE22,inside
SE_408,SE21,inside
SE_409,SE12,inside
SE_41,SE33,inside
SE_410,SE12,inside
SE_411,SE33,inside
SE_412,SE23,inside
SE_413,SE23,inside
SE_414,SE22,inside
SE_415,SE11,inside
SE_416,SE12,inside
SE_417,SE31,inside
SE_418,SE31,inside
SE_419,SE31,inside
SE_42,SE11,inside
SE_420,SE12,inside
SE_421,SE12,inside
SE_422,SE11,nearest_5km
SE_423,SE23,inside
SE_424,SE23,inside
SE_425,SE23,inside
SE_426,SE23,nearest_5km
SE_427,SE12,inside
SE_428,SE21,inside
SE_429,SE23,inside
SE_43,SE11,inside
SE_430,SE23,inside
SE_431,SE12,inside
SE_432,SE31,inside
SE_433,SE33,nearest_5km
SE_434,SE12,inside
SE_435,SE31,inside
SE_436,SE31,inside
SE_437,SE11,inside
SE_438,SE32,inside
SE_439,SE23,inside
SE_44,SE11,inside
SE_440,SE23,inside
SE_441,SE12,inside
SE_442,SE32,inside
SE_443,SE12,inside
SE_444,SE11,inside
SE_445,SE12,inside
SE_446,SE31,inside
SE_447,SE33,inside
SE_448,SE22,inside
SE_449,SE21,inside
SE_45,SE11,inside
SE_450,SE23,inside
SE_451,SE31,inside
SE_452,SE23,inside
SE_453,SE23,inside
SE_454,SE23,inside
SE_455,SE32,inside
SE_456,SE31,inside
SE_457,SE12,inside
SE_458,SE31,inside
SE_459,SE32,inside
SE_46,SE11,inside
SE_460,SE32,inside
SE_461,SE23,inside
SE_462,SE33,inside
SE_463,SE33,nearest_5km
SE_464,SE12,inside
SE_465,SE23,inside
SE_466,SE21,inside
SE_467,SE23,inside
SE_468,SE31,inside
SE_469,SE31,inside
SE_47,SE21,inside
SE_470,SE23,inside
SE_471,SE31,inside
SE_472,SE22,inside
SE_473,SE31,inside
SE_474,SE12,inside
SE_475,SE31,inside
SE_476,SE31,inside
SE_477,SE12,inside
SE_478,SE21,inside
SE_479,SE22,inside
SE_48,SE21,inside
SE_480,SE23,inside
SE_481,SE32,inside
SE_482,SE21,inside
SE_483,SE31,nearest_5km
SE_484,SE31,inside
SE_485,SE12,inside
SE_486,SE12,inside
SE_487,SE31,inside
SE_488,SE23,inside
SE_489,SE22,inside
SE_49,SE21,inside
SE_490,SE31,inside
SE_491,SE12,inside
SE_492,SE31,inside
SE_493,SE31,inside
SE_494,SE12,inside
SE_495,SE33,inside
SE_496,SE31,inside
SE_497,SE33,inside
SE_498,SE33,inside
SE_499,SE33,inside
SE_5,SE11,inside
SE_50,SE11,inside
SE_500,SE23,inside
SE_501,SE22,inside
SE_502,SE23,inside
SE_503,SE23,inside
SE_504,SE12,inside
SE_505,SE21,inside
SE_506,SE33,nearest_5km
SE_507,SE22,inside
SE_508,SE32,inside
SE_509,SE31,inside
SE_51,SE12,inside
SE_510,SE12,inside
SE_511,SE22,inside
SE_512,SE22,inside
SE_513,SE23,inside
SE_514,SE31,inside
SE_515,SE31,inside
SE_516,SE23,inside
SE_517,SE31,inside
SE_518,SE21,inside
SE_519,SE12,inside
SE_52,SE31,inside
SE_520,SE12,inside
SE_521,SE22,inside
SE_522,SE21,inside
SE_523,SE21,inside
SE_524,SE11,inside
SE_525,SE22,inside
SE_526,SE33,inside
SE_527,SE32,inside
SE_528,SE22,inside
SE_529,SE31,inside
SE_53,SE33,inside
SE_530,SE31,inside
SE_531,SE31,inside
SE_532,SE11,inside
SE_533,SE11,inside
SE_534,SE31,inside
SE_535,SE31,inside
SE_536,SE31,inside
SE_537,SE31,inside
SE_538,SE11,inside
SE_539,SE22,nearest_5km
SE_54,SE31,inside
SE_540,SE22,inside
SE_541,SE31,inside
SE_542,SE31,inside
SE_543,SE31,inside
SE_544,SE31,inside
SE_545,SE31,inside
SE_546,SE22,inside
SE_547,SE21,inside
SE_548,SE23,inside
SE_549,SE31,inside
SE_55,SE31,inside
SE_550,SE12,inside
SE_551,SE12,inside
SE_552,SE12,inside
SE_553,SE11,nearest_5km
SE_554,SE11,nearest_5km
SE_555,SE11,inside
SE_556,SE11,nearest_5km
SE_557,SE11,nearest_5km
SE_558,SE21,inside
SE_559,SE21,nearest_5km
SE_56,SE31,inside
SE_560,SE33,inside
SE_561,SE23,inside
SE_562,SE23,inside
SE_563,SE23,inside
SE_564,SE31,inside
SE_565,SE31,inside
SE_566,SE31,inside
SE_567,SE31,inside
SE_568,SE31,inside
SE_569,SE31,inside
SE_57,SE23,inside
SE_570,SE12,inside
SE_571,SE12,inside
SE_572,SE12,inside
SE_573,SE32,inside
SE_574,SE32,inside
SE_575,SE22,inside
SE_576,SE22,inside
SE_577,SE32,inside
SE_578,SE32,inside
SE_579,SE32,inside
SE_58,SE23,inside
SE_580,SE32,inside
SE_581,SE32,inside
SE_582,SE21,inside
SE_583,SE21,inside
SE_584,SE21,inside
SE_585,SE21,inside
SE_586,SE21,inside
SE_587,SE21,inside
SE_588,SE12,inside
SE_589,SE31,inside
SE_59,SE23,inside
SE_590,SE23,inside
SE_591,SE22,inside
SE_592,SE22,inside
SE_593,SE22,inside
SE_594,SE22,inside
SE_595,SE22,inside
SE_596,SE23,inside
SE_597,SE12,inside
SE_598,SE22,inside
SE_599,SE22,inside
SE_6,SE11,inside
SE_60,SE23,inside
SE_600,SE23,inside
SE_601,SE12,inside
SE_602,SE12,inside
SE_603,SE12,inside
SE_604,SE21,inside
SE_605,SE21,inside
SE_606,SE21,inside
SE_607,SE21,inside
SE_608,SE21,inside
SE_609,SE21,inside
SE_61,SE23,inside
SE_610,SE21,inside
SE_611,SE31,inside
SE_612,SE22,inside
SE_613,SE22,inside
SE_614,SE33,inside
SE_615,SE23,inside
SE_616,SE12,inside
SE_617,SE12,inside
SE_618,SE23,inside
SE_619,SE23,inside
SE_62,SE22,inside
SE_620,SE23,inside
SE_621,SE23,inside
SE_622,SE11,inside
SE_623,SE11,inside
SE_624,SE11,inside
SE_625,SE21,inside
SE_626,SE21,inside
SE_627,SE21,inside
SE_628,SE21,inside
SE_629,SE22,inside
SE_63,SE22,inside
SE_630,SE22,inside
SE_631,SE22,inside
SE_632,SE22,inside
SE_633,SE22,inside
SE_634,SE21,inside
SE_635,SE21,inside
SE_636,SE21,inside
SE_637,SE21,inside
SE_638,SE21,inside
SE_639,SE22,inside
SE_64,SE22,inside
SE_640,SE22,inside
SE_641,SE22,inside
SE_642,SE31,inside
SE_643,SE12,inside
SE_644,SE23,inside
SE_645,SE23,inside
SE_646,SE33,inside
SE_647,SE33,inside
SE_648,SE33,inside
SE_649,SE32,inside
SE_65,SE31,inside
SE_650,SE12,inside
SE_651,SE12,inside
SE_652,SE12,inside
SE_653,SE12,inside
SE_654,SE12,inside
SE_655,SE22,inside
SE_656,SE12,inside
SE_657,SE21,inside
SE_658,SE23,inside
SE_659,SE21,inside
SE_66,SE12,inside
SE_660,SE12,inside
SE_661,SE12,inside
SE_662,SE12,inside
SE_663,SE12,inside
SE_664,SE12,inside
SE_665,SE12,inside
SE_666,SE21,inside
SE_667,SE23,inside
SE_668,SE23,inside
SE_669,SE23,inside
SE_67,SE23,inside
SE_670,SE23,inside
SE_671,SE23,inside
SE_672,SE23,inside
SE_673,SE11,inside
SE_674,SE11,inside
SE_675,SE23,inside
SE_676,SE22,inside
SE_677,SE23,inside
SE_678,SE31,inside
SE_679,SE23,inside
SE_68,SE23,inside
SE_680,SE21,inside
SE_681,SE21,inside
SE_682,SE21,inside
SE_683,SE21,inside
SE_684,SE21,inside
SE_685,SE21,inside
SE_686,SE21,inside
SE_687,SE21,inside
SE_688,SE12,inside
SE_689,SE12,inside
SE_69,SE23,inside
SE_690,SE31,inside
SE_691,SE31,inside
SE_692,SE22,inside
SE_693,SE22,inside
SE_695,SE22,inside
SE_696,SE22,inside
SE_697,SE22,inside
SE_698,SE11,inside
SE_699,SE32,inside
SE_7,SE11,inside
SE_70,SE12,inside
SE_700,SE21,inside
SE_701,SE21,inside
SE_702,SE11,inside
SE_703,SE33,inside
SE_704,SE31,inside
SE_705,SE22,inside
SE_706,SE21,nearest_5km
SE_707,SE32,inside
SE_708,SE23,inside
SE_709,SE12,inside
SE_71,SE12,inside
SE_710,SE21,inside
SE_711,SE23,inside
SE_712,SE23,inside
SE_713,SE21,inside
SE_714,SE12,inside
SE_715,SE12,inside
SE_716,SE32,inside
SE_717,SE21,nearest_5km
SE_718,SE22,inside
SE_719,SE22,inside
SE_72,SE12,inside
SE_720,SE22,inside
SE_721,SE22,inside
SE_722,SE31,inside
SE_723,SE31,inside
SE_724,SE31,inside
SE_725,SE21,inside
SE_726,SE12,inside
SE_727,SE12,inside
SE_728,SE12,inside
SE_729,SE12,inside
SE_73,SE23,inside
SE_730,SE22,inside
SE_731,SE22,inside
SE_732,SE12,inside
SE_733,SE12,inside
SE_735,SE22,inside
SE_736,SE12,inside
SE_74,SE23,inside
SE_744,SE33,inside
SE_745,SE21,inside
SE_746,SE11,inside
SE_747,SE11,inside
SE_748,SE11,inside
SE_749,SE11,inside
SE_75,SE23,inside
SE_750,SE22,inside
SE_751,SE31,inside
SE_752,SE12,inside
SE_753,SE22,nearest_5km
SE_754,SE23,inside
SE_755,SE21,inside
SE_756,SE33,inside
SE_757,SE33,inside
SE_758,SE33,inside
SE_759,SE11,inside
SE_76,SE23,inside
SE_760,SE11,inside
SE_761,SE31,inside
SE_762,SE33,inside
SE_763,SE33,inside
SE_764,SE33,inside
SE_765,SE33,inside
SE_766,SE33,inside
SE_767,SE22,inside
SE_768,SE22,inside
SE_769,SE22,inside
SE_77,SE31,inside
SE_770,SE12,inside
SE_771,SE32,inside
SE_772,SE32,inside
SE_773,SE22,inside
SE_774,SE22,nearest_5km
SE_775,SE33,inside
SE_776,SE23,inside
SE_777,SE22,inside
SE_778,SE31,inside
SE_779,SE22,inside
SE_78,SE12,inside
SE_780,SE23,inside
SE_781,SE33,inside
SE_782,SE22,inside
SE_783,SE31,inside
SE_784,SE23,inside
SE_785,SE23,inside
SE_786,SE32,inside
SE_787,SE32,inside
SE_788,SE12,inside
SE_789,SE12,inside
SE_79,SE22,inside
SE_790,SE22,inside
SE_791,SE12,inside
SE_792,SE22,nearest_5km
SE_793,SE22,inside
SE_794,SE23,inside
SE_795,SE22,inside
SE_796,SE22,inside
SE_797,SE22,inside
SE_798,SE22,inside
SE_799,SE21,inside
SE_8,SE11,inside
SE_80,SE21,inside
SE_800,SE21,inside
SE_81,SE12,inside
SE_812,SE32,inside
SE_813,SE33,inside
SE_815,SE22,inside
SE_816,SE22,nearest_5km
SE_817,SE22,nearest_5km
SE_818,SE33,inside
SE_819,SE31,inside
SE_82,SE12,inside
SE_820,SE21,inside
SE_823,SE21,inside
SE_824,SE21,inside
SE_825,SE21,inside
SE_826,SE21,inside
SE_827,SE23,inside
SE_828,SE23,inside
SE_829,SE31,inside
SE_83,SE11,nearest_5km
SE_830,SE22,inside
SE_831,SE31,inside
SE_832,SE23,inside
SE_833,SE33,inside
SE_834,SE11,inside
SE_835,SE31,inside
SE_836,SE31,inside
SE_838,SE22,inside
SE_839,SE23,inside
SE_84,SE21,inside
SE_840,SE21,inside
SE_841,SE21,inside
SE_842,SE21,inside
SE_843,SE21,inside
SE_844,SE21,inside
SE_845,SE23,inside
SE_846,SE11,inside
SE_847,SE31,inside
SE_848,SE21,inside
SE_849,SE33,inside
SE_85,SE21,inside
SE_850,SE31,inside
SE_851,SE22,nearest_5km
SE_854,SE22,inside
SE_855,SE22,inside
SE_856,SE22,inside
SE_857,SE11,inside
SE_858,SE11,inside
SE_859,SE22,inside
SE_86,SE21,inside
SE_860,SE22,inside
SE_87,SE21,inside
SE_88,SE21,inside
SE_89,SE11,inside
SE_9,SE11,inside
SE_90,SE31,inside
SE_91,SE21,inside
SE_92,SE21,nearest_5km
SE_93,SE21,inside
SE_94,SE11,inside
SE_95,SE11,inside
SE_96,SE32,inside
SE_97,SE33,inside
SE_98,SE31,inside
SE_99,SE31,inside
SI_1,SI04,inside
SI_10,SI04,inside
SI_100,SI04,inside
SI_11,SI03,inside
SI_12,SI03,inside
SI_13,SI04,inside
SI_14,SI04,inside
SI_15,SI03,inside
SI_16,SI03,inside
SI_17,SI03,inside
SI_18,SI04,inside
SI_19,SI03,inside
SI_2,SI03,inside
SI_20,SI03,inside
SI_201439,SI03,inside
SI_201483,SI03,inside
SI_201484,SI03,inside
SI_21,SI03,inside
SI_22,SI03,inside
SI_221386,SI04,inside
SI_23,SI03,inside
SI_24,SI03,inside
SI_25,SI03,inside
SI_26,SI03,inside
SI_27,SI04,inside
SI_28,SI04,inside
SI_29,SI03,inside
SI_3,SI03,inside
SI_30,SI04,inside
SI_31,SI03,inside
SI_32,SI04,inside
SI_33,AT22,inside
SI_34,SI03,inside
SI_35,SI04,inside
SI_36,SI04,inside
SI_37,SI04,inside
SI_38,SI03,inside
SI_39,SI03,inside
SI_4,SI03,inside
SI_40,SI03,inside
SI_41,SI04,inside
SI_42,SI04,inside
SI_43,SI04,inside
SI_44,SI03,inside
SI_45,SI04,inside
SI_46,SI04,inside
SI_47,SI04,inside
SI_48,SI03,inside
SI_49,SI03,inside
SI_5,SI04,inside
SI_50,SI04,inside
SI_51,SI03,inside
SI_52,SI03,inside
SI_53,SI04,inside
SI_54,SI03,inside
SI_55,SI03,inside
SI_56,SI03,inside
SI_57,SI03,inside
SI_58,SI03,inside
SI_59,SI03,inside
SI_6,SI03,inside
SI_60,SI03,inside
SI_61,SI03,inside
SI_62,SI03,inside
SI_63,SI03,inside
SI_64,SI03,inside
SI_65,SI03,inside
SI_66,SI04,inside
SI_67,SI03,inside
SI_68,SI03,inside
SI_69,SI04,inside
SI_7,SI04,inside
SI_70,SI03,inside
SI_71,SI04,inside
SI_72,SI04,inside
SI_73,SI03,inside
SI_74,SI03,inside
SI_75,SI04,inside
SI_76,SI03,inside
SI_77,SI03,inside
SI_78,SI03,inside
SI_79,SI03,inside
SI_8,SI03,inside
SI_80,SI03,inside
SI_81,SI03,inside
SI_82,SI04,inside
SI_83,SI03,inside
SI_84,SI03,inside
SI_85,SI04,inside
SI_86,SI03,inside
SI_87,SI03,inside
SI_88,SI03,inside
SI_89,SI04,inside
SI_9,SI03,inside
SI_90,SI04,inside
SI_91,SI03,inside
SI_92,SI03,inside
SI_93,SI03,inside
SI_94,SI04,inside
SI_95,SI03,inside
SI_96,SI03,inside
SI_97,SI03,inside
SI_98,SI03,inside
SI_99,SI04,inside
SK_1,SK03,inside
SK_10,SK01,inside
SK_100,SK02,inside
SK_101,SK03,inside
SK_102,SK02,inside
SK_103,SK03,inside
SK_104,SK01,inside
SK_105,SK03,inside
SK_106,SK02,inside
SK_107,SK03,inside
SK_108,SK02,inside
SK_109,SK04,inside
SK_11,SK01,inside
SK_110,SK02,inside
SK_111,SK02,inside
SK_112,SK02,inside
SK_113,SK02,inside
SK_114,SK02,inside
SK_115,SK03,inside
SK_116,SK03,inside
SK_117,SK03,inside
SK_118,SK03,inside
SK_119,SK03,inside
SK_12,SK03,inside
SK_120,SK01,inside
SK_121,SK02,inside
SK_122,SK03,inside
SK_123,SK03,inside
SK_124,SK03,inside
SK_125,SK01,inside
SK_126,SK02,inside
SK_127,SK04,inside
SK_128,SK04,inside
SK_129,SK03,inside
SK_13,SK03,inside
SK_130,SK04,inside
SK_131,SK04,inside
SK_132,SK02,inside
SK_133,SK04,inside
SK_134,SK04,inside
SK_135,SK02,inside
SK_136,SK02,inside
SK_137,SK02,inside
SK_138,SK03,inside
SK_139,SK03,inside
SK_14,SK04,inside
SK_140,SK01,inside
SK_141,SK02,inside
SK_143,SK02,inside
SK_144,SK04,inside
SK_145,SK04,inside
SK_146,SK02,inside
SK_147,SK02,inside
SK_148,SK02,inside
SK_149,SK03,inside
SK_15,SK02,inside
SK_150,SK04,inside
SK_151,SK03,inside
SK_152,SK02,inside
SK_153,SK04,inside
SK_154,SK01,inside
SK_155,SK04,inside
SK_156,SK04,inside
SK_157,SK03,inside
SK_158,SK02,inside
SK_159,SK02,inside
SK_16,SK04,inside
SK_160,SK02,inside
SK_161,SK03,inside
SK_162,SK03,inside
SK_163,SK03,inside
SK_164,SK01,inside
SK_165,SK04,inside
SK_166,SK04,inside
SK_167,SK03,inside
SK_168,SK03,inside
SK_169,SK04,inside
SK_17,SK02,inside
SK_170,SK02,inside
SK_171,SK03,inside
SK_172,SK02,inside
SK_173,SK04,inside
SK_174,SK03,inside
SK_175,SK04,inside
SK_176,SK01,inside
SK_177,SK03,inside
SK_178,SK03,inside
SK_179,SK02,inside
SK_18,SK03,inside
SK_180,SK02,inside
SK_181,SK03,inside
SK_182,SK02,inside
SK_183,SK02,inside
SK_184,SK02,inside
SK_185,SK04,inside
SK_186,SK03,inside
SK_187,SK01,inside
SK_188,SK01,inside
SK_189,SK03,inside
SK_19,SK04,inside
SK_190,SK03,inside
SK_191,SK02,inside
SK_192,SK03,inside
SK_193,SK03,inside
SK_194,SK02,inside
SK_195,SK03,inside
SK_196,SK01,inside
SK_197,SK04,inside
SK_198,SK02,inside
SK_199,SK04,inside
SK_20,SK04,inside
SK_200,SK01,inside
SK_201,SK02,inside
SK_202,SK03,inside
SK_203,SK02,inside
SK_203669,SK02,inside
SK_203671,SK02,inside
SK_203735,SK04,inside
SK_203784,SK04,inside
SK_203788,SK03,inside
SK_204,SK01,inside
SK_204154,SK02,inside
SK_204252,SK04,inside
SK_205,SK04,inside
SK_205067,SK03,inside
SK_205082,SK04,inside
SK_205173,SK02,inside
SK_205645,SK01,inside
SK_205795,SK02,inside
SK_206,SK02,inside
SK_206154,SK02,inside
SK_206184,SK03,inside
SK_206195,SK03,inside
SK_207,SK03,inside
SK_208904,SK04,inside
SK_21,SK02,inside
SK_212700,SK04,inside
SK_213440,SK02,inside
SK_213921,SK02,inside
SK_215600,SK03,inside
SK_22,SK01,inside
SK_221869,SK04,inside
SK_222671,SK02,inside
SK_23,SK01,inside
SK_24,SK01,inside
SK_25,SK01,inside
SK_26,SK01,inside
SK_27,SK01,inside
SK_28,SK01,inside
SK_29,SK01,inside
SK_3,SK02,inside
SK_30,SK01,inside
SK_31,SK01,inside
SK_32,SK01,inside
SK_33,SK01,inside
SK_34,SK01,inside
SK_35,SK01,inside
SK_36,SK01,inside
SK_37,SK01,inside
SK_38,SK01,inside
SK_39,SK01,inside
SK_4,SK03,inside
SK_40,SK01,inside
SK_41,SK01,inside
SK_42,SK02,inside
SK_43,SK03,inside
SK_44,SK02,inside
SK_45,SK02,inside
SK_46,SK03,inside
SK_47,SK04,inside
SK_48,SK03,inside
SK_49,SK02,inside
SK_5,SK03,inside
SK_50,SK01,inside
SK_51,SK01,inside
SK_52,SK03,inside
SK_53,SK03,inside
SK_54,SK02,inside
SK_55,SK02,inside
SK_56,SK02,inside
SK_57,SK01,inside
SK_58,SK02,inside
SK_59,SK03,inside
SK_6,SK02,inside
SK_61,SK04,inside
SK_62,SK04,inside
SK_63,SK03,inside
SK_64,SK03,inside
SK_65,SK02,inside
SK_66,HU21,inside
SK_67,SK04,inside
SK_68,SK03,inside
SK_69,SK04,inside
SK_7,SK03,inside
SK_70,SK03,inside
SK_71,SK02,inside
SK_72,SK01,inside
SK_73,SK02,inside
SK_74,SK03,inside
SK_75,SK03,inside
SK_76,SK02,inside
SK_77,SK03,inside
SK_78,SK02,inside
SK_79,SK03,inside
SK_8,SK03,inside
SK_80,SK01,inside
SK_81,SK03,inside
SK_82,SK02,inside
SK_83,SK02,inside
SK_84,SK02,inside
SK_85,SK01,inside
SK_86,SK02,inside
SK_87,SK01,inside
SK_88,SK04,inside
SK_89,SK02,inside
SK_9,SK01,inside
SK_90,SK02,inside
SK_91,SK02,inside
SK_92,SK02,inside
SK_93,SK02,inside
SK_94,SK02,inside
SK_95,SK01,inside
SK_96,SK03,inside
SK_97,SK01,inside
SK_98,SK03,inside
SK_99,SK03,inside
